rank,id,tick_net,m1_net,disc_m1_minus_tick,disc_pct,tick_dd_pct,m1_dd_pct,m1_net_nobonus,m1_bonus,m1_edge_fixed,m1_closed_lots,m1_winrate,tick_nofill,slm,entries,slgap,maxhold,delay,frac,lock2,final,rr1,rr2,rr3,bb,rsi_buy,rsi_sell
1,c015,-6737.38,46406.80666667987,53144.19,788.8,100.6,36.391754590632445,43046.71666668063,3360.0899999999833,6688.050000001756,1120.0300000000036,53.2701849345963,450,2.1,7,0.7,240,24,0.25,true,TP3,1,2.5,4,0.0006,70,30
2,c008,-18377.49,1125.5166666645528,19503.01,106.1,119.17,44.23150071402148,-1981.4033333348343,3106.9199999999714,1615.1466666646375,1035.639999999994,49.68400583373845,425,1.5,7,0.3,180,12,0.25,true,TP3,1,2.5,4,0.0008,70,30
