{
  "rank": 11,
  "candidate_id": "e8f04604221f8280",
  "filter_preset": "self_limit",
  "metrics": {
    "candidate_id": "e8f04604221f8280",
    "filter_preset": "self_limit",
    "passes_recommendation_gate": false,
    "passes_dd": false,
    "passes_edge": true,
    "passes_consistency": true,
    "passes_oos": true,
    "score": 10471.107499999365,
    "fixed_no_bonus_profit": 10918.619999999286,
    "fixed_with_bonus_profit": 11328.929999999309,
    "bonus_contribution": 410.31000000002314,
    "concurrent_risk_max_dd_pct": 88.92534031879943,
    "risk_net_profit_with_bonus": 19884988.849999007,
    "stable_months": 14,
    "total_months": 18,
    "stable_fraction": 0.7777777777777778,
    "worst_month_pnl": -833.320000000002,
    "oos_fixed_no_bonus_profit": 7915.389999999683
  },
  "monthly": [
    {
      "month": "2025-01",
      "signals": 446,
      "wins": 59,
      "losses": 54,
      "no_fills": 333,
      "open": 0,
      "pnl": 107.2300000000082,
      "trading_pnl": 107.2300000000082,
      "bonus": 0.0,
      "closed_lots": 2.9699999999999953,
      "equity_start": 1000.0,
      "equity_end": 1107.2300000000082,
      "win_rate_pct": 52.21238938053098,
      "pnl_pct": 10.723000000000821
    },
    {
      "month": "2025-02",
      "signals": 419,
      "wins": 102,
      "losses": 76,
      "no_fills": 241,
      "open": 0,
      "pnl": 467.9699999999484,
      "trading_pnl": 467.9699999999484,
      "bonus": 0.0,
      "closed_lots": 4.769999999999994,
      "equity_start": 1107.2300000000082,
      "equity_end": 1575.1999999999566,
      "win_rate_pct": 57.30337078651685,
      "pnl_pct": 42.26493140539409
    },
    {
      "month": "2025-03",
      "signals": 446,
      "wins": 114,
      "losses": 70,
      "no_fills": 262,
      "open": 0,
      "pnl": 408.720000000043,
      "trading_pnl": 408.720000000043,
      "bonus": 0.0,
      "closed_lots": 4.9099999999999895,
      "equity_start": 1575.1999999999566,
      "equity_end": 1983.9199999999996,
      "win_rate_pct": 61.95652173913043,
      "pnl_pct": 25.947181310313244
    },
    {
      "month": "2025-04",
      "signals": 459,
      "wins": 175,
      "losses": 133,
      "no_fills": 151,
      "open": 0,
      "pnl": 266.2500000000214,
      "trading_pnl": 266.2500000000214,
      "bonus": 0.0,
      "closed_lots": 8.86,
      "equity_start": 1983.9199999999996,
      "equity_end": 2250.170000000021,
      "win_rate_pct": 56.81818181818182,
      "pnl_pct": 13.420400016130763
    },
    {
      "month": "2025-05",
      "signals": 448,
      "wins": 166,
      "losses": 126,
      "no_fills": 156,
      "open": 0,
      "pnl": 600.2300000000737,
      "trading_pnl": 600.2300000000737,
      "bonus": 0.0,
      "closed_lots": 8.040000000000012,
      "equity_start": 2250.170000000021,
      "equity_end": 2850.4000000000947,
      "win_rate_pct": 56.849315068493155,
      "pnl_pct": 26.674873454008726
    },
    {
      "month": "2025-06",
      "signals": 440,
      "wins": 124,
      "losses": 123,
      "no_fills": 193,
      "open": 0,
      "pnl": -402.06999999999516,
      "trading_pnl": -402.06999999999516,
      "bonus": 0.0,
      "closed_lots": 6.890000000000004,
      "equity_start": 2850.4000000000947,
      "equity_end": 2448.3300000000995,
      "win_rate_pct": 50.20242914979757,
      "pnl_pct": -14.105739545326335
    },
    {
      "month": "2025-07",
      "signals": 471,
      "wins": 95,
      "losses": 99,
      "no_fills": 277,
      "open": 0,
      "pnl": -833.320000000002,
      "trading_pnl": -833.320000000002,
      "bonus": 0.0,
      "closed_lots": 5.249999999999993,
      "equity_start": 2448.3300000000995,
      "equity_end": 1615.0100000000975,
      "win_rate_pct": 48.96907216494845,
      "pnl_pct": -34.03626145168209
    },
    {
      "month": "2025-08",
      "signals": 454,
      "wins": 88,
      "losses": 94,
      "no_fills": 270,
      "open": 0,
      "pnl": -304.66000000005215,
      "trading_pnl": -304.66000000005215,
      "bonus": 0.0,
      "closed_lots": 4.949999999999992,
      "equity_start": 1615.0100000000975,
      "equity_end": 1310.3500000000454,
      "win_rate_pct": 48.35164835164835,
      "pnl_pct": -18.864279478147736
    },
    {
      "month": "2025-09",
      "signals": 469,
      "wins": 142,
      "losses": 112,
      "no_fills": 215,
      "open": 0,
      "pnl": 499.2199999999225,
      "trading_pnl": 499.2199999999225,
      "bonus": 0.0,
      "closed_lots": 6.940000000000006,
      "equity_start": 1310.3500000000454,
      "equity_end": 1809.5699999999679,
      "win_rate_pct": 55.90551181102362,
      "pnl_pct": 38.09821803334263
    },
    {
      "month": "2025-10",
      "signals": 479,
      "wins": 210,
      "losses": 125,
      "no_fills": 144,
      "open": 0,
      "pnl": 1355.109999999887,
      "trading_pnl": 1355.109999999887,
      "bonus": 0.0,
      "closed_lots": 9.699999999999982,
      "equity_start": 1809.5699999999679,
      "equity_end": 3164.6799999998548,
      "win_rate_pct": 62.68656716417911,
      "pnl_pct": 74.88574633752278
    },
    {
      "month": "2025-11",
      "signals": 433,
      "wins": 163,
      "losses": 129,
      "no_fills": 141,
      "open": 0,
      "pnl": 165.24999999986994,
      "trading_pnl": 165.24999999986994,
      "bonus": 0.0,
      "closed_lots": 8.480000000000006,
      "equity_start": 3164.6799999998548,
      "equity_end": 3329.9299999997247,
      "win_rate_pct": 55.821917808219176,
      "pnl_pct": 5.221696980417531
    },
    {
      "month": "2025-12",
      "signals": 459,
      "wins": 194,
      "losses": 121,
      "no_fills": 144,
      "open": 0,
      "pnl": 673.2999999998838,
      "trading_pnl": 673.2999999998838,
      "bonus": 0.0,
      "closed_lots": 8.919999999999995,
      "equity_start": 3329.9299999997247,
      "equity_end": 4003.2299999996085,
      "win_rate_pct": 61.58730158730159,
      "pnl_pct": 20.21964425678436
    },
    {
      "month": "2026-01",
      "signals": 447,
      "wins": 204,
      "losses": 116,
      "no_fills": 127,
      "open": 0,
      "pnl": 1366.1299999998892,
      "trading_pnl": 1366.1299999998892,
      "bonus": 0.0,
      "closed_lots": 9.259999999999991,
      "equity_start": 4003.2299999996085,
      "equity_end": 5369.359999999498,
      "win_rate_pct": 63.74999999999999,
      "pnl_pct": 34.1256935024973
    },
    {
      "month": "2026-02",
      "signals": 430,
      "wins": 256,
      "losses": 115,
      "no_fills": 59,
      "open": 0,
      "pnl": 2987.719999999892,
      "trading_pnl": 2987.719999999892,
      "bonus": 0.0,
      "closed_lots": 10.909999999999958,
      "equity_start": 5369.359999999498,
      "equity_end": 8357.079999999381,
      "win_rate_pct": 69.00269541778977,
      "pnl_pct": 55.643875620188844
    },
    {
      "month": "2026-03",
      "signals": 466,
      "wins": 260,
      "losses": 142,
      "no_fills": 64,
      "open": 0,
      "pnl": 1939.6399999999767,
      "trading_pnl": 1939.6399999999767,
      "bonus": 0.0,
      "closed_lots": 11.769999999999937,
      "equity_start": 8357.079999999381,
      "equity_end": 10364.329999999363,
      "win_rate_pct": 64.6766169154229,
      "pnl_pct": 23.209542088865014
    },
    {
      "month": "2026-04",
      "signals": 437,
      "wins": 215,
      "losses": 133,
      "no_fills": 89,
      "open": 0,
      "pnl": 829.119999999959,
      "trading_pnl": 829.119999999959,
      "bonus": 0.0,
      "closed_lots": 10.13999999999997,
      "equity_start": 10296.71999999936,
      "equity_end": 11132.669999999305,
      "win_rate_pct": 61.7816091954023,
      "pnl_pct": 8.052272956825188
    },
    {
      "month": "2026-05",
      "signals": 449,
      "wins": 204,
      "losses": 136,
      "no_fills": 109,
      "open": 0,
      "pnl": 825.2199999999875,
      "trading_pnl": 825.2199999999875,
      "bonus": 0.0,
      "closed_lots": 9.679999999999977,
      "equity_start": 11125.549999999304,