{
  "rank": 15,
  "candidate_id": "f3781547ef4d3d97",
  "filter_preset": "self_limit",
  "metrics": {
    "candidate_id": "f3781547ef4d3d97",
    "filter_preset": "self_limit",
    "passes_recommendation_gate": false,
    "passes_dd": false,
    "passes_edge": true,
    "passes_consistency": true,
    "passes_oos": true,
    "score": 7423.432499999728,
    "fixed_no_bonus_profit": 7423.229999999707,
    "fixed_with_bonus_profit": 7599.44999999955,
    "bonus_contribution": 176.2199999998429,
    "concurrent_risk_max_dd_pct": 95.86991567134197,
    "risk_net_profit_with_bonus": 3651131615948822.5,
    "stable_months": 15,
    "total_months": 18,
    "stable_fraction": 0.8333333333333334,
    "worst_month_pnl": -286.71000000000595,
    "oos_fixed_no_bonus_profit": 4949.629999999888
  },
  "monthly": [
    {
      "month": "2025-01",
      "signals": 446,
      "wins": 108,
      "losses": 83,
      "no_fills": 254,
      "open": 0,
      "pnl": 8.980000000009568,
      "trading_pnl": 8.980000000009568,
      "bonus": 0.0,
      "closed_lots": 1.9200000000000015,
      "equity_start": 1000.0,
      "equity_end": 1008.9800000000096,
      "win_rate_pct": 56.54450261780105,
      "pnl_pct": 0.8980000000009567
    },
    {
      "month": "2025-02",
      "signals": 419,
      "wins": 165,
      "losses": 90,
      "no_fills": 164,
      "open": 0,
      "pnl": 107.14999999997372,
      "trading_pnl": 107.14999999997372,
      "bonus": 0.0,
      "closed_lots": 2.5499999999999896,
      "equity_start": 1008.9800000000096,
      "equity_end": 1116.1299999999833,
      "win_rate_pct": 64.70588235294117,
      "pnl_pct": 10.619635671665712
    },
    {
      "month": "2025-03",
      "signals": 446,
      "wins": 170,
      "losses": 101,
      "no_fills": 175,
      "open": 0,
      "pnl": 65.69000000001506,
      "trading_pnl": 65.69000000001506,
      "bonus": 0.0,
      "closed_lots": 2.709999999999986,
      "equity_start": 1116.1299999999833,
      "equity_end": 1186.809999999999,
      "win_rate_pct": 62.73062730627307,
      "pnl_pct": 5.885515128167511
    },
    {
      "month": "2025-04",
      "signals": 459,
      "wins": 274,
      "losses": 94,
      "no_fills": 91,
      "open": 0,
      "pnl": 327.4000000000033,
      "trading_pnl": 327.4000000000033,
      "bonus": 0.0,
      "closed_lots": 3.6799999999999655,
      "equity_start": 1181.8199999999983,
      "equity_end": 1532.3500000000022,
      "win_rate_pct": 74.45652173913044,
      "pnl_pct": 27.703034303024467
    },
    {
      "month": "2025-05",
      "signals": 448,
      "wins": 240,
      "losses": 103,
      "no_fills": 105,
      "open": 0,
      "pnl": 212.27000000003682,
      "trading_pnl": 212.27000000003682,
      "bonus": 0.0,
      "closed_lots": 3.429999999999971,
      "equity_start": 1509.2200000000016,
      "equity_end": 1721.4900000000384,
      "win_rate_pct": 69.97084548104957,
      "pnl_pct": 14.064881196912085
    },
    {
      "month": "2025-06",
      "signals": 440,
      "wins": 188,
      "losses": 129,
      "no_fills": 123,
      "open": 0,
      "pnl": -52.71000000000322,
      "trading_pnl": -52.71000000000322,
      "bonus": 0.0,
      "closed_lots": 3.1699999999999764,
      "equity_start": 1721.4900000000384,
      "equity_end": 1668.7800000000352,
      "win_rate_pct": 59.305993690851736,
      "pnl_pct": -3.0618824390500112
    },
    {
      "month": "2025-07",
      "signals": 471,
      "wins": 133,
      "losses": 143,
      "no_fills": 194,
      "open": 0,
      "pnl": -286.71000000000595,
      "trading_pnl": -286.71000000000595,
      "bonus": 0.0,
      "closed_lots": 2.769999999999985,
      "equity_start": 1668.7800000000352,
      "equity_end": 1402.5200000000286,
      "win_rate_pct": 48.188405797101446,
      "pnl_pct": -17.18081472692625
    },
    {
      "month": "2025-08",
      "signals": 454,
      "wins": 145,
      "losses": 153,
      "no_fills": 156,
      "open": 0,
      "pnl": -72.53000000003385,
      "trading_pnl": -72.53000000003385,
      "bonus": 0.0,
      "closed_lots": 2.9799999999999804,
      "equity_start": 1374.2100000000296,
      "equity_end": 1309.5399999999954,
      "win_rate_pct": 48.65771812080537,
      "pnl_pct": -5.277941508214341
    },
    {
      "month": "2025-09",
      "signals": 469,
      "wins": 209,
      "losses": 104,
      "no_fills": 156,
      "open": 0,
      "pnl": 417.3299999999713,
      "trading_pnl": 417.3299999999713,
      "bonus": 0.0,
      "closed_lots": 3.1299999999999772,
      "equity_start": 1309.5399999999954,
      "equity_end": 1746.2599999999643,
      "win_rate_pct": 66.77316293929712,
      "pnl_pct": 31.868442353801544
    },
    {
      "month": "2025-10",
      "signals": 479,
      "wins": 327,
      "losses": 59,
      "no_fills": 93,
      "open": 0,
      "pnl": 865.3499999999508,
      "trading_pnl": 865.3499999999508,
      "bonus": 0.0,
      "closed_lots": 3.8599999999999617,
      "equity_start": 1726.8699999999667,
      "equity_end": 2592.2199999999175,
      "win_rate_pct": 84.71502590673575,
      "pnl_pct": 50.1108942769269
    },
    {
      "month": "2025-11",
      "signals": 433,
      "wins": 282,
      "losses": 69,
      "no_fills": 82,
      "open": 0,
      "pnl": 451.2199999999548,
      "trading_pnl": 451.2199999999548,
      "bonus": 0.0,
      "closed_lots": 3.509999999999969,
      "equity_start": 2592.2199999999175,
      "equity_end": 3043.4399999998723,
      "win_rate_pct": 80.34188034188034,
      "pnl_pct": 17.4067015916847
    },
    {
      "month": "2025-12",
      "signals": 459,
      "wins": 295,
      "losses": 86,
      "no_fills": 78,
      "open": 0,
      "pnl": 430.1599999999489,
      "trading_pnl": 430.1599999999489,
      "bonus": 0.0,
      "closed_lots": 3.8099999999999627,
      "equity_start": 3043.4399999998723,
      "equity_end": 3473.599999999821,
      "win_rate_pct": 77.42782152230971,
      "pnl_pct": 14.134006256077564
    },
    {
      "month": "2026-01",
      "signals": 447,
      "wins": 315,
      "losses": 53,
      "no_fills": 78,
      "open": 0,
      "pnl": 928.0799999999426,
      "trading_pnl": 928.0799999999426,
      "bonus": 0.0,
      "closed_lots": 3.6899999999999653,
      "equity_start": 3473.599999999821,
      "equity_end": 4401.679999999764,
      "win_rate_pct": 85.59782608695652,
      "pnl_pct": 26.718102257024135
    },
    {
      "month": "2026-02",
      "signals": 430,
      "wins": 342,
      "losses": 52,
      "no_fills": 36,
      "open": 0,
      "pnl": 1553.0799999999626,
      "trading_pnl": 1553.0799999999626,
      "bonus": 0.0,
      "closed_lots": 3.93999999999996,
      "equity_start": 4401.679999999764,
      "equity_end": 5954.7599999997265,
      "win_rate_pct": 86.80203045685279,
      "pnl_pct": 35.283800730631164
    },
    {
      "month": "2026-03",
      "signals": 466,
      "wins": 365,
      "losses": 59,
      "no_fills": 42,
      "open": 0,
      "pnl": 1107.539999999999,
      "trading_pnl": 1107.539999999999,
      "bonus": 0.0,
      "closed_lots": 4.239999999999954,
      "equity_start": 5954.7599999997265,
      "equity_end": 7083.0999999997275,
      "win_rate_pct": 86.08490566037736,
      "pnl_pct": 18.5992382564545
    },
    {
      "month": "2026-04",
      "signals": 437,
      "wins": 310,
      "losses": 78,
      "no_fills": 49,
      "open": 0,
      "pnl": 494.89999999999236,
      "trading_pnl": 494.89999999999236,
      "bonus": 0.0,
      "closed_lots": 3.8799999999999613,
      "equity_start": 7062.2999999997255,
      "equity_end": 7550.549999999717,
      "win_rate_pct": 79.89690721649485,
      "pnl_pct": 7.0076320745367875
    },
    {
      "month": "2026-05",
      "signals": 449,
      "wins": 306,
      "losses": 76,
      "no_fills": 67,
      "open": 0,
      "pnl": 623.329999999989,
      "trading_pnl": 623.329999999989,
      "bonus": 0.0,
      "closed_lots": 3.8199999999999625,