{
  "rank": 12,
  "candidate_id": "b4a4ef09328afcc0",
  "filter_preset": "self_limit",
  "metrics": {
    "candidate_id": "b4a4ef09328afcc0",
    "filter_preset": "self_limit",
    "passes_recommendation_gate": false,
    "passes_dd": false,
    "passes_edge": true,
    "passes_consistency": true,
    "passes_oos": true,
    "score": 10035.909999999752,
    "fixed_no_bonus_profit": 10088.279999999737,
    "fixed_with_bonus_profit": 10330.439999999973,
    "bonus_contribution": 242.16000000023632,
    "concurrent_risk_max_dd_pct": 67.78614051395847,
    "risk_net_profit_with_bonus": 1.236412345455632e+17,
    "stable_months": 15,
    "total_months": 18,
    "stable_fraction": 0.8333333333333334,
    "worst_month_pnl": -142.56999999999607,
    "oos_fixed_no_bonus_profit": 6516.039999999883
  },
  "monthly": [
    {
      "month": "2025-01",
      "signals": 446,
      "wins": 38,
      "losses": 77,
      "no_fills": 308,
      "open": 0,
      "pnl": -142.56999999999607,
      "trading_pnl": -142.56999999999607,
      "bonus": 0.0,
      "closed_lots": 1.5900000000000012,
      "equity_start": 1000.0,
      "equity_end": 857.4300000000039,
      "win_rate_pct": 33.04347826086956,
      "pnl_pct": -14.256999999999605
    },
    {
      "month": "2025-02",
      "signals": 419,
      "wins": 96,
      "losses": 72,
      "no_fills": 228,
      "open": 0,
      "pnl": 272.86999999998307,
      "trading_pnl": 272.86999999998307,
      "bonus": 0.0,
      "closed_lots": 2.5199999999999956,
      "equity_start": 857.4300000000039,
      "equity_end": 1130.299999999987,
      "win_rate_pct": 57.14285714285714,
      "pnl_pct": 31.824172235632275
    },
    {
      "month": "2025-03",
      "signals": 446,
      "wins": 100,
      "losses": 75,
      "no_fills": 240,
      "open": 0,
      "pnl": 317.99000000000797,
      "trading_pnl": 317.99000000000797,
      "bonus": 0.0,
      "closed_lots": 2.609999999999993,
      "equity_start": 1130.299999999987,
      "equity_end": 1448.289999999995,
      "win_rate_pct": 57.14285714285714,
      "pnl_pct": 28.13323896310817
    },
    {
      "month": "2025-04",
      "signals": 459,
      "wins": 153,
      "losses": 133,
      "no_fills": 129,
      "open": 0,
      "pnl": 311.0000000000032,
      "trading_pnl": 311.0000000000032,
      "bonus": 0.0,
      "closed_lots": 5.309999999999962,
      "equity_start": 1448.289999999995,
      "equity_end": 1759.2899999999981,
      "win_rate_pct": 53.4965034965035,
      "pnl_pct": 21.473599900572694
    },
    {
      "month": "2025-05",
      "signals": 448,
      "wins": 149,
      "losses": 115,
      "no_fills": 140,
      "open": 0,
      "pnl": 296.6300000000301,
      "trading_pnl": 296.6300000000301,
      "bonus": 0.0,
      "closed_lots": 4.649999999999974,
      "equity_start": 1759.2899999999981,
      "equity_end": 2055.9200000000283,
      "win_rate_pct": 56.439393939393945,
      "pnl_pct": 16.860779064283342
    },
    {
      "month": "2025-06",
      "signals": 440,
      "wins": 122,
      "losses": 109,
      "no_fills": 172,
      "open": 0,
      "pnl": 70.95000000000391,
      "trading_pnl": 70.95000000000391,
      "bonus": 0.0,
      "closed_lots": 3.8899999999999872,
      "equity_start": 2055.9200000000283,
      "equity_end": 2126.870000000032,
      "win_rate_pct": 52.81385281385281,
      "pnl_pct": 3.4510097669171436
    },
    {
      "month": "2025-07",
      "signals": 471,
      "wins": 85,
      "losses": 100,
      "no_fills": 265,
      "open": 0,
      "pnl": -136.85000000000127,
      "trading_pnl": -136.85000000000127,
      "bonus": 0.0,
      "closed_lots": 2.7399999999999936,
      "equity_start": 2126.870000000032,
      "equity_end": 1990.020000000031,
      "win_rate_pct": 45.94594594594595,
      "pnl_pct": -6.434337782751141
    },
    {
      "month": "2025-08",
      "signals": 454,
      "wins": 104,
      "losses": 98,
      "no_fills": 238,
      "open": 0,
      "pnl": -37.43000000002621,
      "trading_pnl": -37.43000000002621,
      "bonus": 0.0,
      "closed_lots": 2.809999999999994,
      "equity_start": 1990.020000000031,
      "equity_end": 1952.5900000000047,
      "win_rate_pct": 51.48514851485149,
      "pnl_pct": -1.8808856192412955
    },
    {
      "month": "2025-09",
      "signals": 469,
      "wins": 128,
      "losses": 106,
      "no_fills": 197,
      "open": 0,
      "pnl": 614.1599999999767,
      "trading_pnl": 614.1599999999767,
      "bonus": 0.0,
      "closed_lots": 3.9399999999999893,
      "equity_start": 1952.5900000000047,
      "equity_end": 2566.7499999999814,
      "win_rate_pct": 54.700854700854705,
      "pnl_pct": 31.4536077722397
    },
    {
      "month": "2025-10",
      "signals": 479,
      "wins": 189,
      "losses": 101,
      "no_fills": 127,
      "open": 0,
      "pnl": 1053.7699999999577,
      "trading_pnl": 1053.7699999999577,
      "bonus": 0.0,
      "closed_lots": 5.859999999999955,
      "equity_start": 2566.7499999999814,
      "equity_end": 3620.519999999939,
      "win_rate_pct": 65.17241379310344,
      "pnl_pct": 41.05464108308037
    },
    {
      "month": "2025-11",
      "signals": 433,
      "wins": 144,
      "losses": 102,
      "no_fills": 123,
      "open": 0,
      "pnl": 433.02999999996064,
      "trading_pnl": 433.02999999996064,
      "bonus": 0.0,
      "closed_lots": 5.059999999999972,
      "equity_start": 3620.519999999939,
      "equity_end": 4053.5499999998997,
      "win_rate_pct": 58.536585365853654,
      "pnl_pct": 11.960436622362753
    },
    {
      "month": "2025-12",
      "signals": 459,
      "wins": 173,
      "losses": 104,
      "no_fills": 125,
      "open": 0,
      "pnl": 518.6899999999459,
      "trading_pnl": 518.6899999999459,
      "bonus": 0.0,
      "closed_lots": 5.18999999999996,
      "equity_start": 4053.5499999998997,
      "equity_end": 4572.239999999845,
      "win_rate_pct": 62.454873646209386,
      "pnl_pct": 12.795944295739753
    },
    {
      "month": "2026-01",
      "signals": 447,
      "wins": 189,
      "losses": 91,
      "no_fills": 105,
      "open": 0,
      "pnl": 1317.7199999999502,
      "trading_pnl": 1317.7199999999502,
      "bonus": 0.0,
      "closed_lots": 5.719999999999958,
      "equity_start": 4572.239999999845,
      "equity_end": 5889.959999999795,
      "win_rate_pct": 67.5,
      "pnl_pct": 28.820009448322807
    },
    {
      "month": "2026-02",
      "signals": 430,
      "wins": 224,
      "losses": 106,
      "no_fills": 50,
      "open": 0,
      "pnl": 1942.1699999999637,
      "trading_pnl": 1942.1699999999637,
      "bonus": 0.0,
      "closed_lots": 6.909999999999937,
      "equity_start": 5889.959999999795,
      "equity_end": 7832.129999999759,
      "win_rate_pct": 67.87878787878789,
      "pnl_pct": 32.97424770287118
    },
    {
      "month": "2026-03",
      "signals": 466,
      "wins": 209,
      "losses": 127,
      "no_fills": 57,
      "open": 0,
      "pnl": 1576.0399999999854,
      "trading_pnl": 1576.0399999999854,
      "bonus": 0.0,
      "closed_lots": 7.359999999999925,
      "equity_start": 7832.129999999759,
      "equity_end": 9428.459999999759,
      "win_rate_pct": 62.202380952380956,
      "pnl_pct": 20.122750771501927
    },
    {
      "month": "2026-04",
      "signals": 437,
      "wins": 187,
      "losses": 121,
      "no_fills": 76,
      "open": 0,
      "pnl": 546.5799999999908,
      "trading_pnl": 546.5799999999908,
      "bonus": 0.0,
      "closed_lots": 6.12999999999995,
      "equity_start": 9408.169999999758,
      "equity_end": 9954.749999999747,
      "win_rate_pct": 60.71428571428571,
      "pnl_pct": 5.809631416099038
    },
    {
      "month": "2026-05",
      "signals": 449,
      "wins": 173,
      "losses": 124,
      "no_fills": 97,
      "open": 0,
      "pnl": 726.659999999998,
      "trading_pnl": 726.659999999998,
      "bonus": 0.0,
      "closed_lots": 5.809999999999956,