{
  "rank": 3,
  "candidate_id": "c943db887d793bdd",
  "filter_preset": "self_limit",
  "metrics": {
    "candidate_id": "c943db887d793bdd",
    "filter_preset": "self_limit",
    "passes_recommendation_gate": true,
    "passes_dd": true,
    "passes_edge": true,
    "passes_consistency": true,
    "passes_oos": true,
    "score": 8872.51472222193,
    "fixed_no_bonus_profit": 9775.539999999648,
    "fixed_with_bonus_profit": 10108.44999999968,
    "bonus_contribution": 332.9100000000326,
    "concurrent_risk_max_dd_pct": 30.88027298816896,
    "risk_net_profit_with_bonus": 7954936.38999993,
    "stable_months": 13,
    "total_months": 18,
    "stable_fraction": 0.7222222222222222,
    "worst_month_pnl": -166.74000000000433,
    "oos_fixed_no_bonus_profit": 7249.609999999844
  },
  "monthly": [
    {
      "month": "2025-01",
      "signals": 446,
      "wins": 36,
      "losses": 24,
      "no_fills": 372,
      "open": 0,
      "pnl": -58.14999999999236,
      "trading_pnl": -58.14999999999236,
      "bonus": 0.0,
      "closed_lots": 1.8200000000000014,
      "equity_start": 1000.0,
      "equity_end": 941.8500000000076,
      "win_rate_pct": 60.0,
      "pnl_pct": -5.814999999999236
    },
    {
      "month": "2025-02",
      "signals": 419,
      "wins": 84,
      "losses": 30,
      "no_fills": 292,
      "open": 0,
      "pnl": 245.6099999999724,
      "trading_pnl": 245.6099999999724,
      "bonus": 0.0,
      "closed_lots": 3.3399999999999923,
      "equity_start": 941.8500000000076,
      "equity_end": 1187.45999999998,
      "win_rate_pct": 73.68421052631578,
      "pnl_pct": 26.07740086000641
    },
    {
      "month": "2025-03",
      "signals": 446,
      "wins": 88,
      "losses": 27,
      "no_fills": 317,
      "open": 0,
      "pnl": 252.70000000000755,
      "trading_pnl": 252.70000000000755,
      "bonus": 0.0,
      "closed_lots": 3.229999999999993,
      "equity_start": 1187.45999999998,
      "equity_end": 1440.1599999999876,
      "win_rate_pct": 76.52173913043478,
      "pnl_pct": 21.28071682414665
    },
    {
      "month": "2025-04",
      "signals": 459,
      "wins": 173,
      "losses": 47,
      "no_fills": 192,
      "open": 0,
      "pnl": 290.05500000000484,
      "trading_pnl": 290.05500000000484,
      "bonus": 0.0,
      "closed_lots": 7.190000000000006,
      "equity_start": 1440.1599999999876,
      "equity_end": 1730.2149999999924,
      "win_rate_pct": 78.63636363636364,
      "pnl_pct": 20.140470503277925
    },
    {
      "month": "2025-05",
      "signals": 448,
      "wins": 133,
      "losses": 55,
      "no_fills": 217,
      "open": 0,
      "pnl": -37.36999999995942,
      "trading_pnl": -37.36999999995942,
      "bonus": 0.0,
      "closed_lots": 6.219999999999998,
      "equity_start": 1730.2149999999924,
      "equity_end": 1692.845000000033,
      "win_rate_pct": 70.74468085106383,
      "pnl_pct": -2.15984718661898
    },
    {
      "month": "2025-06",
      "signals": 440,
      "wins": 114,
      "losses": 52,
      "no_fills": 245,
      "open": 0,
      "pnl": -147.83999999999924,
      "trading_pnl": -147.83999999999924,
      "bonus": 0.0,
      "closed_lots": 4.939999999999992,
      "equity_start": 1692.845000000033,
      "equity_end": 1545.0050000000338,
      "win_rate_pct": 68.67469879518072,
      "pnl_pct": -8.733227200363668
    },
    {
      "month": "2025-07",
      "signals": 471,
      "wins": 69,
      "losses": 35,
      "no_fills": 348,
      "open": 0,
      "pnl": -166.74000000000433,
      "trading_pnl": -166.74000000000433,
      "bonus": 0.0,
      "closed_lots": 3.1699999999999933,
      "equity_start": 1545.0050000000338,
      "equity_end": 1378.2650000000294,
      "win_rate_pct": 66.34615384615384,
      "pnl_pct": -10.792198083501392
    },
    {
      "month": "2025-08",
      "signals": 454,
      "wins": 78,
      "losses": 40,
      "no_fills": 328,
      "open": 0,
      "pnl": 145.81999999997652,
      "trading_pnl": 145.81999999997652,
      "bonus": 0.0,
      "closed_lots": 3.179999999999994,
      "equity_start": 1378.2650000000294,
      "equity_end": 1524.085000000006,
      "win_rate_pct": 66.10169491525424,
      "pnl_pct": 10.579968293468484
    },
    {
      "month": "2025-09",
      "signals": 469,
      "wins": 120,
      "losses": 43,
      "no_fills": 275,
      "open": 0,
      "pnl": 455.524999999966,
      "trading_pnl": 455.524999999966,
      "bonus": 0.0,
      "closed_lots": 5.099999999999994,
      "equity_start": 1524.085000000006,
      "equity_end": 1979.609999999972,
      "win_rate_pct": 73.61963190184049,
      "pnl_pct": 29.888424858191254
    },
    {
      "month": "2025-10",
      "signals": 479,
      "wins": 193,
      "losses": 33,
      "no_fills": 180,
      "open": 0,
      "pnl": 1029.0299999999393,
      "trading_pnl": 1029.0299999999393,
      "bonus": 0.0,
      "closed_lots": 8.440000000000007,
      "equity_start": 1979.609999999972,
      "equity_end": 3008.639999999911,
      "win_rate_pct": 85.39823008849558,
      "pnl_pct": 51.98145089184
    },
    {
      "month": "2025-11",
      "signals": 433,
      "wins": 164,
      "losses": 33,
      "no_fills": 182,
      "open": 0,
      "pnl": 595.0699999999497,
      "trading_pnl": 595.0699999999497,
      "bonus": 0.0,
      "closed_lots": 7.08000000000001,
      "equity_start": 3008.639999999911,
      "equity_end": 3603.709999999861,
      "win_rate_pct": 83.24873096446701,
      "pnl_pct": 19.77870399914803
    },
    {
      "month": "2025-12",
      "signals": 459,
      "wins": 170,
      "losses": 43,
      "no_fills": 197,
      "open": 0,
      "pnl": -77.78000000005432,
      "trading_pnl": -77.78000000005432,
      "bonus": 0.0,
      "closed_lots": 7.190000000000003,
      "equity_start": 3603.709999999861,
      "equity_end": 3525.9299999998066,
      "win_rate_pct": 79.81220657276995,
      "pnl_pct": -2.1583312752706885
    },
    {
      "month": "2026-01",
      "signals": 447,
      "wins": 180,
      "losses": 26,
      "no_fills": 149,
      "open": 0,
      "pnl": 1466.319999999936,
      "trading_pnl": 1466.319999999936,
      "bonus": 0.0,
      "closed_lots": 8.300000000000006,
      "equity_start": 3525.9299999998066,
      "equity_end": 4992.249999999743,
      "win_rate_pct": 87.37864077669903,
      "pnl_pct": 41.58675867076251
    },
    {
      "month": "2026-02",
      "signals": 430,
      "wins": 214,
      "losses": 28,
      "no_fills": 91,
      "open": 0,
      "pnl": 2496.1199999999326,
      "trading_pnl": 2496.1199999999326,
      "bonus": 0.0,
      "closed_lots": 9.839999999999977,
      "equity_start": 4992.249999999743,
      "equity_end": 7488.369999999675,
      "win_rate_pct": 88.42975206611571,
      "pnl_pct": 49.999899844760606
    },
    {
      "month": "2026-03",
      "signals": 466,
      "wins": 219,
      "losses": 35,
      "no_fills": 97,
      "open": 0,
      "pnl": 1784.689999999996,
      "trading_pnl": 1784.689999999996,
      "bonus": 0.0,
      "closed_lots": 10.699999999999958,
      "equity_start": 7488.369999999675,
      "equity_end": 9273.059999999676,
      "win_rate_pct": 86.22047244094489,
      "pnl_pct": 23.83282343153548
    },
    {
      "month": "2026-04",
      "signals": 437,
      "wins": 181,
      "losses": 44,
      "no_fills": 120,
      "open": 0,
      "pnl": 482.5499999999847,
      "trading_pnl": 482.5499999999847,
      "bonus": 0.0,
      "closed_lots": 8.959999999999994,
      "equity_start": 9273.059999999676,
      "equity_end": 9755.609999999666,
      "win_rate_pct": 80.44444444444444,
      "pnl_pct": 5.203783864226065
    },
    {
      "month": "2026-05",
      "signals": 449,
      "wins": 179,
      "losses": 34,
      "no_fills": 141,
      "open": 0,
      "pnl": 790.5499999999929,
      "trading_pnl": 790.5499999999929,
      "bonus": 0.0,
      "closed_lots": 8.709999999999997,
      "equity_start": 9755.609999999666,