{
  "rank": 1,
  "candidate_id": "459c9cf43bdad985",
  "filter_preset": "self_limit",
  "metrics": {
    "candidate_id": "459c9cf43bdad985",
    "filter_preset": "self_limit",
    "passes_recommendation_gate": true,
    "passes_dd": true,
    "passes_edge": true,
    "passes_consistency": true,
    "passes_oos": true,
    "score": 17753.654166666114,
    "fixed_no_bonus_profit": 15891.35999999947,
    "fixed_with_bonus_profit": 16161.899999999368,
    "bonus_contribution": 270.539999999899,
    "concurrent_risk_max_dd_pct": 28.715504557049915,
    "risk_net_profit_with_bonus": 3997460527.8900347,
    "stable_months": 17,
    "total_months": 18,
    "stable_fraction": 0.9444444444444444,
    "worst_month_pnl": -320.21000000000095,
    "oos_fixed_no_bonus_profit": 10980.589999999786
  },
  "monthly": [
    {
      "month": "2025-01",
      "signals": 446,
      "wins": 39,
      "losses": 33,
      "no_fills": 372,
      "open": 0,
      "pnl": 129.5800000000072,
      "trading_pnl": 129.5800000000072,
      "bonus": 0.0,
      "closed_lots": 1.260000000000001,
      "equity_start": 1000.0,
      "equity_end": 1129.5800000000072,
      "win_rate_pct": 54.166666666666664,
      "pnl_pct": 12.95800000000072
    },
    {
      "month": "2025-02",
      "signals": 419,
      "wins": 76,
      "losses": 51,
      "no_fills": 292,
      "open": 0,
      "pnl": 239.3299999999781,
      "trading_pnl": 239.3299999999781,
      "bonus": 0.0,
      "closed_lots": 2.2499999999999996,
      "equity_start": 1129.5800000000072,
      "equity_end": 1368.9099999999853,
      "win_rate_pct": 59.84251968503938,
      "pnl_pct": 21.187521025511835
    },
    {
      "month": "2025-03",
      "signals": 446,
      "wins": 81,
      "losses": 48,
      "no_fills": 317,
      "open": 0,
      "pnl": 171.64000000000806,
      "trading_pnl": 171.64000000000806,
      "bonus": 0.0,
      "closed_lots": 2.1500000000000004,
      "equity_start": 1368.9099999999853,
      "equity_end": 1540.5499999999934,
      "win_rate_pct": 62.7906976744186,
      "pnl_pct": 12.5384429947922
    },
    {
      "month": "2025-04",
      "signals": 459,
      "wins": 187,
      "losses": 80,
      "no_fills": 192,
      "open": 0,
      "pnl": 521.570000000012,
      "trading_pnl": 521.570000000012,
      "bonus": 0.0,
      "closed_lots": 5.739999999999985,
      "equity_start": 1540.5499999999934,
      "equity_end": 2062.1200000000053,
      "win_rate_pct": 70.0374531835206,
      "pnl_pct": 33.85609035734083
    },
    {
      "month": "2025-05",
      "signals": 448,
      "wins": 148,
      "losses": 83,
      "no_fills": 217,
      "open": 0,
      "pnl": 414.2500000000491,
      "trading_pnl": 414.2500000000491,
      "bonus": 0.0,
      "closed_lots": 4.58999999999998,
      "equity_start": 2062.1200000000053,
      "equity_end": 2476.3700000000545,
      "win_rate_pct": 64.06926406926407,
      "pnl_pct": 20.088549647937466
    },
    {
      "month": "2025-06",
      "signals": 440,
      "wins": 126,
      "losses": 69,
      "no_fills": 245,
      "open": 0,
      "pnl": 159.11999999999625,
      "trading_pnl": 159.11999999999625,
      "bonus": 0.0,
      "closed_lots": 3.709999999999988,
      "equity_start": 2476.3700000000545,
      "equity_end": 2635.4900000000507,
      "win_rate_pct": 64.61538461538461,
      "pnl_pct": 6.425534148773922
    },
    {
      "month": "2025-07",
      "signals": 471,
      "wins": 53,
      "losses": 70,
      "no_fills": 348,
      "open": 0,
      "pnl": -320.21000000000095,
      "trading_pnl": -320.21000000000095,
      "bonus": 0.0,
      "closed_lots": 2.0800000000000005,
      "equity_start": 2635.4900000000507,
      "equity_end": 2315.2800000000498,
      "win_rate_pct": 43.08943089430895,
      "pnl_pct": -12.149922784757097
    },
    {
      "month": "2025-08",
      "signals": 454,
      "wins": 71,
      "losses": 55,
      "no_fills": 328,
      "open": 0,
      "pnl": 38.49999999997908,
      "trading_pnl": 38.49999999997908,
      "bonus": 0.0,
      "closed_lots": 2.209999999999999,
      "equity_start": 2315.2800000000498,
      "equity_end": 2353.780000000029,
      "win_rate_pct": 56.34920634920635,
      "pnl_pct": 1.662865830481767
    },
    {
      "month": "2025-09",
      "signals": 469,
      "wins": 119,
      "losses": 75,
      "no_fills": 275,
      "open": 0,
      "pnl": 462.5399999999581,
      "trading_pnl": 462.5399999999581,
      "bonus": 0.0,
      "closed_lots": 3.6099999999999888,
      "equity_start": 2353.780000000029,
      "equity_end": 2816.319999999987,
      "win_rate_pct": 61.34020618556701,
      "pnl_pct": 19.65094443830572
    },
    {
      "month": "2025-10",
      "signals": 479,
      "wins": 216,
      "losses": 83,
      "no_fills": 180,
      "open": 0,
      "pnl": 1508.7599999998915,
      "trading_pnl": 1508.7599999998915,
      "bonus": 0.0,
      "closed_lots": 7.31,
      "equity_start": 2816.319999999987,
      "equity_end": 4325.079999999876,
      "win_rate_pct": 72.24080267558529,
      "pnl_pct": 53.572037268488614
    },
    {
      "month": "2025-11",
      "signals": 433,
      "wins": 169,
      "losses": 82,
      "no_fills": 182,
      "open": 0,
      "pnl": 835.8299999998922,
      "trading_pnl": 835.8299999998922,
      "bonus": 0.0,
      "closed_lots": 5.869999999999989,
      "equity_start": 4325.079999999876,
      "equity_end": 5160.9099999997725,
      "win_rate_pct": 67.33067729083665,
      "pnl_pct": 19.325191672753245
    },
    {
      "month": "2025-12",
      "signals": 459,
      "wins": 183,
      "losses": 79,
      "no_fills": 197,
      "open": 0,
      "pnl": 749.8599999999096,
      "trading_pnl": 749.8599999999096,
      "bonus": 0.0,
      "closed_lots": 5.5499999999999865,
      "equity_start": 5160.9099999997725,
      "equity_end": 5910.769999999682,
      "win_rate_pct": 69.8473282442748,
      "pnl_pct": 14.52960815049948
    },
    {
      "month": "2026-01",
      "signals": 447,
      "wins": 237,
      "losses": 61,
      "no_fills": 149,
      "open": 0,
      "pnl": 2172.5999999998985,
      "trading_pnl": 2172.5999999998985,
      "bonus": 0.0,
      "closed_lots": 7.2,
      "equity_start": 5910.769999999682,
      "equity_end": 8083.369999999581,
      "win_rate_pct": 79.53020134228188,
      "pnl_pct": 36.75663238461343
    },
    {
      "month": "2026-02",
      "signals": 430,
      "wins": 256,
      "losses": 83,
      "no_fills": 91,
      "open": 0,
      "pnl": 3590.7999999998983,
      "trading_pnl": 3590.7999999998983,
      "bonus": 0.0,
      "closed_lots": 9.069999999999983,
      "equity_start": 8083.369999999581,
      "equity_end": 11674.16999999948,
      "win_rate_pct": 75.51622418879056,
      "pnl_pct": 44.42206653908066
    },
    {
      "month": "2026-03",
      "signals": 466,
      "wins": 253,
      "losses": 116,
      "no_fills": 97,
      "open": 0,
      "pnl": 2661.9399999999814,
      "trading_pnl": 2661.9399999999814,
      "bonus": 0.0,
      "closed_lots": 9.789999999999969,
      "equity_start": 11674.16999999948,
      "equity_end": 14336.109999999457,
      "win_rate_pct": 68.56368563685636,
      "pnl_pct": 22.801963651378212
    },
    {
      "month": "2026-04",
      "signals": 437,
      "wins": 219,
      "losses": 98,
      "no_fills": 120,
      "open": 0,
      "pnl": 832.20999999998,
      "trading_pnl": 832.20999999998,
      "bonus": 0.0,
      "closed_lots": 7.619999999999985,
      "equity_start": 14336.109999999457,
      "equity_end": 15168.319999999456,
      "win_rate_pct": 69.08517350157729,
      "pnl_pct": 5.80499173067179
    },
    {
      "month": "2026-05",
      "signals": 449,
      "wins": 230,
      "losses": 78,
      "no_fills": 141,
      "open": 0,
      "pnl": 1483.4299999999866,
      "trading_pnl": 1483.4299999999866,
      "bonus": 0.0,
      "closed_lots": 7.159999999999987,
      "equity_start": 15168.319999999456,
      "equity_end": 16651.749999999436,