{
  "rank": 5,
  "candidate_id": "64173564b2c411b1",
  "filter_preset": "self_limit",
  "metrics": {
    "candidate_id": "64173564b2c411b1",
    "filter_preset": "self_limit",
    "passes_recommendation_gate": false,
    "passes_dd": false,
    "passes_edge": true,
    "passes_consistency": true,
    "passes_oos": true,
    "score": 20310.73305555473,
    "fixed_no_bonus_profit": 19392.159999999178,
    "fixed_with_bonus_profit": 19869.099999998813,
    "bonus_contribution": 476.9399999996349,
    "concurrent_risk_max_dd_pct": 68.76900985653872,
    "risk_net_profit_with_bonus": 409383419.83999777,
    "stable_months": 16,
    "total_months": 18,
    "stable_fraction": 0.8888888888888888,
    "worst_month_pnl": -804.9700000000066,
    "oos_fixed_no_bonus_profit": 12293.029999999628
  },
  "monthly": [
    {
      "month": "2025-01",
      "signals": 446,
      "wins": 82,
      "losses": 87,
      "no_fills": 277,
      "open": 0,
      "pnl": 29.960000000027776,
      "trading_pnl": 29.960000000027776,
      "bonus": 0.0,
      "closed_lots": 4.559999999999991,
      "equity_start": 1000.0,
      "equity_end": 1029.9600000000278,
      "win_rate_pct": 48.5207100591716,
      "pnl_pct": 2.9960000000027778
    },
    {
      "month": "2025-02",
      "signals": 419,
      "wins": 141,
      "losses": 88,
      "no_fills": 190,
      "open": 0,
      "pnl": 795.2099999999209,
      "trading_pnl": 795.2099999999209,
      "bonus": 0.0,
      "closed_lots": 6.430000000000003,
      "equity_start": 1029.9600000000278,
      "equity_end": 1825.1699999999487,
      "win_rate_pct": 61.572052401746724,
      "pnl_pct": 77.20785273213518
    },
    {
      "month": "2025-03",
      "signals": 446,
      "wins": 164,
      "losses": 79,
      "no_fills": 203,
      "open": 0,
      "pnl": 629.9800000000387,
      "trading_pnl": 629.9800000000387,
      "bonus": 0.0,
      "closed_lots": 6.670000000000003,
      "equity_start": 1825.1699999999487,
      "equity_end": 2459.5899999999883,
      "win_rate_pct": 67.48971193415639,
      "pnl_pct": 34.516236843694365
    },
    {
      "month": "2025-04",
      "signals": 459,
      "wins": 248,
      "losses": 102,
      "no_fills": 109,
      "open": 0,
      "pnl": 790.560000000014,
      "trading_pnl": 790.560000000014,
      "bonus": 0.0,
      "closed_lots": 10.10999999999997,
      "equity_start": 2455.1499999999874,
      "equity_end": 3266.760000000001,
      "win_rate_pct": 70.85714285714285,
      "pnl_pct": 32.2000692422059
    },
    {
      "month": "2025-05",
      "signals": 448,
      "wins": 211,
      "losses": 114,
      "no_fills": 123,
      "open": 0,
      "pnl": 754.3600000001038,
      "trading_pnl": 754.3600000001038,
      "bonus": 0.0,
      "closed_lots": 9.299999999999985,
      "equity_start": 3245.7100000000014,
      "equity_end": 4000.070000000105,
      "win_rate_pct": 64.92307692307693,
      "pnl_pct": 23.2417560410543
    },
    {
      "month": "2025-06",
      "signals": 440,
      "wins": 198,
      "losses": 100,
      "no_fills": 142,
      "open": 0,
      "pnl": 457.5200000000027,
      "trading_pnl": 457.5200000000027,
      "bonus": 0.0,
      "closed_lots": 8.480000000000002,
      "equity_start": 4000.070000000105,
      "equity_end": 4457.590000000106,
      "win_rate_pct": 66.44295302013423,
      "pnl_pct": 11.437799838502594
    },
    {
      "month": "2025-07",
      "signals": 471,
      "wins": 128,
      "losses": 123,
      "no_fills": 220,
      "open": 0,
      "pnl": -804.9700000000066,
      "trading_pnl": -804.9700000000066,
      "bonus": 0.0,
      "closed_lots": 7.1100000000000065,
      "equity_start": 4457.590000000106,
      "equity_end": 3682.930000000103,
      "win_rate_pct": 50.99601593625498,
      "pnl_pct": -18.05841272974831
    },
    {
      "month": "2025-08",
      "signals": 454,
      "wins": 145,
      "losses": 123,
      "no_fills": 186,
      "open": 0,
      "pnl": -391.08000000006086,
      "trading_pnl": -391.08000000006086,
      "bonus": 0.0,
      "closed_lots": 7.19,
      "equity_start": 3647.070000000103,
      "equity_end": 3261.5400000000423,
      "win_rate_pct": 54.1044776119403,
      "pnl_pct": -10.723128429123923
    },
    {
      "month": "2025-09",
      "signals": 469,
      "wins": 188,
      "losses": 105,
      "no_fills": 176,
      "open": 0,
      "pnl": 534.4099999999089,
      "trading_pnl": 534.4099999999089,
      "bonus": 0.0,
      "closed_lots": 8.18000000000001,
      "equity_start": 3261.5400000000423,
      "equity_end": 3832.569999999948,
      "win_rate_pct": 64.16382252559727,
      "pnl_pct": 16.385204535277875
    },
    {
      "month": "2025-10",
      "signals": 479,
      "wins": 287,
      "losses": 83,
      "no_fills": 109,
      "open": 0,
      "pnl": 2005.8399999998533,
      "trading_pnl": 2005.8399999998533,
      "bonus": 0.0,
      "closed_lots": 10.839999999999959,
      "equity_start": 3795.9499999999503,
      "equity_end": 5801.789999999806,
      "win_rate_pct": 77.56756756756756,
      "pnl_pct": 52.84158115886351
    },
    {
      "month": "2025-11",
      "signals": 433,
      "wins": 241,
      "losses": 93,
      "no_fills": 99,
      "open": 0,
      "pnl": 890.2299999998631,
      "trading_pnl": 890.2299999998631,
      "bonus": 0.0,
      "closed_lots": 9.659999999999984,
      "equity_start": 5801.789999999806,
      "equity_end": 6692.019999999667,
      "win_rate_pct": 72.15568862275448,
      "pnl_pct": 15.344057609804782
    },
    {
      "month": "2025-12",
      "signals": 459,
      "wins": 274,
      "losses": 90,
      "no_fills": 95,
      "open": 0,
      "pnl": 1407.1099999998487,
      "trading_pnl": 1407.1099999998487,
      "bonus": 0.0,
      "closed_lots": 10.339999999999964,
      "equity_start": 6692.019999999667,
      "equity_end": 8099.129999999515,
      "win_rate_pct": 75.27472527472527,
      "pnl_pct": 21.026685514985292
    },
    {
      "month": "2026-01",
      "signals": 447,
      "wins": 284,
      "losses": 65,
      "no_fills": 98,
      "open": 0,
      "pnl": 2429.8299999998344,
      "trading_pnl": 2429.8299999998344,
      "bonus": 0.0,
      "closed_lots": 10.039999999999973,
      "equity_start": 8099.129999999515,
      "equity_end": 10528.959999999352,
      "win_rate_pct": 81.37535816618912,
      "pnl_pct": 30.001123577470416
    },
    {
      "month": "2026-02",
      "signals": 430,
      "wins": 315,
      "losses": 71,
      "no_fills": 44,
      "open": 0,
      "pnl": 3514.2399999998797,
      "trading_pnl": 3514.2399999998797,
      "bonus": 0.0,
      "closed_lots": 11.379999999999947,
      "equity_start": 10528.959999999352,
      "equity_end": 14043.19999999923,
      "win_rate_pct": 81.60621761658031,
      "pnl_pct": 33.376895723795094
    },
    {
      "month": "2026-03",
      "signals": 466,
      "wins": 332,
      "losses": 83,
      "no_fills": 51,
      "open": 0,
      "pnl": 2735.519999999965,
      "trading_pnl": 2735.519999999965,
      "bonus": 0.0,
      "closed_lots": 12.259999999999927,
      "equity_start": 14043.19999999923,
      "equity_end": 16869.61999999919,
      "win_rate_pct": 80.0,
      "pnl_pct": 19.47932095249028
    },
    {
      "month": "2026-04",
      "signals": 437,
      "wins": 281,
      "losses": 95,
      "no_fills": 61,
      "open": 0,
      "pnl": 1254.0899999999774,
      "trading_pnl": 1254.0899999999774,
      "bonus": 0.0,
      "closed_lots": 11.029999999999955,
      "equity_start": 16778.719999999186,
      "equity_end": 18067.949999999175,
      "win_rate_pct": 74.7340425531915,
      "pnl_pct": 7.474288861129086
    },
    {
      "month": "2026-05",
      "signals": 449,
      "wins": 286,
      "losses": 83,
      "no_fills": 80,
      "open": 0,
      "pnl": 1359.2899999999809,
      "trading_pnl": 1359.2899999999809,
      "bonus": 0.0,
      "closed_lots": 10.69999999999996,
      "equity_start": 18016.939999999177,