{
  "rank": 2,
  "candidate_id": "26d667c3ddd88f0d",
  "filter_preset": "self_limit",
  "metrics": {
    "candidate_id": "26d667c3ddd88f0d",
    "filter_preset": "self_limit",
    "passes_recommendation_gate": true,
    "passes_dd": true,
    "passes_edge": true,
    "passes_consistency": true,
    "passes_oos": true,
    "score": 14838.140555555048,
    "fixed_no_bonus_profit": 13962.459999999493,
    "fixed_with_bonus_profit": 14186.229999999428,
    "bonus_contribution": 223.76999999993495,
    "concurrent_risk_max_dd_pct": 33.92623653005354,
    "risk_net_profit_with_bonus": 19562648454.459866,
    "stable_months": 16,
    "total_months": 18,
    "stable_fraction": 0.8888888888888888,
    "worst_month_pnl": -263.14000000000215,
    "oos_fixed_no_bonus_profit": 9708.259999999773
  },
  "monthly": [
    {
      "month": "2025-01",
      "signals": 446,
      "wins": 40,
      "losses": 33,
      "no_fills": 372,
      "open": 0,
      "pnl": 94.19000000000506,
      "trading_pnl": 94.19000000000506,
      "bonus": 0.0,
      "closed_lots": 1.2700000000000007,
      "equity_start": 1000.0,
      "equity_end": 1094.190000000005,
      "win_rate_pct": 54.794520547945204,
      "pnl_pct": 9.419000000000507
    },
    {
      "month": "2025-02",
      "signals": 419,
      "wins": 73,
      "losses": 56,
      "no_fills": 290,
      "open": 0,
      "pnl": 153.84999999997171,
      "trading_pnl": 153.84999999997171,
      "bonus": 0.0,
      "closed_lots": 2.2600000000000007,
      "equity_start": 1094.190000000005,
      "equity_end": 1248.0399999999768,
      "win_rate_pct": 56.58914728682171,
      "pnl_pct": 14.060629323972162
    },
    {
      "month": "2025-03",
      "signals": 446,
      "wins": 74,
      "losses": 56,
      "no_fills": 316,
      "open": 0,
      "pnl": 101.63000000002057,
      "trading_pnl": 101.63000000002057,
      "bonus": 0.0,
      "closed_lots": 2.2100000000000013,
      "equity_start": 1248.0399999999768,
      "equity_end": 1349.6699999999973,
      "win_rate_pct": 56.92307692307692,
      "pnl_pct": 8.14316848819128
    },
    {
      "month": "2025-04",
      "signals": 459,
      "wins": 180,
      "losses": 87,
      "no_fills": 192,
      "open": 0,
      "pnl": 801.8800000000087,
      "trading_pnl": 801.8800000000087,
      "bonus": 0.0,
      "closed_lots": 4.849999999999981,
      "equity_start": 1349.6699999999973,
      "equity_end": 2151.550000000006,
      "win_rate_pct": 67.41573033707866,
      "pnl_pct": 59.41304170649199
    },
    {
      "month": "2025-05",
      "signals": 448,
      "wins": 142,
      "losses": 89,
      "no_fills": 216,
      "open": 0,
      "pnl": 433.0600000000518,
      "trading_pnl": 433.0600000000518,
      "bonus": 0.0,
      "closed_lots": 4.159999999999993,
      "equity_start": 2151.550000000006,
      "equity_end": 2584.610000000058,
      "win_rate_pct": 61.471861471861466,
      "pnl_pct": 20.127814831170575
    },
    {
      "month": "2025-06",
      "signals": 440,
      "wins": 117,
      "losses": 82,
      "no_fills": 241,
      "open": 0,
      "pnl": 103.00999999998976,
      "trading_pnl": 103.00999999998976,
      "bonus": 0.0,
      "closed_lots": 3.379999999999998,
      "equity_start": 2584.610000000058,
      "equity_end": 2687.6200000000476,
      "win_rate_pct": 58.79396984924623,
      "pnl_pct": 3.9855142555351657
    },
    {
      "month": "2025-07",
      "signals": 471,
      "wins": 53,
      "losses": 72,
      "no_fills": 345,
      "open": 0,
      "pnl": -263.14000000000215,
      "trading_pnl": -263.14000000000215,
      "bonus": 0.0,
      "closed_lots": 2.1400000000000015,
      "equity_start": 2687.6200000000476,
      "equity_end": 2424.4800000000455,
      "win_rate_pct": 42.4,
      "pnl_pct": -9.790818642516333
    },
    {
      "month": "2025-08",
      "signals": 454,
      "wins": 61,
      "losses": 70,
      "no_fills": 323,
      "open": 0,
      "pnl": -3.250000000021828,
      "trading_pnl": -3.250000000021828,
      "bonus": 0.0,
      "closed_lots": 2.2200000000000006,
      "equity_start": 2424.4800000000455,
      "equity_end": 2421.2300000000237,
      "win_rate_pct": 46.56488549618321,
      "pnl_pct": -0.13404936316330787
    },
    {
      "month": "2025-09",
      "signals": 469,
      "wins": 122,
      "losses": 75,
      "no_fills": 272,
      "open": 0,
      "pnl": 424.8399999999665,
      "trading_pnl": 424.8399999999665,
      "bonus": 0.0,
      "closed_lots": 3.4699999999999984,
      "equity_start": 2421.2300000000237,
      "equity_end": 2846.06999999999,
      "win_rate_pct": 61.92893401015228,
      "pnl_pct": 17.546453661980166
    },
    {
      "month": "2025-10",
      "signals": 479,
      "wins": 199,
      "losses": 99,
      "no_fills": 181,
      "open": 0,
      "pnl": 1172.33999999991,
      "trading_pnl": 1172.33999999991,
      "bonus": 0.0,
      "closed_lots": 5.639999999999965,
      "equity_start": 2846.06999999999,
      "equity_end": 4018.4099999999003,
      "win_rate_pct": 66.77852348993288,
      "pnl_pct": 41.19153780475934
    },
    {
      "month": "2025-11",
      "signals": 433,
      "wins": 161,
      "losses": 91,
      "no_fills": 181,
      "open": 0,
      "pnl": 743.3699999999117,
      "trading_pnl": 743.3699999999117,
      "bonus": 0.0,
      "closed_lots": 4.7699999999999845,
      "equity_start": 4018.4099999999003,
      "equity_end": 4761.779999999816,
      "win_rate_pct": 63.888888888888886,
      "pnl_pct": 18.499107856090596
    },
    {
      "month": "2025-12",
      "signals": 459,
      "wins": 173,
      "losses": 92,
      "no_fills": 194,
      "open": 0,
      "pnl": 492.4199999999055,
      "trading_pnl": 492.4199999999055,
      "bonus": 0.0,
      "closed_lots": 4.82999999999998,
      "equity_start": 4761.779999999816,
      "equity_end": 5254.1999999997215,
      "win_rate_pct": 65.28301886792453,
      "pnl_pct": 10.341090936580953
    },
    {
      "month": "2026-01",
      "signals": 447,
      "wins": 211,
      "losses": 81,
      "no_fills": 155,
      "open": 0,
      "pnl": 1930.3999999999141,
      "trading_pnl": 1930.3999999999141,
      "bonus": 0.0,
      "closed_lots": 5.479999999999968,
      "equity_start": 5254.1999999997215,
      "equity_end": 7184.599999999636,
      "win_rate_pct": 72.26027397260275,
      "pnl_pct": 36.740131704160795
    },
    {
      "month": "2026-02",
      "signals": 430,
      "wins": 234,
      "losses": 104,
      "no_fills": 92,
      "open": 0,
      "pnl": 2624.899999999906,
      "trading_pnl": 2624.899999999906,
      "bonus": 0.0,
      "closed_lots": 6.579999999999947,
      "equity_start": 7184.599999999636,
      "equity_end": 9809.499999999549,
      "win_rate_pct": 69.23076923076923,
      "pnl_pct": 36.53508894023382
    },
    {
      "month": "2026-03",
      "signals": 466,
      "wins": 249,
      "losses": 120,
      "no_fills": 97,
      "open": 0,
      "pnl": 2476.779999999979,
      "trading_pnl": 2476.779999999979,
      "bonus": 0.0,
      "closed_lots": 7.099999999999935,
      "equity_start": 9809.499999999549,
      "equity_end": 12286.279999999522,
      "win_rate_pct": 67.47967479674797,
      "pnl_pct": 25.248789438810267
    },
    {
      "month": "2026-04",
      "signals": 437,
      "wins": 213,
      "losses": 102,
      "no_fills": 122,
      "open": 0,
      "pnl": 1197.6799999999803,
      "trading_pnl": 1197.6799999999803,
      "bonus": 0.0,
      "closed_lots": 5.979999999999959,
      "equity_start": 12286.279999999522,
      "equity_end": 13483.959999999504,
      "win_rate_pct": 67.61904761904762,
      "pnl_pct": 9.748109273108108
    },
    {
      "month": "2026-05",
      "signals": 449,
      "wins": 201,
      "losses": 107,
      "no_fills": 140,
      "open": 0,
      "pnl": 1142.2499999999845,
      "trading_pnl": 1142.2499999999845,
      "bonus": 0.0,
      "closed_lots": 5.809999999999963,
      "equity_start": 13483.959999999504,