{
  "rank": 4,
  "candidate_id": "bb3451562613809b",
  "filter_preset": "self_limit",
  "metrics": {
    "candidate_id": "bb3451562613809b",
    "filter_preset": "self_limit",
    "passes_recommendation_gate": false,
    "passes_dd": false,
    "passes_edge": true,
    "passes_consistency": true,
    "passes_oos": true,
    "score": 22577.968055554826,
    "fixed_no_bonus_profit": 21159.48999999927,
    "fixed_with_bonus_profit": 21740.22999999918,
    "bonus_contribution": 580.7399999999107,
    "concurrent_risk_max_dd_pct": 79.13539509814022,
    "risk_net_profit_with_bonus": 12620071288.440016,
    "stable_months": 16,
    "total_months": 18,
    "stable_fraction": 0.8888888888888888,
    "worst_month_pnl": -985.3600000000047,
    "oos_fixed_no_bonus_profit": 15078.12999999969
  },
  "monthly": [
    {
      "month": "2025-01",
      "signals": 446,
      "wins": 73,
      "losses": 65,
      "no_fills": 308,
      "open": 0,
      "pnl": -217.41999999999143,
      "trading_pnl": -217.41999999999143,
      "bonus": 0.0,
      "closed_lots": 4.77,
      "equity_start": 1000.0,
      "equity_end": 782.5800000000086,
      "win_rate_pct": 52.89855072463768,
      "pnl_pct": -21.74199999999914
    },
    {
      "month": "2025-02",
      "signals": 419,
      "wins": 129,
      "losses": 62,
      "no_fills": 228,
      "open": 0,
      "pnl": 1062.1699999999246,
      "trading_pnl": 1062.1699999999246,
      "bonus": 0.0,
      "closed_lots": 7.030000000000002,
      "equity_start": 782.5800000000086,
      "equity_end": 1844.7499999999332,
      "win_rate_pct": 67.5392670157068,
      "pnl_pct": 135.72669886783626
    },
    {
      "month": "2025-03",
      "signals": 446,
      "wins": 127,
      "losses": 77,
      "no_fills": 240,
      "open": 0,
      "pnl": 730.6200000000235,
      "trading_pnl": 730.6200000000235,
      "bonus": 0.0,
      "closed_lots": 7.399999999999999,
      "equity_start": 1844.7499999999332,
      "equity_end": 2575.3699999999567,
      "win_rate_pct": 62.254901960784316,
      "pnl_pct": 39.605366580840226
    },
    {
      "month": "2025-04",
      "signals": 459,
      "wins": 219,
      "losses": 107,
      "no_fills": 129,
      "open": 0,
      "pnl": 643.7200000000103,
      "trading_pnl": 643.7200000000103,
      "bonus": 0.0,
      "closed_lots": 12.439999999999909,
      "equity_start": 2575.3699999999567,
      "equity_end": 3219.089999999967,
      "win_rate_pct": 67.17791411042946,
      "pnl_pct": 24.99524340191977
    },
    {
      "month": "2025-05",
      "signals": 448,
      "wins": 193,
      "losses": 110,
      "no_fills": 140,
      "open": 0,
      "pnl": 197.24000000007618,
      "trading_pnl": 197.24000000007618,
      "bonus": 0.0,
      "closed_lots": 11.589999999999927,
      "equity_start": 3219.089999999967,
      "equity_end": 3416.330000000043,
      "win_rate_pct": 63.6963696369637,
      "pnl_pct": 6.1271974377876415
    },
    {
      "month": "2025-06",
      "signals": 440,
      "wins": 168,
      "losses": 100,
      "no_fills": 172,
      "open": 0,
      "pnl": 30.610000000012406,
      "trading_pnl": 30.610000000012406,
      "bonus": 0.0,
      "closed_lots": 9.949999999999962,
      "equity_start": 3416.330000000043,
      "equity_end": 3446.9400000000555,
      "win_rate_pct": 62.68656716417911,
      "pnl_pct": 0.8959907268914893
    },
    {
      "month": "2025-07",
      "signals": 471,
      "wins": 100,
      "losses": 106,
      "no_fills": 265,
      "open": 0,
      "pnl": -985.3600000000047,
      "trading_pnl": -985.3600000000047,
      "bonus": 0.0,
      "closed_lots": 7.720000000000003,
      "equity_start": 3446.9400000000555,
      "equity_end": 2461.580000000051,
      "win_rate_pct": 48.54368932038835,
      "pnl_pct": -28.58651441568431
    },
    {
      "month": "2025-08",
      "signals": 454,
      "wins": 128,
      "losses": 87,
      "no_fills": 238,
      "open": 0,
      "pnl": 215.20999999991636,
      "trading_pnl": 215.20999999991636,
      "bonus": 0.0,
      "closed_lots": 7.509999999999999,
      "equity_start": 2461.580000000051,
      "equity_end": 2676.789999999967,
      "win_rate_pct": 59.53488372093023,
      "pnl_pct": 8.74275871594309
    },
    {
      "month": "2025-09",
      "signals": 469,
      "wins": 188,
      "losses": 83,
      "no_fills": 197,
      "open": 0,
      "pnl": 1201.009999999921,
      "trading_pnl": 1201.009999999921,
      "bonus": 0.0,
      "closed_lots": 10.069999999999958,
      "equity_start": 2676.789999999967,
      "equity_end": 3886.599999999886,
      "win_rate_pct": 69.37269372693727,
      "pnl_pct": 44.86754657630729
    },
    {
      "month": "2025-10",
      "signals": 479,
      "wins": 266,
      "losses": 81,
      "no_fills": 127,
      "open": 0,
      "pnl": 2483.4599999998545,
      "trading_pnl": 2483.4599999998545,
      "bonus": 0.0,
      "closed_lots": 13.459999999999887,
      "equity_start": 3877.799999999887,
      "equity_end": 6361.2599999997365,
      "win_rate_pct": 76.657060518732,
      "pnl_pct": 64.04301408014665
    },
    {
      "month": "2025-11",
      "signals": 433,
      "wins": 211,
      "losses": 97,
      "no_fills": 122,
      "open": 0,
      "pnl": 54.16999999988867,
      "trading_pnl": 54.16999999988867,
      "bonus": 0.0,
      "closed_lots": 11.839999999999922,
      "equity_start": 6361.2599999997365,
      "equity_end": 6415.429999999621,
      "win_rate_pct": 68.5064935064935,
      "pnl_pct": 0.8515608542944466
    },
    {
      "month": "2025-12",
      "signals": 459,
      "wins": 233,
      "losses": 96,
      "no_fills": 125,
      "open": 0,
      "pnl": 665.9299999998848,
      "trading_pnl": 665.9299999998848,
      "bonus": 0.0,
      "closed_lots": 12.589999999999904,
      "equity_start": 6415.429999999621,
      "equity_end": 7081.359999999506,
      "win_rate_pct": 70.82066869300911,
      "pnl_pct": 10.380130404352071
    },
    {
      "month": "2026-01",
      "signals": 447,
      "wins": 258,
      "losses": 69,
      "no_fills": 106,
      "open": 0,
      "pnl": 2913.5899999998364,
      "trading_pnl": 2913.5899999998364,
      "bonus": 0.0,
      "closed_lots": 12.919999999999899,
      "equity_start": 7081.359999999506,
      "equity_end": 9994.949999999342,
      "win_rate_pct": 78.89908256880734,
      "pnl_pct": 41.14449766711535
    },
    {
      "month": "2026-02",
      "signals": 430,
      "wins": 282,
      "losses": 74,
      "no_fills": 50,
      "open": 0,
      "pnl": 4315.619999999868,
      "trading_pnl": 4315.619999999868,
      "bonus": 0.0,
      "closed_lots": 14.889999999999858,
      "equity_start": 9994.949999999342,
      "equity_end": 14310.56999999921,
      "win_rate_pct": 79.21348314606742,
      "pnl_pct": 43.17800489247222
    },
    {
      "month": "2026-03",
      "signals": 466,
      "wins": 292,
      "losses": 100,
      "no_fills": 57,
      "open": 0,
      "pnl": 3565.989999999976,
      "trading_pnl": 3565.989999999976,
      "bonus": 0.0,
      "closed_lots": 16.039999999999832,
      "equity_start": 14310.56999999921,
      "equity_end": 17960.959999999195,
      "win_rate_pct": 74.48979591836735,
      "pnl_pct": 24.918574172797957
    },
    {
      "month": "2026-04",
      "signals": 437,
      "wins": 262,
      "losses": 92,
      "no_fills": 76,
      "open": 0,
      "pnl": 1396.1100000000133,
      "trading_pnl": 1396.1100000000133,
      "bonus": 0.0,
      "closed_lots": 13.989999999999878,
      "equity_start": 17876.55999999919,
      "equity_end": 19327.229999999247,
      "win_rate_pct": 74.01129943502825,
      "pnl_pct": 7.809724018491682
    },
    {
      "month": "2026-05",
      "signals": 449,
      "wins": 258,
      "losses": 85,
      "no_fills": 97,
      "open": 0,
      "pnl": 2066.839999999982,
      "trading_pnl": 2066.839999999982,
      "bonus": 0.0,
      "closed_lots": 13.489999999999887,
      "equity_start": 19257.169999999245,