{
  "rank": 8,
  "candidate_id": "0e86921b1c5e32b7",
  "filter_preset": "self_limit",
  "metrics": {
    "candidate_id": "0e86921b1c5e32b7",
    "filter_preset": "self_limit",
    "passes_recommendation_gate": false,
    "passes_dd": false,
    "passes_edge": true,
    "passes_consistency": true,
    "passes_oos": true,
    "score": 16762.17611111062,
    "fixed_no_bonus_profit": 17794.11999999945,
    "fixed_with_bonus_profit": 18230.289999999277,
    "bonus_contribution": 436.16999999982727,
    "concurrent_risk_max_dd_pct": 73.07114025584471,
    "risk_net_profit_with_bonus": 10585366628111.438,
    "stable_months": 14,
    "total_months": 18,
    "stable_fraction": 0.7777777777777778,
    "worst_month_pnl": -401.14000000000624,
    "oos_fixed_no_bonus_profit": 11689.219999999747
  },
  "monthly": [
    {
      "month": "2025-01",
      "signals": 446,
      "wins": 80,
      "losses": 58,
      "no_fills": 308,
      "open": 0,
      "pnl": -100.3999999999919,
      "trading_pnl": -100.3999999999919,
      "bonus": 0.0,
      "closed_lots": 3.5699999999999905,
      "equity_start": 1000.0,
      "equity_end": 899.6000000000081,
      "win_rate_pct": 57.971014492753625,
      "pnl_pct": -10.039999999999191
    },
    {
      "month": "2025-02",
      "signals": 419,
      "wins": 137,
      "losses": 54,
      "no_fills": 228,
      "open": 0,
      "pnl": 479.0599999999472,
      "trading_pnl": 479.0599999999472,
      "bonus": 0.0,
      "closed_lots": 5.289999999999997,
      "equity_start": 899.6000000000081,
      "equity_end": 1378.6599999999553,
      "win_rate_pct": 71.72774869109948,
      "pnl_pct": 53.252556691856704
    },
    {
      "month": "2025-03",
      "signals": 446,
      "wins": 152,
      "losses": 52,
      "no_fills": 240,
      "open": 0,
      "pnl": 432.16000000001577,
      "trading_pnl": 432.16000000001577,
      "bonus": 0.0,
      "closed_lots": 5.549999999999995,
      "equity_start": 1378.6599999999553,
      "equity_end": 1810.819999999971,
      "win_rate_pct": 74.50980392156863,
      "pnl_pct": 31.34637981808639
    },
    {
      "month": "2025-04",
      "signals": 459,
      "wins": 245,
      "losses": 81,
      "no_fills": 129,
      "open": 0,
      "pnl": 571.6800000000217,
      "trading_pnl": 571.6800000000217,
      "bonus": 0.0,
      "closed_lots": 9.349999999999985,
      "equity_start": 1810.819999999971,
      "equity_end": 2382.4999999999927,
      "win_rate_pct": 75.15337423312883,
      "pnl_pct": 31.570227852576778
    },
    {
      "month": "2025-05",
      "signals": 448,
      "wins": 215,
      "losses": 88,
      "no_fills": 140,
      "open": 0,
      "pnl": 415.45000000007485,
      "trading_pnl": 415.45000000007485,
      "bonus": 0.0,
      "closed_lots": 8.659999999999997,
      "equity_start": 2382.4999999999927,
      "equity_end": 2797.9500000000676,
      "win_rate_pct": 70.95709570957096,
      "pnl_pct": 17.437565582374653
    },
    {
      "month": "2025-06",
      "signals": 440,
      "wins": 181,
      "losses": 87,
      "no_fills": 172,
      "open": 0,
      "pnl": -52.52999999998974,
      "trading_pnl": -52.52999999998974,
      "bonus": 0.0,
      "closed_lots": 7.490000000000009,
      "equity_start": 2797.9500000000676,
      "equity_end": 2745.420000000078,
      "win_rate_pct": 67.53731343283582,
      "pnl_pct": -1.8774459872402463
    },
    {
      "month": "2025-07",
      "signals": 471,
      "wins": 124,
      "losses": 82,
      "no_fills": 265,
      "open": 0,
      "pnl": -401.14000000000624,
      "trading_pnl": -401.14000000000624,
      "bonus": 0.0,
      "closed_lots": 5.779999999999998,
      "equity_start": 2745.420000000078,
      "equity_end": 2344.2800000000716,
      "win_rate_pct": 60.19417475728155,
      "pnl_pct": -14.611243452732001
    },
    {
      "month": "2025-08",
      "signals": 454,
      "wins": 135,
      "losses": 81,
      "no_fills": 238,
      "open": 0,
      "pnl": -33.070000000052005,
      "trading_pnl": -33.070000000052005,
      "bonus": 0.0,
      "closed_lots": 5.659999999999996,
      "equity_start": 2344.2800000000716,
      "equity_end": 2311.2100000000196,
      "win_rate_pct": 62.5,
      "pnl_pct": -1.4106676676869228
    },
    {
      "month": "2025-09",
      "signals": 469,
      "wins": 200,
      "losses": 71,
      "no_fills": 197,
      "open": 0,
      "pnl": 1010.3499999999399,
      "trading_pnl": 1010.3499999999399,
      "bonus": 0.0,
      "closed_lots": 7.5500000000000105,
      "equity_start": 2311.2100000000196,
      "equity_end": 3334.159999999959,
      "win_rate_pct": 73.80073800738008,
      "pnl_pct": 43.71519680167234
    },
    {
      "month": "2025-10",
      "signals": 479,
      "wins": 293,
      "losses": 55,
      "no_fills": 127,
      "open": 0,
      "pnl": 2028.8499999998762,
      "trading_pnl": 2028.8499999998762,
      "bonus": 0.0,
      "closed_lots": 10.119999999999973,
      "equity_start": 3321.5599999999595,
      "equity_end": 5350.40999999984,
      "win_rate_pct": 84.19540229885058,
      "pnl_pct": 61.08123893591869
    },
    {
      "month": "2025-11",
      "signals": 433,
      "wins": 253,
      "losses": 56,
      "no_fills": 123,
      "open": 0,
      "pnl": 1188.8599999999078,
      "trading_pnl": 1188.8599999999078,
      "bonus": 0.0,
      "closed_lots": 8.860000000000001,
      "equity_start": 5350.40999999984,
      "equity_end": 6539.269999999751,
      "win_rate_pct": 81.87702265372168,
      "pnl_pct": 22.21997940344653
    },
    {
      "month": "2025-12",
      "signals": 459,
      "wins": 255,
      "losses": 75,
      "no_fills": 125,
      "open": 0,
      "pnl": 565.6299999999019,
      "trading_pnl": 565.6299999999019,
      "bonus": 0.0,
      "closed_lots": 9.469999999999981,
      "equity_start": 6539.269999999751,
      "equity_end": 7104.899999999653,
      "win_rate_pct": 77.27272727272727,
      "pnl_pct": 8.649742249515976
    },
    {
      "month": "2026-01",
      "signals": 447,
      "wins": 276,
      "losses": 54,
      "no_fills": 105,
      "open": 0,
      "pnl": 1844.9899999998706,
      "trading_pnl": 1844.9899999998706,
      "bonus": 0.0,
      "closed_lots": 9.699999999999978,
      "equity_start": 7104.899999999653,
      "equity_end": 8949.889999999525,
      "win_rate_pct": 83.63636363636363,
      "pnl_pct": 25.96785317175415
    },
    {
      "month": "2026-02",
      "signals": 430,
      "wins": 307,
      "losses": 53,
      "no_fills": 50,
      "open": 0,
      "pnl": 3569.049999999904,
      "trading_pnl": 3569.049999999904,
      "bonus": 0.0,
      "closed_lots": 11.14999999999995,
      "equity_start": 8949.889999999525,
      "equity_end": 12518.939999999435,
      "win_rate_pct": 85.27777777777777,
      "pnl_pct": 39.87814375372316
    },
    {
      "month": "2026-03",
      "signals": 466,
      "wins": 331,
      "losses": 63,
      "no_fills": 57,
      "open": 0,
      "pnl": 2983.4400000000014,
      "trading_pnl": 2983.4400000000014,
      "bonus": 0.0,
      "closed_lots": 12.019999999999932,
      "equity_start": 12518.939999999435,
      "equity_end": 15548.909999999447,
      "win_rate_pct": 84.01015228426397,
      "pnl_pct": 23.831410646589376
    },
    {
      "month": "2026-04",
      "signals": 437,
      "wins": 275,
      "losses": 83,
      "no_fills": 76,
      "open": 0,
      "pnl": 1043.12,
      "trading_pnl": 1043.12,
      "bonus": 0.0,
      "closed_lots": 10.499999999999966,
      "equity_start": 15502.379999999443,
      "equity_end": 16568.939999999457,
      "win_rate_pct": 76.81564245810057,
      "pnl_pct": 6.728773259332034
    },
    {
      "month": "2026-05",
      "signals": 449,
      "wins": 284,
      "losses": 61,
      "no_fills": 97,
      "open": 0,
      "pnl": 1604.149999999987,
      "trading_pnl": 1604.149999999987,
      "bonus": 0.0,
      "closed_lots": 10.14999999999997,
      "equity_start": 16537.509999999453,