{
  "rank": 6,
  "candidate_id": "23428e35e5964d32",
  "filter_preset": "self_limit",
  "metrics": {
    "candidate_id": "23428e35e5964d32",
    "filter_preset": "self_limit",
    "passes_recommendation_gate": false,
    "passes_dd": false,
    "passes_edge": true,
    "passes_consistency": true,
    "passes_oos": true,
    "score": 17682.207499999724,
    "fixed_no_bonus_profit": 18106.289999999688,
    "fixed_with_bonus_profit": 18783.56999999923,
    "bonus_contribution": 677.2799999995405,
    "concurrent_risk_max_dd_pct": 99.9181069705773,
    "risk_net_profit_with_bonus": 1499612825.8249915,
    "stable_months": 14,
    "total_months": 18,
    "stable_fraction": 0.7777777777777778,
    "worst_month_pnl": -1310.2749999999992,
    "oos_fixed_no_bonus_profit": 14398.149999999869
  },
  "monthly": [
    {
      "month": "2025-01",
      "signals": 446,
      "wins": 49,
      "losses": 72,
      "no_fills": 254,
      "open": 0,
      "pnl": -71.22499999999673,
      "trading_pnl": -71.22499999999673,
      "bonus": 0.0,
      "closed_lots": 7.0200000000000005,
      "equity_start": 1000.0,
      "equity_end": 928.7750000000033,
      "win_rate_pct": 40.49586776859504,
      "pnl_pct": -7.122499999999672
    },
    {
      "month": "2025-02",
      "signals": 419,
      "wins": 68,
      "losses": 67,
      "no_fills": 164,
      "open": 0,
      "pnl": 581.719999999962,
      "trading_pnl": 581.719999999962,
      "bonus": 0.0,
      "closed_lots": 9.689999999999968,
      "equity_start": 928.7750000000033,
      "equity_end": 1510.4949999999653,
      "win_rate_pct": 50.37037037037037,
      "pnl_pct": 62.63303814163387
    },
    {
      "month": "2025-03",
      "signals": 446,
      "wins": 87,
      "losses": 72,
      "no_fills": 175,
      "open": 0,
      "pnl": 449.0550000000276,
      "trading_pnl": 449.0550000000276,
      "bonus": 0.0,
      "closed_lots": 9.98999999999996,
      "equity_start": 1510.4949999999653,
      "equity_end": 1965.6799999999917,
      "win_rate_pct": 54.71698113207547,
      "pnl_pct": 29.72899612378974
    },
    {
      "month": "2025-04",
      "signals": 459,
      "wins": 100,
      "losses": 66,
      "no_fills": 91,
      "open": 0,
      "pnl": 492.32000000000426,
      "trading_pnl": 492.32000000000426,
      "bonus": 0.0,
      "closed_lots": 14.23999999999987,
      "equity_start": 1959.549999999993,
      "equity_end": 2454.584999999997,
      "win_rate_pct": 60.24096385542169,
      "pnl_pct": 25.124135643387817
    },
    {
      "month": "2025-05",
      "signals": 448,
      "wins": 80,
      "losses": 77,
      "no_fills": 105,
      "open": 0,
      "pnl": -388.4649999999728,
      "trading_pnl": -388.4649999999728,
      "bonus": 0.0,
      "closed_lots": 13.249999999999893,
      "equity_start": 2451.869999999997,
      "equity_end": 2063.4050000000243,
      "win_rate_pct": 50.955414012738856,
      "pnl_pct": -15.843621399175865
    },
    {
      "month": "2025-06",
      "signals": 440,
      "wins": 102,
      "losses": 80,
      "no_fills": 123,
      "open": 0,
      "pnl": -598.9849999999901,
      "trading_pnl": -598.9849999999901,
      "bonus": 0.0,
      "closed_lots": 12.119999999999916,
      "equity_start": 2063.4050000000243,
      "equity_end": 1464.4200000000342,
      "win_rate_pct": 56.043956043956044,
      "pnl_pct": -29.028959414171386
    },
    {
      "month": "2025-07",
      "signals": 471,
      "wins": 55,
      "losses": 90,
      "no_fills": 194,
      "open": 0,
      "pnl": -1310.2749999999992,
      "trading_pnl": -1310.2749999999992,
      "bonus": 0.0,
      "closed_lots": 10.639999999999949,
      "equity_start": 1464.4200000000342,
      "equity_end": 222.12500000003365,
      "win_rate_pct": 37.93103448275862,
      "pnl_pct": -89.47398970240563
    },
    {
      "month": "2025-08",
      "signals": 454,
      "wins": 95,
      "losses": 93,
      "no_fills": 156,
      "open": 0,
      "pnl": 104.51499999995988,
      "trading_pnl": 104.51499999995988,
      "bonus": 0.0,
      "closed_lots": 10.91999999999994,
      "equity_start": 136.73500000003514,
      "equity_end": 258.65999999999485,
      "win_rate_pct": 50.53191489361703,
      "pnl_pct": 76.43617215777454
    },
    {
      "month": "2025-09",
      "signals": 469,
      "wins": 84,
      "losses": 52,
      "no_fills": 156,
      "open": 0,
      "pnl": 1116.689999999971,
      "trading_pnl": 1116.689999999971,
      "bonus": 0.0,
      "closed_lots": 11.789999999999921,
      "equity_start": 258.65999999999485,
      "equity_end": 1382.359999999965,
      "win_rate_pct": 61.76470588235294,
      "pnl_pct": 431.7211783808835
    },
    {
      "month": "2025-10",
      "signals": 479,
      "wins": 144,
      "losses": 38,
      "no_fills": 93,
      "open": 0,
      "pnl": 1754.9899999999452,
      "trading_pnl": 1754.9899999999452,
      "bonus": 0.0,
      "closed_lots": 15.109999999999852,
      "equity_start": 1375.3499999999658,
      "equity_end": 3130.339999999911,
      "win_rate_pct": 79.12087912087912,
      "pnl_pct": 127.603155560402
    },
    {
      "month": "2025-11",
      "signals": 433,
      "wins": 103,
      "losses": 31,
      "no_fills": 82,
      "open": 0,
      "pnl": 837.2199999999716,
      "trading_pnl": 837.2199999999716,
      "bonus": 0.0,
      "closed_lots": 13.559999999999887,
      "equity_start": 3130.339999999911,
      "equity_end": 3967.559999999883,
      "win_rate_pct": 76.86567164179104,
      "pnl_pct": 26.745337567165084
    },
    {
      "month": "2025-12",
      "signals": 459,
      "wins": 120,
      "losses": 34,
      "no_fills": 78,
      "open": 0,
      "pnl": 740.5799999999363,
      "trading_pnl": 740.5799999999363,
      "bonus": 0.0,
      "closed_lots": 14.709999999999862,
      "equity_start": 3967.559999999883,
      "equity_end": 4708.139999999819,
      "win_rate_pct": 77.92207792207793,
      "pnl_pct": 18.66588028914391
    },
    {
      "month": "2026-01",
      "signals": 447,
      "wins": 126,
      "losses": 25,
      "no_fills": 80,
      "open": 0,
      "pnl": 2346.7099999999227,
      "trading_pnl": 2346.7099999999227,
      "bonus": 0.0,
      "closed_lots": 14.199999999999873,
      "equity_start": 4708.139999999819,
      "equity_end": 7054.849999999742,
      "win_rate_pct": 83.44370860927152,
      "pnl_pct": 49.8436749969205
    },
    {
      "month": "2026-02",
      "signals": 430,
      "wins": 177,
      "losses": 21,
      "no_fills": 36,
      "open": 0,
      "pnl": 5186.779999999943,
      "trading_pnl": 5186.779999999943,
      "bonus": 0.0,
      "closed_lots": 15.549999999999844,
      "equity_start": 7054.849999999742,
      "equity_end": 12241.629999999688,
      "win_rate_pct": 89.39393939393939,
      "pnl_pct": 73.52076939977651
    },
    {
      "month": "2026-03",
      "signals": 466,
      "wins": 159,
      "losses": 26,
      "no_fills": 43,
      "open": 0,
      "pnl": 3669.3399999999774,
      "trading_pnl": 3669.3399999999774,
      "bonus": 0.0,
      "closed_lots": 16.659999999999823,
      "equity_start": 12241.629999999688,
      "equity_end": 15956.209999999679,
      "win_rate_pct": 85.94594594594595,
      "pnl_pct": 29.974276301440828
    },
    {
      "month": "2026-04",
      "signals": 437,
      "wins": 112,
      "losses": 39,
      "no_fills": 50,
      "open": 0,
      "pnl": 1263.6850000000186,
      "trading_pnl": 1263.6850000000186,
      "bonus": 0.0,
      "closed_lots": 15.149999999999853,
      "equity_start": 15910.969999999677,
      "equity_end": 17177.27499999971,
      "win_rate_pct": 74.17218543046357,
      "pnl_pct": 7.942224766937805
    },
    {
      "month": "2026-05",
      "signals": 449,
      "wins": 115,
      "losses": 34,
      "no_fills": 67,
      "open": 0,
      "pnl": 1345.12999999999,
      "trading_pnl": 1345.12999999999,
      "bonus": 0.0,
      "closed_lots": 14.71999999999986,
      "equity_start": 17165.04499999971,