{
  "rank": 10,
  "candidate_id": "c1613545ffd859dd",
  "filter_preset": "self_limit",
  "metrics": {
    "candidate_id": "c1613545ffd859dd",
    "filter_preset": "self_limit",
    "passes_recommendation_gate": false,
    "passes_dd": false,
    "passes_edge": true,
    "passes_consistency": true,
    "passes_oos": true,
    "score": 11463.846666666184,
    "fixed_no_bonus_profit": 12455.93999999943,
    "fixed_with_bonus_profit": 12862.919999999924,
    "bonus_contribution": 406.98000000049433,
    "concurrent_risk_max_dd_pct": 65.93550937383411,
    "risk_net_profit_with_bonus": 29260913.57999885,
    "stable_months": 13,
    "total_months": 18,
    "stable_fraction": 0.7222222222222222,
    "worst_month_pnl": -364.2199999999957,
    "oos_fixed_no_bonus_profit": 9871.55999999972
  },
  "monthly": [
    {
      "month": "2025-01",
      "signals": 446,
      "wins": 28,
      "losses": 28,
      "no_fills": 390,
      "open": 0,
      "pnl": -11.499999999994088,
      "trading_pnl": -11.499999999994088,
      "bonus": 0.0,
      "closed_lots": 1.940000000000001,
      "equity_start": 1000.0,
      "equity_end": 988.5000000000059,
      "win_rate_pct": 50.0,
      "pnl_pct": -1.1499999999994088
    },
    {
      "month": "2025-02",
      "signals": 419,
      "wins": 65,
      "losses": 42,
      "no_fills": 312,
      "open": 0,
      "pnl": 178.87999999996418,
      "trading_pnl": 178.87999999996418,
      "bonus": 0.0,
      "closed_lots": 3.6900000000000013,
      "equity_start": 988.5000000000059,
      "equity_end": 1167.37999999997,
      "win_rate_pct": 60.747663551401864,
      "pnl_pct": 18.09610520991028
    },
    {
      "month": "2025-03",
      "signals": 446,
      "wins": 65,
      "losses": 39,
      "no_fills": 342,
      "open": 0,
      "pnl": 249.1300000000324,
      "trading_pnl": 249.1300000000324,
      "bonus": 0.0,
      "closed_lots": 3.409999999999999,
      "equity_start": 1167.37999999997,
      "equity_end": 1416.5100000000025,
      "win_rate_pct": 62.5,
      "pnl_pct": 21.340951532494884
    },
    {
      "month": "2025-04",
      "signals": 459,
      "wins": 140,
      "losses": 97,
      "no_fills": 222,
      "open": 0,
      "pnl": 443.9100000000153,
      "trading_pnl": 443.9100000000153,
      "bonus": 0.0,
      "closed_lots": 8.789999999999987,
      "equity_start": 1416.5100000000025,
      "equity_end": 1860.4200000000178,
      "win_rate_pct": 59.07172995780591,
      "pnl_pct": 31.33828917550985
    },
    {
      "month": "2025-05",
      "signals": 448,
      "wins": 120,
      "losses": 88,
      "no_fills": 240,
      "open": 0,
      "pnl": 370.62000000006583,
      "trading_pnl": 370.62000000006583,
      "bonus": 0.0,
      "closed_lots": 7.280000000000001,
      "equity_start": 1860.4200000000178,
      "equity_end": 2231.0400000000836,
      "win_rate_pct": 57.692307692307686,
      "pnl_pct": 19.921308091724573
    },
    {
      "month": "2025-06",
      "signals": 440,
      "wins": 83,
      "losses": 80,
      "no_fills": 277,
      "open": 0,
      "pnl": -344.7699999999995,
      "trading_pnl": -344.7699999999995,
      "bonus": 0.0,
      "closed_lots": 5.610000000000002,
      "equity_start": 2231.0400000000836,
      "equity_end": 1886.270000000084,
      "win_rate_pct": 50.920245398773,
      "pnl_pct": -15.453331181869737
    },
    {
      "month": "2025-07",
      "signals": 471,
      "wins": 48,
      "losses": 51,
      "no_fills": 372,
      "open": 0,
      "pnl": -364.2199999999957,
      "trading_pnl": -364.2199999999957,
      "bonus": 0.0,
      "closed_lots": 3.3799999999999994,
      "equity_start": 1886.270000000084,
      "equity_end": 1522.0500000000884,
      "win_rate_pct": 48.484848484848484,
      "pnl_pct": -19.30900666394416
    },
    {
      "month": "2025-08",
      "signals": 454,
      "wins": 49,
      "losses": 50,
      "no_fills": 355,
      "open": 0,
      "pnl": -76.66000000002987,
      "trading_pnl": -76.66000000002987,
      "bonus": 0.0,
      "closed_lots": 3.439999999999999,
      "equity_start": 1522.0500000000884,
      "equity_end": 1445.3900000000585,
      "win_rate_pct": 49.494949494949495,
      "pnl_pct": -5.036628231662916
    },
    {
      "month": "2025-09",
      "signals": 469,
      "wins": 98,
      "losses": 73,
      "no_fills": 298,
      "open": 0,
      "pnl": 351.0599999999449,
      "trading_pnl": 351.0599999999449,
      "bonus": 0.0,
      "closed_lots": 5.960000000000001,
      "equity_start": 1445.3900000000585,
      "equity_end": 1796.4500000000035,
      "win_rate_pct": 57.30994152046783,
      "pnl_pct": 24.288254381165686
    },
    {
      "month": "2025-10",
      "signals": 479,
      "wins": 168,
      "losses": 111,
      "no_fills": 200,
      "open": 0,
      "pnl": 974.3299999998981,
      "trading_pnl": 974.3299999998981,
      "bonus": 0.0,
      "closed_lots": 10.659999999999949,
      "equity_start": 1796.4500000000035,
      "equity_end": 2770.7799999999015,
      "win_rate_pct": 60.215053763440864,
      "pnl_pct": 54.23641069887256
    },
    {
      "month": "2025-11",
      "signals": 433,
      "wins": 125,
      "losses": 108,
      "no_fills": 200,
      "open": 0,
      "pnl": 258.28999999990947,
      "trading_pnl": 258.28999999990947,
      "bonus": 0.0,
      "closed_lots": 8.949999999999985,
      "equity_start": 2770.7799999999015,
      "equity_end": 3029.069999999811,
      "win_rate_pct": 53.648068669527895,
      "pnl_pct": 9.321923790409873
    },
    {
      "month": "2025-12",
      "signals": 459,
      "wins": 149,
      "losses": 92,
      "no_fills": 218,
      "open": 0,
      "pnl": 555.3099999998831,
      "trading_pnl": 555.3099999998831,
      "bonus": 0.0,
      "closed_lots": 8.789999999999983,
      "equity_start": 3029.069999999811,
      "equity_end": 3584.379999999694,
      "win_rate_pct": 61.82572614107884,
      "pnl_pct": 18.33268957138388
    },
    {
      "month": "2026-01",
      "signals": 447,
      "wins": 176,
      "losses": 99,
      "no_fills": 172,
      "open": 0,
      "pnl": 2084.4199999998727,
      "trading_pnl": 2084.4199999998727,
      "bonus": 0.0,
      "closed_lots": 10.439999999999953,
      "equity_start": 3584.379999999694,
      "equity_end": 5668.799999999566,
      "win_rate_pct": 64.0,
      "pnl_pct": 58.152874416218445
    },
    {
      "month": "2026-02",
      "signals": 430,
      "wins": 201,
      "losses": 126,
      "no_fills": 103,
      "open": 0,
      "pnl": 3485.339999999891,
      "trading_pnl": 3485.339999999891,
      "bonus": 0.0,
      "closed_lots": 12.749999999999904,
      "equity_start": 5668.799999999566,
      "equity_end": 9154.139999999468,
      "win_rate_pct": 61.46788990825688,
      "pnl_pct": 61.48285351397399
    },
    {
      "month": "2026-03",
      "signals": 466,
      "wins": 217,
      "losses": 142,
      "no_fills": 107,
      "open": 0,
      "pnl": 2384.719999999981,
      "trading_pnl": 2384.719999999981,
      "bonus": 0.0,
      "closed_lots": 13.869999999999878,
      "equity_start": 9154.139999999468,
      "equity_end": 11538.859999999462,
      "win_rate_pct": 60.44568245125348,
      "pnl_pct": 26.050726774990547
    },
    {
      "month": "2026-04",
      "signals": 437,
      "wins": 182,
      "losses": 115,
      "no_fills": 140,
      "open": 0,
      "pnl": 1193.849999999955,
      "trading_pnl": 1193.849999999955,
      "bonus": 0.0,
      "closed_lots": 11.379999999999933,
      "equity_start": 11538.859999999462,
      "equity_end": 12732.709999999432,
      "win_rate_pct": 61.27946127946128,
      "pnl_pct": 10.346342706298634
    },
    {
      "month": "2026-05",
      "signals": 449,
      "wins": 180,
      "losses": 114,
      "no_fills": 155,
      "open": 0,
      "pnl": 889.8199999999824,
      "trading_pnl": 889.8199999999824,
      "bonus": 0.0,
      "closed_lots": 10.919999999999943,
      "equity_start": 12732.709999999432,