{
  "rank": 7,
  "candidate_id": "1c12c691874bfbd7",
  "filter_preset": "self_limit",
  "metrics": {
    "candidate_id": "1c12c691874bfbd7",
    "filter_preset": "self_limit",
    "passes_recommendation_gate": false,
    "passes_dd": false,
    "passes_edge": true,
    "passes_consistency": true,
    "passes_oos": true,
    "score": 17027.57999999941,
    "fixed_no_bonus_profit": 17147.15999999937,
    "fixed_with_bonus_profit": 17583.32999999921,
    "bonus_contribution": 436.1699999998382,
    "concurrent_risk_max_dd_pct": 60.25974064684399,
    "risk_net_profit_with_bonus": 325320716886.4353,
    "stable_months": 15,
    "total_months": 18,
    "stable_fraction": 0.8333333333333334,
    "worst_month_pnl": -264.24999999999864,
    "oos_fixed_no_bonus_profit": 10953.119999999728
  },
  "monthly": [
    {
      "month": "2025-01",
      "signals": 446,
      "wins": 87,
      "losses": 51,
      "no_fills": 308,
      "open": 0,
      "pnl": -68.88999999998668,
      "trading_pnl": -68.88999999998668,
      "bonus": 0.0,
      "closed_lots": 3.5699999999999905,
      "equity_start": 1000.0,
      "equity_end": 931.1100000000133,
      "win_rate_pct": 63.04347826086957,
      "pnl_pct": -6.888999999998669
    },
    {
      "month": "2025-02",
      "signals": 419,
      "wins": 142,
      "losses": 49,
      "no_fills": 228,
      "open": 0,
      "pnl": 427.1499999999528,
      "trading_pnl": 427.1499999999528,
      "bonus": 0.0,
      "closed_lots": 5.289999999999997,
      "equity_start": 931.1100000000133,
      "equity_end": 1358.259999999966,
      "win_rate_pct": 74.3455497382199,
      "pnl_pct": 45.87535307320796
    },
    {
      "month": "2025-03",
      "signals": 446,
      "wins": 158,
      "losses": 46,
      "no_fills": 240,
      "open": 0,
      "pnl": 508.31000000002314,
      "trading_pnl": 508.31000000002314,
      "bonus": 0.0,
      "closed_lots": 5.549999999999995,
      "equity_start": 1358.259999999966,
      "equity_end": 1866.5699999999892,
      "win_rate_pct": 77.45098039215686,
      "pnl_pct": 37.423615508079145
    },
    {
      "month": "2025-04",
      "signals": 459,
      "wins": 259,
      "losses": 62,
      "no_fills": 129,
      "open": 0,
      "pnl": 689.9300000000089,
      "trading_pnl": 689.9300000000089,
      "bonus": 0.0,
      "closed_lots": 9.349999999999985,
      "equity_start": 1866.5699999999892,
      "equity_end": 2556.499999999998,
      "win_rate_pct": 80.68535825545172,
      "pnl_pct": 36.96244984115318
    },
    {
      "month": "2025-05",
      "signals": 448,
      "wins": 231,
      "losses": 69,
      "no_fills": 140,
      "open": 0,
      "pnl": 266.0600000000568,
      "trading_pnl": 266.0600000000568,
      "bonus": 0.0,
      "closed_lots": 8.659999999999997,
      "equity_start": 2556.499999999998,
      "equity_end": 2822.560000000055,
      "win_rate_pct": 77.0,
      "pnl_pct": 10.407197340115665
    },
    {
      "month": "2025-06",
      "signals": 440,
      "wins": 200,
      "losses": 67,
      "no_fills": 172,
      "open": 0,
      "pnl": -75.50999999999067,
      "trading_pnl": -75.50999999999067,
      "bonus": 0.0,
      "closed_lots": 7.490000000000009,
      "equity_start": 2822.560000000055,
      "equity_end": 2747.0500000000643,
      "win_rate_pct": 74.90636704119851,
      "pnl_pct": -2.675230995974902
    },
    {
      "month": "2025-07",
      "signals": 471,
      "wins": 141,
      "losses": 65,
      "no_fills": 265,
      "open": 0,
      "pnl": -264.24999999999864,
      "trading_pnl": -264.24999999999864,
      "bonus": 0.0,
      "closed_lots": 5.779999999999998,
      "equity_start": 2747.0500000000643,
      "equity_end": 2482.8000000000657,
      "win_rate_pct": 68.44660194174757,
      "pnl_pct": -9.619409912451264
    },
    {
      "month": "2025-08",
      "signals": 454,
      "wins": 156,
      "losses": 60,
      "no_fills": 238,
      "open": 0,
      "pnl": 228.4099999999612,
      "trading_pnl": 228.4099999999612,
      "bonus": 0.0,
      "closed_lots": 5.659999999999996,
      "equity_start": 2482.8000000000657,
      "equity_end": 2711.210000000027,
      "win_rate_pct": 72.22222222222221,
      "pnl_pct": 9.19969389398885
    },
    {
      "month": "2025-09",
      "signals": 469,
      "wins": 212,
      "losses": 57,
      "no_fills": 197,
      "open": 0,
      "pnl": 930.3299999999517,
      "trading_pnl": 930.3299999999517,
      "bonus": 0.0,
      "closed_lots": 7.5500000000000105,
      "equity_start": 2711.210000000027,
      "equity_end": 3649.4899999999775,
      "win_rate_pct": 78.81040892193309,
      "pnl_pct": 34.31419919519117
    },
    {
      "month": "2025-10",
      "signals": 479,
      "wins": 298,
      "losses": 43,
      "no_fills": 127,
      "open": 0,
      "pnl": 1870.489999999876,
      "trading_pnl": 1870.489999999876,
      "bonus": 0.0,
      "closed_lots": 10.119999999999973,
      "equity_start": 3641.5399999999786,
      "equity_end": 5512.029999999859,
      "win_rate_pct": 87.3900293255132,
      "pnl_pct": 51.36535641513994
    },
    {
      "month": "2025-11",
      "signals": 433,
      "wins": 273,
      "losses": 35,
      "no_fills": 123,
      "open": 0,
      "pnl": 1096.5899999999092,
      "trading_pnl": 1096.5899999999092,
      "bonus": 0.0,
      "closed_lots": 8.860000000000001,
      "equity_start": 5512.029999999859,
      "equity_end": 6608.619999999763,
      "win_rate_pct": 88.63636363636364,
      "pnl_pct": 19.89448533480292
    },
    {
      "month": "2025-12",
      "signals": 459,
      "wins": 279,
      "losses": 49,
      "no_fills": 125,
      "open": 0,
      "pnl": 585.4199999998846,
      "trading_pnl": 585.4199999998846,
      "bonus": 0.0,
      "closed_lots": 9.469999999999981,
      "equity_start": 6608.619999999763,
      "equity_end": 7194.039999999648,
      "win_rate_pct": 85.0609756097561,
      "pnl_pct": 8.858430353082875
    },
    {
      "month": "2026-01",
      "signals": 447,
      "wins": 282,
      "losses": 37,
      "no_fills": 105,
      "open": 0,
      "pnl": 1856.789999999879,
      "trading_pnl": 1856.789999999879,
      "bonus": 0.0,
      "closed_lots": 9.699999999999978,
      "equity_start": 7194.039999999648,
      "equity_end": 9050.829999999529,
      "win_rate_pct": 88.40125391849529,
      "pnl_pct": 25.81011503967131
    },
    {
      "month": "2026-02",
      "signals": 430,
      "wins": 318,
      "losses": 33,
      "no_fills": 50,
      "open": 0,
      "pnl": 3286.5699999999106,
      "trading_pnl": 3286.5699999999106,
      "bonus": 0.0,
      "closed_lots": 11.14999999999995,
      "equity_start": 9050.829999999529,
      "equity_end": 12337.399999999432,
      "win_rate_pct": 90.5982905982906,
      "pnl_pct": 36.31236030286815
    },
    {
      "month": "2026-03",
      "signals": 466,
      "wins": 330,
      "losses": 47,
      "no_fills": 57,
      "open": 0,
      "pnl": 2560.1600000000035,
      "trading_pnl": 2560.1600000000035,
      "bonus": 0.0,
      "closed_lots": 12.019999999999932,
      "equity_start": 12337.399999999432,
      "equity_end": 14931.759999999475,
      "win_rate_pct": 87.53315649867373,
      "pnl_pct": 20.751211762608985
    },
    {
      "month": "2026-04",
      "signals": 437,
      "wins": 296,
      "losses": 51,
      "no_fills": 76,
      "open": 0,
      "pnl": 963.3000000000002,
      "trading_pnl": 963.3000000000002,
      "bonus": 0.0,
      "closed_lots": 10.499999999999966,
      "equity_start": 14897.559999999472,
      "equity_end": 15878.229999999447,
      "win_rate_pct": 85.30259365994236,
      "pnl_pct": 6.466159559015264
    },
    {
      "month": "2026-05",
      "signals": 449,
      "wins": 302,
      "losses": 41,
      "no_fills": 97,
      "open": 0,
      "pnl": 1549.909999999969,
      "trading_pnl": 1549.909999999969,
      "bonus": 0.0,
      "closed_lots": 10.14999999999997,
      "equity_start": 15854.279999999448,