{
  "rank": 14,
  "candidate_id": "6a31d41bdcbd08f9",
  "filter_preset": "self_limit",
  "metrics": {
    "candidate_id": "6a31d41bdcbd08f9",
    "filter_preset": "self_limit",
    "passes_recommendation_gate": false,
    "passes_dd": false,
    "passes_edge": true,
    "passes_consistency": true,
    "passes_oos": true,
    "score": 8583.204166665862,
    "fixed_no_bonus_profit": 8089.279999999144,
    "fixed_with_bonus_profit": 8576.899999999225,
    "bonus_contribution": 487.62000000008084,
    "concurrent_risk_max_dd_pct": 101.41850003492392,
    "risk_net_profit_with_bonus": -1046.699999999773,
    "stable_months": 15,
    "total_months": 18,
    "stable_fraction": 0.8333333333333334,
    "worst_month_pnl": -1118.7900000000045,
    "oos_fixed_no_bonus_profit": 7368.549999999639
  },
  "monthly": [
    {
      "month": "2025-01",
      "signals": 446,
      "wins": 79,
      "losses": 90,
      "no_fills": 275,
      "open": 0,
      "pnl": 256.0000000000123,
      "trading_pnl": 256.0000000000123,
      "bonus": 0.0,
      "closed_lots": 4.749999999999994,
      "equity_start": 1000.0,
      "equity_end": 1256.0000000000123,
      "win_rate_pct": 46.74556213017752,
      "pnl_pct": 25.600000000001227
    },
    {
      "month": "2025-02",
      "signals": 419,
      "wins": 138,
      "losses": 105,
      "no_fills": 176,
      "open": 0,
      "pnl": 413.5599999999258,
      "trading_pnl": 413.5599999999258,
      "bonus": 0.0,
      "closed_lots": 6.770000000000006,
      "equity_start": 1256.0000000000123,
      "equity_end": 1669.559999999938,
      "win_rate_pct": 56.79012345679012,
      "pnl_pct": 32.92675159235046
    },
    {
      "month": "2025-03",
      "signals": 446,
      "wins": 133,
      "losses": 107,
      "no_fills": 198,
      "open": 0,
      "pnl": 78.54000000003589,
      "trading_pnl": 78.54000000003589,
      "bonus": 0.0,
      "closed_lots": 6.810000000000004,
      "equity_start": 1669.559999999938,
      "equity_end": 1795.039999999974,
      "win_rate_pct": 55.41666666666667,
      "pnl_pct": 4.7042334507318575
    },
    {
      "month": "2025-04",
      "signals": 459,
      "wins": 186,
      "losses": 151,
      "no_fills": 104,
      "open": 0,
      "pnl": 264.0900000000074,
      "trading_pnl": 264.0900000000074,
      "bonus": 0.0,
      "closed_lots": 10.34999999999997,
      "equity_start": 1748.099999999974,
      "equity_end": 1999.6399999999812,
      "win_rate_pct": 55.19287833827893,
      "pnl_pct": 15.107259310108766
    },
    {
      "month": "2025-05",
      "signals": 448,
      "wins": 165,
      "losses": 148,
      "no_fills": 117,
      "open": 0,
      "pnl": 258.1800000000794,
      "trading_pnl": 258.1800000000794,
      "bonus": 0.0,
      "closed_lots": 9.509999999999984,
      "equity_start": 2012.1899999999814,
      "equity_end": 2270.370000000061,
      "win_rate_pct": 52.715654952076676,
      "pnl_pct": 12.830796296576457
    },
    {
      "month": "2025-06",
      "signals": 440,
      "wins": 149,
      "losses": 151,
      "no_fills": 137,
      "open": 0,
      "pnl": -434.5399999999836,
      "trading_pnl": -434.5399999999836,
      "bonus": 0.0,
      "closed_lots": 8.75,
      "equity_start": 2270.370000000061,
      "equity_end": 1835.8300000000772,
      "win_rate_pct": 49.666666666666664,
      "pnl_pct": -19.139611605155633
    },
    {
      "month": "2025-07",
      "signals": 471,
      "wins": 102,
      "losses": 155,
      "no_fills": 206,
      "open": 0,
      "pnl": -1118.7900000000045,
      "trading_pnl": -1118.7900000000045,
      "bonus": 0.0,
      "closed_lots": 7.5900000000000105,
      "equity_start": 1835.8300000000772,
      "equity_end": 727.6700000000719,
      "win_rate_pct": 39.688715953307394,
      "pnl_pct": -60.94191727992011
    },
    {
      "month": "2025-08",
      "signals": 454,
      "wins": 122,
      "losses": 145,
      "no_fills": 184,
      "open": 0,
      "pnl": -493.39000000006945,
      "trading_pnl": -493.39000000006945,
      "bonus": 0.0,
      "closed_lots": 7.500000000000009,
      "equity_start": 712.5100000000721,
      "equity_end": 223.65000000000327,
      "win_rate_pct": 45.69288389513109,
      "pnl_pct": -69.24674741407412
    },
    {
      "month": "2025-09",
      "signals": 469,
      "wins": 156,
      "losses": 132,
      "no_fills": 175,
      "open": 0,
      "pnl": 515.18999999992,
      "trading_pnl": 515.18999999992,
      "bonus": 0.0,
      "closed_lots": 8.22000000000001,
      "equity_start": 223.65000000000327,
      "equity_end": 738.8399999999233,
      "win_rate_pct": 54.166666666666664,
      "pnl_pct": 230.3554661300749
    },
    {
      "month": "2025-10",
      "signals": 479,
      "wins": 166,
      "losses": 146,
      "no_fills": 101,
      "open": 0,
      "pnl": 562.5399999998826,
      "trading_pnl": 562.5399999998826,
      "bonus": 0.0,
      "closed_lots": 11.059999999999953,
      "equity_start": 738.8399999999233,
      "equity_end": 1301.379999999806,
      "win_rate_pct": 53.205128205128204,
      "pnl_pct": 76.13827080287221
    },
    {
      "month": "2025-11",
      "signals": 433,
      "wins": 147,
      "losses": 145,
      "no_fills": 98,
      "open": 0,
      "pnl": 234.55999999984533,
      "trading_pnl": 234.55999999984533,
      "bonus": 0.0,
      "closed_lots": 9.899999999999979,
      "equity_start": 1301.379999999806,
      "equity_end": 1535.9399999996513,
      "win_rate_pct": 50.34246575342466,
      "pnl_pct": 18.023943813481097
    },
    {
      "month": "2025-12",
      "signals": 459,
      "wins": 179,
      "losses": 155,
      "no_fills": 91,
      "open": 0,
      "pnl": 184.78999999984626,
      "trading_pnl": 184.78999999984626,
      "bonus": 0.0,
      "closed_lots": 10.549999999999963,
      "equity_start": 1535.9399999996513,
      "equity_end": 1720.7299999994975,
      "win_rate_pct": 53.59281437125748,
      "pnl_pct": 12.03106892195582
    },
    {
      "month": "2026-01",
      "signals": 447,
      "wins": 163,
      "losses": 136,
      "no_fills": 92,
      "open": 0,
      "pnl": 969.9499999998898,
      "trading_pnl": 969.9499999998898,
      "bonus": 0.0,
      "closed_lots": 10.389999999999969,
      "equity_start": 1720.7299999994975,
      "equity_end": 2690.6799999993873,
      "win_rate_pct": 54.515050167224075,
      "pnl_pct": 56.36851801271396
    },
    {
      "month": "2026-02",
      "signals": 430,
      "wins": 187,
      "losses": 118,
      "no_fills": 42,
      "open": 0,
      "pnl": 2907.389999999904,
      "trading_pnl": 2907.389999999904,
      "bonus": 0.0,
      "closed_lots": 11.489999999999945,
      "equity_start": 2690.6799999993873,
      "equity_end": 5598.069999999291,
      "win_rate_pct": 61.31147540983607,
      "pnl_pct": 108.05409784889196
    },
    {
      "month": "2026-03",
      "signals": 466,
      "wins": 174,
      "losses": 141,
      "no_fills": 48,
      "open": 0,
      "pnl": 1705.449999999957,
      "trading_pnl": 1705.449999999957,
      "bonus": 0.0,
      "closed_lots": 12.349999999999925,
      "equity_start": 5598.069999999291,
      "equity_end": 7322.559999999252,
      "win_rate_pct": 55.23809523809524,
      "pnl_pct": 30.46496381789033
    },
    {
      "month": "2026-04",
      "signals": 437,
      "wins": 171,
      "losses": 153,
      "no_fills": 60,
      "open": 0,
      "pnl": 411.32999999993535,
      "trading_pnl": 411.32999999993535,
      "bonus": 0.0,
      "closed_lots": 11.139999999999953,
      "equity_start": 7303.519999999248,
      "equity_end": 7677.78999999919,
      "win_rate_pct": 52.77777777777778,
      "pnl_pct": 5.631941858172192
    },
    {
      "month": "2026-05",
      "signals": 449,
      "wins": 190,
      "losses": 142,
      "no_fills": 79,
      "open": 0,
      "pnl": 1072.7799999999606,
      "trading_pnl": 1072.7799999999606,
      "bonus": 0.0,
      "closed_lots": 10.689999999999959,