{
  "rank": 9,
  "candidate_id": "bdba4ca982099903",
  "filter_preset": "self_limit",
  "metrics": {
    "candidate_id": "bdba4ca982099903",
    "filter_preset": "self_limit",
    "passes_recommendation_gate": false,
    "passes_dd": false,
    "passes_edge": true,
    "passes_consistency": true,
    "passes_oos": true,
    "score": 11722.110277777289,
    "fixed_no_bonus_profit": 12139.209999999457,
    "fixed_with_bonus_profit": 12535.569999999407,
    "bonus_contribution": 396.35999999994965,
    "concurrent_risk_max_dd_pct": 60.97349129694971,
    "risk_net_profit_with_bonus": 219849205.72999597,
    "stable_months": 14,
    "total_months": 18,
    "stable_fraction": 0.7777777777777778,
    "worst_month_pnl": -606.4600000000064,
    "oos_fixed_no_bonus_profit": 9122.009999999733
  },
  "monthly": [
    {
      "month": "2025-01",
      "signals": 446,
      "wins": 56,
      "losses": 42,
      "no_fills": 335,
      "open": 0,
      "pnl": -54.379999999987376,
      "trading_pnl": -54.379999999987376,
      "bonus": 0.0,
      "closed_lots": 2.8299999999999956,
      "equity_start": 1000.0,
      "equity_end": 945.6200000000126,
      "win_rate_pct": 57.14285714285714,
      "pnl_pct": -5.437999999998738
    },
    {
      "month": "2025-02",
      "signals": 419,
      "wins": 105,
      "losses": 54,
      "no_fills": 245,
      "open": 0,
      "pnl": 265.47999999995545,
      "trading_pnl": 265.47999999995545,
      "bonus": 0.0,
      "closed_lots": 4.689999999999992,
      "equity_start": 945.6200000000126,
      "equity_end": 1211.099999999968,
      "win_rate_pct": 66.0377358490566,
      "pnl_pct": 28.074702311705753
    },
    {
      "month": "2025-03",
      "signals": 446,
      "wins": 105,
      "losses": 59,
      "no_fills": 270,
      "open": 0,
      "pnl": 94.32000000001744,
      "trading_pnl": 94.32000000001744,
      "bonus": 0.0,
      "closed_lots": 4.709999999999993,
      "equity_start": 1211.099999999968,
      "equity_end": 1305.4199999999855,
      "win_rate_pct": 64.02439024390245,
      "pnl_pct": 7.787961357445291
    },
    {
      "month": "2025-04",
      "signals": 459,
      "wins": 192,
      "losses": 62,
      "no_fills": 158,
      "open": 0,
      "pnl": 462.5600000000036,
      "trading_pnl": 462.5600000000036,
      "bonus": 0.0,
      "closed_lots": 8.430000000000005,
      "equity_start": 1305.4199999999855,
      "equity_end": 1767.979999999989,
      "win_rate_pct": 75.59055118110236,
      "pnl_pct": 35.43380674419028
    },
    {
      "month": "2025-05",
      "signals": 448,
      "wins": 154,
      "losses": 82,
      "no_fills": 168,
      "open": 0,
      "pnl": 137.03000000005568,
      "trading_pnl": 137.03000000005568,
      "bonus": 0.0,
      "closed_lots": 7.77000000000001,
      "equity_start": 1767.979999999989,
      "equity_end": 1905.0100000000448,
      "win_rate_pct": 65.2542372881356,
      "pnl_pct": 7.750653287936318
    },
    {
      "month": "2025-06",
      "signals": 440,
      "wins": 147,
      "losses": 76,
      "no_fills": 197,
      "open": 0,
      "pnl": -107.79999999999563,
      "trading_pnl": -107.79999999999563,
      "bonus": 0.0,
      "closed_lots": 6.630000000000004,
      "equity_start": 1905.0100000000448,
      "equity_end": 1797.2100000000491,
      "win_rate_pct": 65.91928251121077,
      "pnl_pct": -5.658762946125904
    },
    {
      "month": "2025-07",
      "signals": 471,
      "wins": 94,
      "losses": 73,
      "no_fills": 294,
      "open": 0,
      "pnl": -606.4600000000064,
      "trading_pnl": -606.4600000000064,
      "bonus": 0.0,
      "closed_lots": 4.769999999999992,
      "equity_start": 1797.2100000000491,
      "equity_end": 1190.7500000000427,
      "win_rate_pct": 56.287425149700596,
      "pnl_pct": -33.74452623789039
    },
    {
      "month": "2025-08",
      "signals": 454,
      "wins": 92,
      "losses": 82,
      "no_fills": 268,
      "open": 0,
      "pnl": -200.41000000004533,
      "trading_pnl": -200.41000000004533,
      "bonus": 0.0,
      "closed_lots": 4.719999999999987,
      "equity_start": 1190.7500000000427,
      "equity_end": 990.3399999999974,
      "win_rate_pct": 52.87356321839081,
      "pnl_pct": -16.830568969140298
    },
    {
      "month": "2025-09",
      "signals": 469,
      "wins": 145,
      "losses": 68,
      "no_fills": 221,
      "open": 0,
      "pnl": 842.9799999999495,
      "trading_pnl": 842.9799999999495,
      "bonus": 0.0,
      "closed_lots": 6.780000000000005,
      "equity_start": 990.3399999999974,
      "equity_end": 1833.319999999947,
      "win_rate_pct": 68.07511737089203,
      "pnl_pct": 85.12026172829046
    },
    {
      "month": "2025-10",
      "signals": 479,
      "wins": 207,
      "losses": 45,
      "no_fills": 149,
      "open": 0,
      "pnl": 1064.289999999925,
      "trading_pnl": 1064.289999999925,
      "bonus": 0.0,
      "closed_lots": 9.469999999999986,
      "equity_start": 1833.319999999947,
      "equity_end": 2897.609999999872,
      "win_rate_pct": 82.14285714285714,
      "pnl_pct": 58.0526040189359
    },
    {
      "month": "2025-11",
      "signals": 433,
      "wins": 185,
      "losses": 48,
      "no_fills": 149,
      "open": 0,
      "pnl": 798.8799999999278,
      "trading_pnl": 798.8799999999278,
      "bonus": 0.0,
      "closed_lots": 8.150000000000015,
      "equity_start": 2897.609999999872,
      "equity_end": 3696.4899999997997,
      "win_rate_pct": 79.39914163090128,
      "pnl_pct": 27.570307943441776
    },
    {
      "month": "2025-12",
      "signals": 459,
      "wins": 193,
      "losses": 60,
      "no_fills": 153,
      "open": 0,
      "pnl": 320.70999999991545,
      "trading_pnl": 320.70999999991545,
      "bonus": 0.0,
      "closed_lots": 8.540000000000001,
      "equity_start": 3696.4899999997997,
      "equity_end": 4017.199999999715,
      "win_rate_pct": 76.28458498023716,
      "pnl_pct": 8.676068378378755
    },
    {
      "month": "2026-01",
      "signals": 447,
      "wins": 191,
      "losses": 38,
      "no_fills": 130,
      "open": 0,
      "pnl": 1769.0499999999065,
      "trading_pnl": 1769.0499999999065,
      "bonus": 0.0,
      "closed_lots": 9.089999999999991,
      "equity_start": 4017.199999999715,
      "equity_end": 5786.249999999622,
      "win_rate_pct": 83.4061135371179,
      "pnl_pct": 44.03689136712217
    },
    {
      "month": "2026-02",
      "signals": 430,
      "wins": 231,
      "losses": 33,
      "no_fills": 64,
      "open": 0,
      "pnl": 3074.8499999999194,
      "trading_pnl": 3074.8499999999194,
      "bonus": 0.0,
      "closed_lots": 10.629999999999962,
      "equity_start": 5786.249999999622,
      "equity_end": 8861.099999999533,
      "win_rate_pct": 87.5,
      "pnl_pct": 53.140635126379266
    },
    {
      "month": "2026-03",
      "signals": 466,
      "wins": 238,
      "losses": 45,
      "no_fills": 77,
      "open": 0,
      "pnl": 2129.83999999996,
      "trading_pnl": 2129.83999999996,
      "bonus": 0.0,
      "closed_lots": 11.329999999999947,
      "equity_start": 8861.099999999533,
      "equity_end": 11020.779999999502,
      "win_rate_pct": 84.09893992932862,
      "pnl_pct": 24.03584205121342
    },
    {
      "month": "2026-04",
      "signals": 437,
      "wins": 189,
      "losses": 55,
      "no_fills": 101,
      "open": 0,
      "pnl": 707.0899999999674,
      "trading_pnl": 707.0899999999674,
      "bonus": 0.0,
      "closed_lots": 9.739999999999982,
      "equity_start": 10990.939999999502,
      "equity_end": 11706.069999999483,
      "win_rate_pct": 77.45901639344262,
      "pnl_pct": 6.43338968277508
    },
    {
      "month": "2026-05",
      "signals": 449,
      "wins": 194,
      "losses": 45,
      "no_fills": 117,
      "open": 0,
      "pnl": 939.6499999999942,
      "trading_pnl": 939.6499999999942,
      "bonus": 0.0,
      "closed_lots": 9.529999999999985,
      "equity_start": 11698.029999999482,