{
  "rank": 14,
  "candidate_id": "97cd547d4798d6d3",
  "filter_preset": "self_limit",
  "metrics": {
    "candidate_id": "97cd547d4798d6d3",
    "filter_preset": "self_limit",
    "passes_recommendation_gate": false,
    "passes_dd": false,
    "passes_edge": true,
    "passes_consistency": true,
    "passes_oos": true,
    "score": 6774.522175922973,
    "fixed_no_bonus_profit": 7585.766666663452,
    "fixed_with_bonus_profit": 8723.396666663963,
    "bonus_contribution": 1137.6300000005103,
    "concurrent_risk_max_dd_pct": 100.74088327567242,
    "risk_net_profit_with_bonus": -1053.3266666655707,
    "stable_months": 13,
    "total_months": 18,
    "stable_fraction": 0.7222222222222222,
    "worst_month_pnl": -1683.6416666671885,
    "oos_fixed_no_bonus_profit": 5183.65166666414
  },
  "monthly": [
    {
      "month": "2025-01",
      "signals": 741,
      "wins": 248,
      "losses": 177,
      "no_fills": 316,
      "open": 0,
      "pnl": 786.1833333333648,
      "trading_pnl": 786.1833333333648,
      "bonus": 0.0,
      "closed_lots": 14.57999999999986,
      "equity_start": 1000.0,
      "equity_end": 1786.1833333333648,
      "win_rate_pct": 58.35294117647059,
      "pnl_pct": 78.61833333333648
    },
    {
      "month": "2025-02",
      "signals": 682,
      "wins": 257,
      "losses": 200,
      "no_fills": 225,
      "open": 0,
      "pnl": 42.14333333330069,
      "trading_pnl": 42.14333333330069,
      "bonus": 0.0,
      "closed_lots": 16.54999999999983,
      "equity_start": 1786.1833333333648,
      "equity_end": 1828.3266666666655,
      "win_rate_pct": 56.236323851203494,
      "pnl_pct": 2.359406929111417
    },
    {
      "month": "2025-03",
      "signals": 698,
      "wins": 313,
      "losses": 197,
      "no_fills": 188,
      "open": 0,
      "pnl": 1907.6816666667705,
      "trading_pnl": 1907.6816666667705,
      "bonus": 0.0,
      "closed_lots": 18.67999999999979,
      "equity_start": 1828.3266666666655,
      "equity_end": 3736.008333333436,
      "win_rate_pct": 61.372549019607845,
      "pnl_pct": 104.34030753075336
    },
    {
      "month": "2025-04",
      "signals": 697,
      "wins": 320,
      "losses": 270,
      "no_fills": 107,
      "open": 0,
      "pnl": 479.3666666667423,
      "trading_pnl": 479.3666666667423,
      "bonus": 0.0,
      "closed_lots": 22.58999999999972,
      "equity_start": 3736.008333333436,
      "equity_end": 4290.050000000187,
      "win_rate_pct": 54.23728813559322,
      "pnl_pct": 12.830984941594862
    },
    {
      "month": "2025-05",
      "signals": 726,
      "wins": 307,
      "losses": 288,
      "no_fills": 131,
      "open": 0,
      "pnl": 217.13000000016837,
      "trading_pnl": 217.13000000016837,
      "bonus": 0.0,
      "closed_lots": 22.76999999999972,
      "equity_start": 4215.375000000184,
      "equity_end": 4432.50500000035,
      "win_rate_pct": 51.59663865546219,
      "pnl_pct": 5.150905909916885
    },
    {
      "month": "2025-06",
      "signals": 680,
      "wins": 299,
      "losses": 236,
      "no_fills": 145,
      "open": 0,
      "pnl": -78.44666666660532,
      "trading_pnl": -78.44666666660532,
      "bonus": 0.0,
      "closed_lots": 19.809999999999775,
      "equity_start": 4432.50500000035,
      "equity_end": 4354.058333333751,
      "win_rate_pct": 55.887850467289724,
      "pnl_pct": -1.7698043581811893
    },
    {
      "month": "2025-07",
      "signals": 774,
      "wins": 259,
      "losses": 260,
      "no_fills": 255,
      "open": 0,
      "pnl": -1511.1366666666459,
      "trading_pnl": -1511.1366666666459,
      "bonus": 0.0,
      "closed_lots": 18.489999999999796,
      "equity_start": 4354.058333333751,
      "equity_end": 2785.9816666671118,
      "win_rate_pct": 49.90366088631985,
      "pnl_pct": -34.70639460885728
    },
    {
      "month": "2025-08",
      "signals": 697,
      "wins": 259,
      "losses": 222,
      "no_fills": 216,
      "open": 0,
      "pnl": 410.9883333333046,
      "trading_pnl": 410.9883333333046,
      "bonus": 0.0,
      "closed_lots": 17.659999999999805,
      "equity_start": 2846.4816666671063,
      "equity_end": 3253.9100000004114,
      "win_rate_pct": 53.84615384615385,
      "pnl_pct": 14.438467605327082
    },
    {
      "month": "2025-09",
      "signals": 745,
      "wins": 331,
      "losses": 230,
      "no_fills": 184,
      "open": 0,
      "pnl": 926.8449999999507,
      "trading_pnl": 926.8449999999507,
      "bonus": 0.0,
      "closed_lots": 20.809999999999743,
      "equity_start": 3253.9100000004114,
      "equity_end": 4208.1550000003535,
      "win_rate_pct": 59.001782531194294,
      "pnl_pct": 28.48403920206255
    },
    {
      "month": "2025-10",
      "signals": 784,
      "wins": 383,
      "losses": 287,
      "no_fills": 114,
      "open": 0,
      "pnl": 1484.6399999997193,
      "trading_pnl": 1484.6399999997193,
      "bonus": 0.0,
      "closed_lots": 25.90999999999964,
      "equity_start": 4180.7550000003575,
      "equity_end": 5665.395000000075,
      "win_rate_pct": 57.16417910447761,
      "pnl_pct": 35.51128922884963
    },
    {
      "month": "2025-11",
      "signals": 676,
      "wins": 311,
      "losses": 273,
      "no_fills": 92,
      "open": 0,
      "pnl": -579.6383333335684,
      "trading_pnl": -579.6383333335684,
      "bonus": 0.0,
      "closed_lots": 22.319999999999716,
      "equity_start": 5665.395000000075,
      "equity_end": 5085.7566666665125,
      "win_rate_pct": 53.25342465753424,
      "pnl_pct": -10.231207768100207
    },
    {
      "month": "2025-12",
      "signals": 726,
      "wins": 314,
      "losses": 300,
      "no_fills": 112,
      "open": 0,
      "pnl": -1683.6416666671885,
      "trading_pnl": -1683.6416666671885,
      "bonus": 0.0,
      "closed_lots": 23.739999999999696,
      "equity_start": 5085.7566666665125,
      "equity_end": 3402.114999999324,
      "win_rate_pct": 51.14006514657981,
      "pnl_pct": -33.10503779510829
    },
    {
      "month": "2026-01",
      "signals": 743,
      "wins": 351,
      "losses": 281,
      "no_fills": 111,
      "open": 0,
      "pnl": 879.5916666659832,
      "trading_pnl": 879.5916666659832,
      "bonus": 0.0,
      "closed_lots": 24.49999999999966,
      "equity_start": 3402.114999999324,
      "equity_end": 4281.706666665307,
      "win_rate_pct": 55.5379746835443,
      "pnl_pct": 25.85426026651533
    },
    {
      "month": "2026-02",
      "signals": 668,
      "wins": 365,
      "losses": 250,
      "no_fills": 53,
      "open": 0,
      "pnl": 2220.361666666169,
      "trading_pnl": 2220.361666666169,
      "bonus": 0.0,
      "closed_lots": 24.34999999999966,
      "equity_start": 4281.706666665307,
      "equity_end": 6502.068333331476,
      "win_rate_pct": 59.34959349593496,
      "pnl_pct": 51.85693088114881
    },
    {
      "month": "2026-03",
      "signals": 743,
      "wins": 367,
      "losses": 307,
      "no_fills": 69,
      "open": 0,
      "pnl": 1539.0116666662889,
      "trading_pnl": 1539.0116666662889,
      "bonus": 0.0,
      "closed_lots": 26.60999999999962,
      "equity_start": 6502.068333331476,
      "equity_end": 8248.074999997769,
      "win_rate_pct": 54.45103857566765,
      "pnl_pct": 23.669570785297218
    },
    {
      "month": "2026-04",
      "signals": 685,
      "wins": 332,
      "losses": 283,
      "no_fills": 70,
      "open": 0,
      "pnl": 592.2399999995696,
      "trading_pnl": 592.2399999995696,
      "bonus": 0.0,
      "closed_lots": 24.209999999999678,
      "equity_start": 8021.539999997772,
      "equity_end": 8521.719999997329,
      "win_rate_pct": 53.98373983739837,
      "pnl_pct": 7.383120946847289
    },
    {
      "month": "2026-05",
      "signals": 712,
      "wins": 341,
      "losses": 293,
      "no_fills": 78,
      "open": 0,
      "pnl": -228.9900000003945,
      "trading_pnl": -228.9900000003945,
      "bonus": 0.0,
      "closed_lots": 24.47999999999967,