{
  "rank": 13,
  "candidate_id": "2e25fefeaf3b2898",
  "filter_preset": "self_limit",
  "metrics": {
    "candidate_id": "2e25fefeaf3b2898",
    "filter_preset": "self_limit",
    "passes_recommendation_gate": false,
    "passes_dd": false,
    "passes_edge": true,
    "passes_consistency": true,
    "passes_oos": true,
    "score": 6785.195000000025,
    "fixed_no_bonus_profit": 6704.639999999986,
    "fixed_with_bonus_profit": 7029.899999999241,
    "bonus_contribution": 325.25999999925534,
    "concurrent_risk_max_dd_pct": 93.43201008332544,
    "risk_net_profit_with_bonus": 33812775356.484318,
    "stable_months": 16,
    "total_months": 18,
    "stable_fraction": 0.8888888888888888,
    "worst_month_pnl": -47.70000000004711,
    "oos_fixed_no_bonus_profit": 3302.060000000155
  },
  "monthly": [
    {
      "month": "2025-01",
      "signals": 741,
      "wins": 264,
      "losses": 177,
      "no_fills": 226,
      "open": 0,
      "pnl": 247.29999999998972,
      "trading_pnl": 247.29999999998972,
      "bonus": 0.0,
      "closed_lots": 5.149999999999935,
      "equity_start": 1000.0,
      "equity_end": 1247.2999999999897,
      "win_rate_pct": 59.863945578231295,
      "pnl_pct": 24.729999999998974
    },
    {
      "month": "2025-02",
      "signals": 682,
      "wins": 266,
      "losses": 193,
      "no_fills": 137,
      "open": 0,
      "pnl": 190.85999999995602,
      "trading_pnl": 190.85999999995602,
      "bonus": 0.0,
      "closed_lots": 5.449999999999928,
      "equity_start": 1247.2999999999897,
      "equity_end": 1438.1599999999457,
      "win_rate_pct": 57.9520697167756,
      "pnl_pct": 15.301852000317293
    },
    {
      "month": "2025-03",
      "signals": 698,
      "wins": 283,
      "losses": 216,
      "no_fills": 128,
      "open": 0,
      "pnl": 67.0900000000297,
      "trading_pnl": 67.0900000000297,
      "bonus": 0.0,
      "closed_lots": 5.699999999999923,
      "equity_start": 1438.1599999999457,
      "equity_end": 1505.2499999999754,
      "win_rate_pct": 56.71342685370742,
      "pnl_pct": 4.664988596542265
    },
    {
      "month": "2025-04",
      "signals": 697,
      "wins": 282,
      "losses": 171,
      "no_fills": 72,
      "open": 0,
      "pnl": 182.2599999999902,
      "trading_pnl": 182.2599999999902,
      "bonus": 0.0,
      "closed_lots": 6.249999999999911,
      "equity_start": 1505.2499999999754,
      "equity_end": 1704.8299999999654,
      "win_rate_pct": 62.251655629139066,
      "pnl_pct": 12.108287659856714
    },
    {
      "month": "2025-05",
      "signals": 726,
      "wins": 266,
      "losses": 170,
      "no_fills": 94,
      "open": 0,
      "pnl": 5.150000000016917,
      "trading_pnl": 5.150000000016917,
      "bonus": 0.0,
      "closed_lots": 6.31999999999991,
      "equity_start": 1687.5099999999657,
      "equity_end": 1692.6599999999826,
      "win_rate_pct": 61.00917431192661,
      "pnl_pct": 0.30518337669210976
    },
    {
      "month": "2025-06",
      "signals": 680,
      "wins": 270,
      "losses": 189,
      "no_fills": 94,
      "open": 0,
      "pnl": -22.06000000000313,
      "trading_pnl": -22.06000000000313,
      "bonus": 0.0,
      "closed_lots": 5.8599999999999195,
      "equity_start": 1692.6599999999826,
      "equity_end": 1670.5999999999794,
      "win_rate_pct": 58.82352941176471,
      "pnl_pct": -1.303274136566313
    },
    {
      "month": "2025-07",
      "signals": 774,
      "wins": 327,
      "losses": 200,
      "no_fills": 147,
      "open": 0,
      "pnl": 409.24999999999454,
      "trading_pnl": 409.24999999999454,
      "bonus": 0.0,
      "closed_lots": 6.269999999999911,
      "equity_start": 1670.5999999999794,
      "equity_end": 2079.849999999974,
      "win_rate_pct": 62.04933586337761,
      "pnl_pct": 24.497186639530682
    },
    {
      "month": "2025-08",
      "signals": 697,
      "wins": 274,
      "losses": 211,
      "no_fills": 130,
      "open": 0,
      "pnl": -47.70000000004711,
      "trading_pnl": -47.70000000004711,
      "bonus": 0.0,
      "closed_lots": 5.6699999999999235,
      "equity_start": 2079.849999999974,
      "equity_end": 2032.1499999999269,
      "win_rate_pct": 56.49484536082474,
      "pnl_pct": -2.29343462269143
    },
    {
      "month": "2025-09",
      "signals": 745,
      "wins": 314,
      "losses": 160,
      "no_fills": 117,
      "open": 0,
      "pnl": 475.50999999996156,
      "trading_pnl": 475.50999999996156,
      "bonus": 0.0,
      "closed_lots": 6.2799999999999105,
      "equity_start": 2032.1499999999269,
      "equity_end": 2527.169999999887,
      "win_rate_pct": 66.24472573839662,
      "pnl_pct": 23.399355362546007
    },
    {
      "month": "2025-10",
      "signals": 784,
      "wins": 316,
      "losses": 110,
      "no_fills": 79,
      "open": 0,
      "pnl": 1240.969999999953,
      "trading_pnl": 1240.969999999953,
      "bonus": 0.0,
      "closed_lots": 7.049999999999894,
      "equity_start": 2507.6599999998884,
      "equity_end": 3748.6299999998414,
      "win_rate_pct": 74.17840375586854,
      "pnl_pct": 49.487171307115325
    },
    {
      "month": "2025-11",
      "signals": 676,
      "wins": 258,
      "losses": 139,
      "no_fills": 59,
      "open": 0,
      "pnl": 368.7799999999879,
      "trading_pnl": 368.7799999999879,
      "bonus": 0.0,
      "closed_lots": 6.169999999999913,
      "equity_start": 3748.6299999998414,
      "equity_end": 4117.40999999983,
      "win_rate_pct": 64.98740554156171,
      "pnl_pct": 9.837727383070709
    },
    {
      "month": "2025-12",
      "signals": 726,
      "wins": 266,
      "losses": 157,
      "no_fills": 71,
      "open": 0,
      "pnl": 285.1700000000001,
      "trading_pnl": 285.1700000000001,
      "bonus": 0.0,
      "closed_lots": 6.549999999999905,
      "equity_start": 4117.40999999983,
      "equity_end": 4402.57999999983,
      "win_rate_pct": 62.88416075650118,
      "pnl_pct": 6.925955880031667
    },
    {
      "month": "2026-01",
      "signals": 743,
      "wins": 258,
      "losses": 127,
      "no_fills": 80,
      "open": 0,
      "pnl": 705.7099999999828,
      "trading_pnl": 705.7099999999828,
      "bonus": 0.0,
      "closed_lots": 6.629999999999903,
      "equity_start": 4402.57999999983,
      "equity_end": 5108.289999999813,
      "win_rate_pct": 67.01298701298701,
      "pnl_pct": 16.029464541246497
    },
    {
      "month": "2026-02",
      "signals": 668,
      "wins": 218,
      "losses": 99,
      "no_fills": 46,
      "open": 0,
      "pnl": 1049.4700000000157,
      "trading_pnl": 1049.4700000000157,
      "bonus": 0.0,
      "closed_lots": 6.219999999999912,
      "equity_start": 5108.289999999813,
      "equity_end": 6157.759999999828,
      "win_rate_pct": 68.76971608832808,
      "pnl_pct": 20.54444833789887
    },
    {
      "month": "2026-03",
      "signals": 743,
      "wins": 225,
      "losses": 126,
      "no_fills": 56,
      "open": 0,
      "pnl": 743.2100000000537,
      "trading_pnl": 743.2100000000537,
      "bonus": 0.0,
      "closed_lots": 6.869999999999898,
      "equity_start": 6157.759999999828,
      "equity_end": 6900.969999999882,
      "win_rate_pct": 64.1025641025641,
      "pnl_pct": 12.069486306710143
    },
    {
      "month": "2026-04",
      "signals": 685,
      "wins": 232,
      "losses": 142,
      "no_fills": 41,
      "open": 0,
      "pnl": 248.0800000000463,
      "trading_pnl": 248.0800000000463,
      "bonus": 0.0,
      "closed_lots": 6.439999999999907,
      "equity_start": 6900.969999999882,
      "equity_end": 7149.049999999928,
      "win_rate_pct": 62.03208556149733,
      "pnl_pct": 3.5948569548925815
    },
    {
      "month": "2026-05",
      "signals": 712,
      "wins": 247,
      "losses": 150,
      "no_fills": 54,
      "open": 0,
      "pnl": 179.33000000004176,
      "trading_pnl": 179.33000000004176,
      "bonus": 0.0,
      "closed_lots": 6.579999999999904,
      "equity_start": 7149.049999999928,