{
  "rank": 3,
  "candidate_id": "bb3451562613809b",
  "filter_preset": "self_limit",
  "metrics": {
    "candidate_id": "bb3451562613809b",
    "filter_preset": "self_limit",
    "passes_recommendation_gate": false,
    "passes_dd": false,
    "passes_edge": true,
    "passes_consistency": true,
    "passes_oos": true,
    "score": 22428.210833333662,
    "fixed_no_bonus_profit": 24942.21000000008,
    "fixed_with_bonus_profit": 26214.77999999967,
    "bonus_contribution": 1272.5699999995923,
    "concurrent_risk_max_dd_pct": 101.07732666509683,
    "risk_net_profit_with_bonus": -1028.090000000401,
    "stable_months": 13,
    "total_months": 18,
    "stable_fraction": 0.7222222222222222,
    "worst_month_pnl": -595.3499999999312,
    "oos_fixed_no_bonus_profit": 17657.570000001084
  },
  "monthly": [
    {
      "month": "2025-01",
      "signals": 741,
      "wins": 315,
      "losses": 238,
      "no_fills": 187,
      "open": 0,
      "pnl": 783.7599999999743,
      "trading_pnl": 783.7599999999743,
      "bonus": 0.0,
      "closed_lots": 19.709999999999777,
      "equity_start": 1000.0,
      "equity_end": 1783.7599999999743,
      "win_rate_pct": 56.9620253164557,
      "pnl_pct": 78.37599999999742
    },
    {
      "month": "2025-02",
      "signals": 682,
      "wins": 318,
      "losses": 246,
      "no_fills": 115,
      "open": 0,
      "pnl": -260.15000000018654,
      "trading_pnl": -260.15000000018654,
      "bonus": 0.0,
      "closed_lots": 20.47999999999976,
      "equity_start": 1783.7599999999743,
      "equity_end": 1523.6099999997878,
      "win_rate_pct": 56.38297872340425,
      "pnl_pct": -14.584361124825666
    },
    {
      "month": "2025-03",
      "signals": 698,
      "wins": 311,
      "losses": 280,
      "no_fills": 105,
      "open": 0,
      "pnl": -595.3499999999312,
      "trading_pnl": -595.3499999999312,
      "bonus": 0.0,
      "closed_lots": 22.119999999999727,
      "equity_start": 1523.6099999997878,
      "equity_end": 1023.1899999998545,
      "win_rate_pct": 52.62267343485617,
      "pnl_pct": -39.07496012759264
    },
    {
      "month": "2025-04",
      "signals": 697,
      "wins": 361,
      "losses": 272,
      "no_fills": 60,
      "open": 0,
      "pnl": 1090.189999999915,
      "trading_pnl": 1090.189999999915,
      "bonus": 0.0,
      "closed_lots": 24.669999999999664,
      "equity_start": 902.6999999998566,
      "equity_end": 2150.5199999997694,
      "win_rate_pct": 57.030015797788316,
      "pnl_pct": 120.76991248477769
    },
    {
      "month": "2025-05",
      "signals": 726,
      "wins": 380,
      "losses": 272,
      "no_fills": 72,
      "open": 0,
      "pnl": 127.14000000006945,
      "trading_pnl": 127.14000000006945,
      "bonus": 0.0,
      "closed_lots": 25.00999999999967,
      "equity_start": 2018.4499999997715,
      "equity_end": 2145.589999999841,
      "win_rate_pct": 58.282208588957054,
      "pnl_pct": 6.298892714710984
    },
    {
      "month": "2025-06",
      "signals": 680,
      "wins": 330,
      "losses": 269,
      "no_fills": 80,
      "open": 0,
      "pnl": -9.720000000051186,
      "trading_pnl": -9.720000000051186,
      "bonus": 0.0,
      "closed_lots": 22.839999999999733,
      "equity_start": 2145.589999999841,
      "equity_end": 2135.86999999979,
      "win_rate_pct": 55.09181969949917,
      "pnl_pct": -0.45302224563182647
    },
    {
      "month": "2025-07",
      "signals": 774,
      "wins": 376,
      "losses": 277,
      "no_fills": 120,
      "open": 0,
      "pnl": -172.87000000005082,
      "trading_pnl": -172.87000000005082,
      "bonus": 0.0,
      "closed_lots": 23.41999999999972,
      "equity_start": 2135.86999999979,
      "equity_end": 2013.1199999997393,
      "win_rate_pct": 57.58039816232772,
      "pnl_pct": -8.093657385518211
    },
    {
      "month": "2025-08",
      "signals": 697,
      "wins": 333,
      "losses": 257,
      "no_fills": 107,
      "open": 0,
      "pnl": -126.66000000023041,
      "trading_pnl": -126.66000000023041,
      "bonus": 0.0,
      "closed_lots": 21.569999999999748,
      "equity_start": 1948.8899999997388,
      "equity_end": 1836.3399999995086,
      "win_rate_pct": 56.440677966101696,
      "pnl_pct": -6.499084094035446
    },
    {
      "month": "2025-09",
      "signals": 745,
      "wins": 388,
      "losses": 259,
      "no_fills": 95,
      "open": 0,
      "pnl": 292.65999999977475,
      "trading_pnl": 292.65999999977475,
      "bonus": 0.0,
      "closed_lots": 24.42999999999969,
      "equity_start": 1836.3399999995086,
      "equity_end": 2234.769999999278,
      "win_rate_pct": 59.969088098918085,
      "pnl_pct": 15.937135824512513
    },
    {
      "month": "2025-10",
      "signals": 784,
      "wins": 479,
      "losses": 234,
      "no_fills": 63,
      "open": 0,
      "pnl": 4410.849999999721,
      "trading_pnl": 4410.849999999721,
      "bonus": 0.0,
      "closed_lots": 27.99999999999959,
      "equity_start": 2121.8499999992837,
      "equity_end": 6539.8499999990045,
      "win_rate_pct": 67.18092566619916,
      "pnl_pct": 207.8775596767543
    },
    {
      "month": "2025-11",
      "signals": 676,
      "wins": 392,
      "losses": 237,
      "no_fills": 47,
      "open": 0,
      "pnl": 1421.679999999892,
      "trading_pnl": 1421.679999999892,
      "bonus": 0.0,
      "closed_lots": 24.279999999999678,
      "equity_start": 6539.8499999990045,
      "equity_end": 7961.529999998904,
      "win_rate_pct": 62.32114467408585,
      "pnl_pct": 21.738724894303516
    },
    {
      "month": "2025-12",
      "signals": 726,
      "wins": 388,
      "losses": 279,
      "no_fills": 56,
      "open": 0,
      "pnl": 323.11000000006607,
      "trading_pnl": 323.11000000006607,
      "bonus": 0.0,
      "closed_lots": 25.749999999999662,
      "equity_start": 7961.529999998904,
      "equity_end": 8284.639999998964,
      "win_rate_pct": 58.17091454272864,
      "pnl_pct": 4.058390786696911
    },
    {
      "month": "2026-01",
      "signals": 743,
      "wins": 422,
      "losses": 241,
      "no_fills": 62,
      "open": 0,
      "pnl": 3290.7500000000173,
      "trading_pnl": 3290.7500000000173,
      "bonus": 0.0,
      "closed_lots": 26.379999999999637,
      "equity_start": 8284.639999998964,
      "equity_end": 11575.389999998992,
      "win_rate_pct": 63.65007541478129,
      "pnl_pct": 39.721098321718614
    },
    {
      "month": "2026-02",
      "signals": 668,
      "wins": 409,
      "losses": 200,
      "no_fills": 36,
      "open": 0,
      "pnl": 4423.650000000103,
      "trading_pnl": 4423.650000000103,
      "bonus": 0.0,
      "closed_lots": 24.88999999999966,
      "equity_start": 11575.389999998992,
      "equity_end": 15999.039999999082,
      "win_rate_pct": 67.15927750410509,
      "pnl_pct": 38.21599099469209
    },
    {
      "month": "2026-03",
      "signals": 743,
      "wins": 445,
      "losses": 227,
      "no_fills": 44,
      "open": 0,
      "pnl": 5013.220000000265,
      "trading_pnl": 5013.220000000265,
      "bonus": 0.0,
      "closed_lots": 27.519999999999605,
      "equity_start": 15999.039999999082,
      "equity_end": 21133.159999999392,
      "win_rate_pct": 66.22023809523809,
      "pnl_pct": 31.33450507030767
    },
    {
      "month": "2026-04",
      "signals": 685,
      "wins": 396,
      "losses": 242,
      "no_fills": 35,
      "open": 0,
      "pnl": 1902.8900000002614,
      "trading_pnl": 1902.8900000002614,
      "bonus": 0.0,
      "closed_lots": 25.369999999999653,
      "equity_start": 20964.639999999392,
      "equity_end": 22870.749999999636,
      "win_rate_pct": 62.06896551724138,
      "pnl_pct": 9.07666432621937
    },
    {
      "month": "2026-05",
      "signals": 712,
      "wins": 406,
      "losses": 255,
      "no_fills": 47,
      "open": 0,
      "pnl": 1830.1300000002839,
      "trading_pnl": 1830.1300000002839,
      "bonus": 0.0,
      "closed_lots": 26.019999999999637,