{
  "rank": 7,
  "candidate_id": "26d667c3ddd88f0d",
  "filter_preset": "self_limit",
  "metrics": {
    "candidate_id": "26d667c3ddd88f0d",
    "filter_preset": "self_limit",
    "passes_recommendation_gate": false,
    "passes_dd": false,
    "passes_edge": true,
    "passes_consistency": true,
    "passes_oos": true,
    "score": 17251.41888888795,
    "fixed_no_bonus_profit": 17813.20999999892,
    "fixed_with_bonus_profit": 18388.399999999034,
    "bonus_contribution": 575.1900000001151,
    "concurrent_risk_max_dd_pct": 88.83266593426156,
    "risk_net_profit_with_bonus": 6.03316992860945e+19,
    "stable_months": 14,
    "total_months": 18,
    "stable_fraction": 0.7777777777777778,
    "worst_month_pnl": -369.0999999999135,
    "oos_fixed_no_bonus_profit": 13586.79999999961
  },
  "monthly": [
    {
      "month": "2025-01",
      "signals": 741,
      "wins": 248,
      "losses": 227,
      "no_fills": 266,
      "open": 0,
      "pnl": 54.669999999998254,
      "trading_pnl": 54.669999999998254,
      "bonus": 0.0,
      "closed_lots": 7.969999999999912,
      "equity_start": 1000.0,
      "equity_end": 1054.6699999999983,
      "win_rate_pct": 52.21052631578947,
      "pnl_pct": 5.4669999999998256
    },
    {
      "month": "2025-02",
      "signals": 682,
      "wins": 263,
      "losses": 232,
      "no_fills": 187,
      "open": 0,
      "pnl": -70.76000000010254,
      "trading_pnl": -70.76000000010254,
      "bonus": 0.0,
      "closed_lots": 8.609999999999896,
      "equity_start": 1054.6699999999983,
      "equity_end": 983.9099999998957,
      "win_rate_pct": 53.13131313131313,
      "pnl_pct": -6.709207619454678
    },
    {
      "month": "2025-03",
      "signals": 698,
      "wins": 240,
      "losses": 287,
      "no_fills": 171,
      "open": 0,
      "pnl": -369.0999999999135,
      "trading_pnl": -369.0999999999135,
      "bonus": 0.0,
      "closed_lots": 9.45999999999988,
      "equity_start": 983.9099999998957,
      "equity_end": 614.8099999999822,
      "win_rate_pct": 45.54079696394687,
      "pnl_pct": -37.51359372299831
    },
    {
      "month": "2025-04",
      "signals": 697,
      "wins": 339,
      "losses": 260,
      "no_fills": 98,
      "open": 0,
      "pnl": 717.0300000000034,
      "trading_pnl": 717.0300000000034,
      "bonus": 0.0,
      "closed_lots": 11.299999999999846,
      "equity_start": 614.8099999999822,
      "equity_end": 1350.4299999999853,
      "win_rate_pct": 56.594323873121866,
      "pnl_pct": 116.62627478408356
    },
    {
      "month": "2025-05",
      "signals": 726,
      "wins": 351,
      "losses": 253,
      "no_fills": 121,
      "open": 0,
      "pnl": 594.3000000001002,
      "trading_pnl": 594.3000000001002,
      "bonus": 0.0,
      "closed_lots": 11.239999999999846,
      "equity_start": 1331.8399999999856,
      "equity_end": 1926.1400000000858,
      "win_rate_pct": 58.11258278145696,
      "pnl_pct": 44.622477174443375
    },
    {
      "month": "2025-06",
      "signals": 680,
      "wins": 287,
      "losses": 265,
      "no_fills": 128,
      "open": 0,
      "pnl": 11.730000000010477,
      "trading_pnl": 11.730000000010477,
      "bonus": 0.0,
      "closed_lots": 10.199999999999868,
      "equity_start": 1926.1400000000858,
      "equity_end": 1937.8700000000963,
      "win_rate_pct": 51.992753623188406,
      "pnl_pct": 0.6089900007273591
    },
    {
      "month": "2025-07",
      "signals": 774,
      "wins": 279,
      "losses": 303,
      "no_fills": 192,
      "open": 0,
      "pnl": -225.0700000000047,
      "trading_pnl": -225.0700000000047,
      "bonus": 0.0,
      "closed_lots": 10.029999999999868,
      "equity_start": 1937.8700000000963,
      "equity_end": 1715.0600000000913,
      "win_rate_pct": 47.93814432989691,
      "pnl_pct": -11.614298172735712
    },
    {
      "month": "2025-08",
      "signals": 697,
      "wins": 260,
      "losses": 269,
      "no_fills": 168,
      "open": 0,
      "pnl": -282.10000000011087,
      "trading_pnl": -282.10000000011087,
      "bonus": 0.0,
      "closed_lots": 9.219999999999889,
      "equity_start": 1712.3000000000916,
      "equity_end": 1430.6999999999807,
      "win_rate_pct": 49.14933837429111,
      "pnl_pct": -16.474916778607472
    },
    {
      "month": "2025-09",
      "signals": 745,
      "wins": 329,
      "losses": 263,
      "no_fills": 153,
      "open": 0,
      "pnl": 24.059999999862157,
      "trading_pnl": 24.059999999862157,
      "bonus": 0.0,
      "closed_lots": 10.749999999999854,
      "equity_start": 1430.6999999999807,
      "equity_end": 1459.6499999998423,
      "win_rate_pct": 55.57432432432432,
      "pnl_pct": 1.6816942755198492
    },
    {
      "month": "2025-10",
      "signals": 784,
      "wins": 439,
      "losses": 241,
      "no_fills": 104,
      "open": 0,
      "pnl": 2514.299999999803,
      "trading_pnl": 2514.299999999803,
      "bonus": 0.0,
      "closed_lots": 12.91999999999981,
      "equity_start": 1454.7599999998429,
      "equity_end": 3969.0599999996457,
      "win_rate_pct": 64.55882352941177,
      "pnl_pct": 172.83263218675756
    },
    {
      "month": "2025-11",
      "signals": 676,
      "wins": 361,
      "losses": 232,
      "no_fills": 83,
      "open": 0,
      "pnl": 814.7999999998365,
      "trading_pnl": 814.7999999998365,
      "bonus": 0.0,
      "closed_lots": 11.249999999999845,
      "equity_start": 3969.0599999996457,
      "equity_end": 4783.8599999994785,
      "win_rate_pct": 60.87689713322091,
      "pnl_pct": 20.528790192133886
    },
    {
      "month": "2025-12",
      "signals": 726,
      "wins": 353,
      "losses": 270,
      "no_fills": 103,
      "open": 0,
      "pnl": 442.54999999980737,
      "trading_pnl": 442.54999999980737,
      "bonus": 0.0,
      "closed_lots": 11.679999999999836,
      "equity_start": 4783.8599999994785,
      "equity_end": 5226.409999999286,
      "win_rate_pct": 56.66131621187801,
      "pnl_pct": 9.250897810551638
    },
    {
      "month": "2026-01",
      "signals": 743,
      "wins": 391,
      "losses": 250,
      "no_fills": 102,
      "open": 0,
      "pnl": 2403.339999999793,
      "trading_pnl": 2403.339999999793,
      "bonus": 0.0,
      "closed_lots": 12.279999999999825,
      "equity_start": 5226.409999999286,
      "equity_end": 7629.749999999079,
      "win_rate_pct": 60.9984399375975,
      "pnl_pct": 45.984528576979635
    },
    {
      "month": "2026-02",
      "signals": 668,
      "wins": 359,
      "losses": 242,
      "no_fills": 67,
      "open": 0,
      "pnl": 3018.2299999998877,
      "trading_pnl": 3018.2299999998877,
      "bonus": 0.0,
      "closed_lots": 11.809999999999837,
      "equity_start": 7629.749999999079,
      "equity_end": 10647.979999998952,
      "win_rate_pct": 59.73377703826955,
      "pnl_pct": 39.55870113699993
    },
    {
      "month": "2026-03",
      "signals": 743,
      "wins": 410,
      "losses": 258,
      "no_fills": 75,
      "open": 0,
      "pnl": 3898.649999999985,
      "trading_pnl": 3898.649999999985,
      "bonus": 0.0,
      "closed_lots": 13.059999999999809,
      "equity_start": 10647.979999998952,
      "equity_end": 14546.62999999895,
      "win_rate_pct": 61.377245508982035,
      "pnl_pct": 36.61398687826582
    },
    {
      "month": "2026-04",
      "signals": 685,
      "wins": 375,
      "losses": 250,
      "no_fills": 60,
      "open": 0,
      "pnl": 1783.3999999999805,
      "trading_pnl": 1783.3999999999805,
      "bonus": 0.0,
      "closed_lots": 12.06999999999983,
      "equity_start": 14546.62999999895,
      "equity_end": 16330.029999998944,
      "win_rate_pct": 60.0,
      "pnl_pct": 12.259884248104951
    },
    {
      "month": "2026-05",
      "signals": 712,
      "wins": 393,
      "losses": 246,
      "no_fills": 73,
      "open": 0,
      "pnl": 1634.659999999939,
      "trading_pnl": 1634.659999999939,
      "bonus": 0.0,
      "closed_lots": 12.369999999999823,