{
  "rank": 11,
  "candidate_id": "1d4ab737d1c577ac",
  "filter_preset": "self_limit",
  "metrics": {
    "candidate_id": "1d4ab737d1c577ac",
    "filter_preset": "self_limit",
    "passes_recommendation_gate": false,
    "passes_dd": false,
    "passes_edge": true,
    "passes_consistency": true,
    "passes_oos": true,
    "score": 8655.666666667179,
    "fixed_no_bonus_profit": 9344.040000000326,
    "fixed_with_bonus_profit": 10195.230000000416,
    "bonus_contribution": 851.1900000000896,
    "concurrent_risk_max_dd_pct": 100.83762591138135,
    "risk_net_profit_with_bonus": -1038.3600000002098,
    "stable_months": 14,
    "total_months": 18,
    "stable_fraction": 0.7777777777777778,
    "worst_month_pnl": -2208.3000000000757,
    "oos_fixed_no_bonus_profit": 5552.320000001033
  },
  "monthly": [
    {
      "month": "2025-01",
      "signals": 741,
      "wins": 245,
      "losses": 180,
      "no_fills": 316,
      "open": 0,
      "pnl": 670.9999999999832,
      "trading_pnl": 670.9999999999832,
      "bonus": 0.0,
      "closed_lots": 10.879999999999942,
      "equity_start": 1000.0,
      "equity_end": 1670.9999999999832,
      "win_rate_pct": 57.647058823529406,
      "pnl_pct": 67.09999999999832
    },
    {
      "month": "2025-02",
      "signals": 682,
      "wins": 264,
      "losses": 193,
      "no_fills": 225,
      "open": 0,
      "pnl": -44.07000000011203,
      "trading_pnl": -44.07000000011203,
      "bonus": 0.0,
      "closed_lots": 12.359999999999918,
      "equity_start": 1670.9999999999832,
      "equity_end": 1626.9299999998711,
      "win_rate_pct": 57.76805251641138,
      "pnl_pct": -2.637342908444792
    },
    {
      "month": "2025-03",
      "signals": 698,
      "wins": 317,
      "losses": 192,
      "no_fills": 188,
      "open": 0,
      "pnl": 1132.3300000000654,
      "trading_pnl": 1132.3300000000654,
      "bonus": 0.0,
      "closed_lots": 14.029999999999875,
      "equity_start": 1626.9299999998711,
      "equity_end": 2759.2599999999366,
      "win_rate_pct": 62.27897838899804,
      "pnl_pct": 69.59918373870757
    },
    {
      "month": "2025-04",
      "signals": 697,
      "wins": 345,
      "losses": 239,
      "no_fills": 113,
      "open": 0,
      "pnl": 288.63999999993575,
      "trading_pnl": 288.63999999993575,
      "bonus": 0.0,
      "closed_lots": 16.849999999999874,
      "equity_start": 2759.2599999999366,
      "equity_end": 3163.249999999874,
      "win_rate_pct": 59.07534246575342,
      "pnl_pct": 10.460775715225907
    },
    {
      "month": "2025-05",
      "signals": 726,
      "wins": 348,
      "losses": 247,
      "no_fills": 131,
      "open": 0,
      "pnl": 174.2200000000239,
      "trading_pnl": 174.2200000000239,
      "bonus": 0.0,
      "closed_lots": 17.04999999999989,
      "equity_start": 3047.8999999998723,
      "equity_end": 3222.119999999896,
      "win_rate_pct": 58.4873949579832,
      "pnl_pct": 5.71606680009289
    },
    {
      "month": "2025-06",
      "signals": 680,
      "wins": 308,
      "losses": 226,
      "no_fills": 146,
      "open": 0,
      "pnl": -209.83000000001675,
      "trading_pnl": -209.83000000001675,
      "bonus": 0.0,
      "closed_lots": 14.859999999999868,
      "equity_start": 3222.119999999896,
      "equity_end": 3012.2899999998795,
      "win_rate_pct": 57.67790262172284,
      "pnl_pct": -6.5121721102883665
    },
    {
      "month": "2025-07",
      "signals": 774,
      "wins": 264,
      "losses": 255,
      "no_fills": 255,
      "open": 0,
      "pnl": -2208.3000000000757,
      "trading_pnl": -2208.3000000000757,
      "bonus": 0.0,
      "closed_lots": 13.969999999999878,
      "equity_start": 3012.2899999998795,
      "equity_end": 774.5399999998085,
      "win_rate_pct": 50.86705202312138,
      "pnl_pct": -73.30967469932058
    },
    {
      "month": "2025-08",
      "signals": 697,
      "wins": 259,
      "losses": 223,
      "no_fills": 215,
      "open": 0,
      "pnl": 91.90999999989481,
      "trading_pnl": 91.90999999989481,
      "bonus": 0.0,
      "closed_lots": 13.259999999999897,
      "equity_start": 807.5499999998033,
      "equity_end": 895.8999999996986,
      "win_rate_pct": 53.7344398340249,
      "pnl_pct": 11.38133861679366
    },
    {
      "month": "2025-09",
      "signals": 745,
      "wins": 353,
      "losses": 208,
      "no_fills": 184,
      "open": 0,
      "pnl": 1266.109999999845,
      "trading_pnl": 1266.109999999845,
      "bonus": 0.0,
      "closed_lots": 15.599999999999849,
      "equity_start": 895.8999999996986,
      "equity_end": 2180.7599999995423,
      "win_rate_pct": 62.92335115864528,
      "pnl_pct": 141.32269226479195
    },
    {
      "month": "2025-10",
      "signals": 784,
      "wins": 414,
      "losses": 250,
      "no_fills": 120,
      "open": 0,
      "pnl": 2410.7699999998263,
      "trading_pnl": 2410.7699999998263,
      "bonus": 0.0,
      "closed_lots": 19.30999999999997,
      "equity_start": 2162.0099999995437,
      "equity_end": 4572.779999999351,
      "win_rate_pct": 62.34939759036144,
      "pnl_pct": 111.50595973193163
    },
    {
      "month": "2025-11",
      "signals": 676,
      "wins": 338,
      "losses": 242,
      "no_fills": 96,
      "open": 0,
      "pnl": -216.71000000006688,
      "trading_pnl": -216.71000000006688,
      "bonus": 0.0,
      "closed_lots": 16.709999999999873,
      "equity_start": 4572.779999999351,
      "equity_end": 4356.069999999253,
      "win_rate_pct": 58.27586206896552,
      "pnl_pct": -4.739130244623569
    },
    {
      "month": "2025-12",
      "signals": 726,
      "wins": 362,
      "losses": 252,
      "no_fills": 112,
      "open": 0,
      "pnl": 435.65000000001874,
      "trading_pnl": 435.65000000001874,
      "bonus": 0.0,
      "closed_lots": 17.809999999999913,
      "equity_start": 4356.069999999253,
      "equity_end": 4791.719999999272,
      "win_rate_pct": 58.95765472312704,
      "pnl_pct": 10.000987128308164
    },
    {
      "month": "2026-01",
      "signals": 743,
      "wins": 387,
      "losses": 245,
      "no_fills": 111,
      "open": 0,
      "pnl": 2139.5999999999876,
      "trading_pnl": 2139.5999999999876,
      "bonus": 0.0,
      "closed_lots": 18.369999999999937,
      "equity_start": 4791.719999999272,
      "equity_end": 6931.319999999259,
      "win_rate_pct": 61.23417721518988,
      "pnl_pct": 44.65202474268765
    },
    {
      "month": "2026-02",
      "signals": 668,
      "wins": 350,
      "losses": 263,
      "no_fills": 55,
      "open": 0,
      "pnl": 1395.440000000176,
      "trading_pnl": 1395.440000000176,
      "bonus": 0.0,
      "closed_lots": 18.18999999999993,
      "equity_start": 6931.319999999259,
      "equity_end": 8326.759999999453,
      "win_rate_pct": 57.09624796084829,
      "pnl_pct": 20.132384596300923
    },
    {
      "month": "2026-03",
      "signals": 743,
      "wins": 355,
      "losses": 315,
      "no_fills": 73,
      "open": 0,
      "pnl": 102.37000000034004,
      "trading_pnl": 102.37000000034004,
      "bonus": 0.0,
      "closed_lots": 19.819999999999993,
      "equity_start": 8326.759999999453,
      "equity_end": 8545.979999999796,
      "win_rate_pct": 52.98507462686567,
      "pnl_pct": 1.2294097584216042
    },
    {
      "month": "2026-04",
      "signals": 685,
      "wins": 351,
      "losses": 261,
      "no_fills": 73,
      "open": 0,
      "pnl": 87.83000000022366,
      "trading_pnl": 87.83000000022366,
      "bonus": 0.0,
      "closed_lots": 18.06999999999992,
      "equity_start": 8407.659999999796,
      "equity_end": 8482.010000000017,
      "win_rate_pct": 57.35294117647059,
      "pnl_pct": 1.0446426235150539
    },
    {
      "month": "2026-05",
      "signals": 712,
      "wins": 388,
      "losses": 246,
      "no_fills": 78,
      "open": 0,
      "pnl": 953.2900000002228,
      "trading_pnl": 953.2900000002228,
      "bonus": 0.0,
      "closed_lots": 18.33999999999994,