{
  "rank": 2,
  "candidate_id": "459c9cf43bdad985",
  "filter_preset": "self_limit",
  "metrics": {
    "candidate_id": "459c9cf43bdad985",
    "filter_preset": "self_limit",
    "passes_recommendation_gate": false,
    "passes_dd": false,
    "passes_edge": true,
    "passes_consistency": true,
    "passes_oos": true,
    "score": 23584.82888888765,
    "fixed_no_bonus_profit": 24760.399999998554,
    "fixed_with_bonus_profit": 25585.279999998176,
    "bonus_contribution": 824.8799999996227,
    "concurrent_risk_max_dd_pct": 84.6883858191346,
    "risk_net_profit_with_bonus": 1.844613609260256e+19,
    "stable_months": 14,
    "total_months": 18,
    "stable_fraction": 0.7777777777777778,
    "worst_month_pnl": -514.4099999999057,
    "oos_fixed_no_bonus_profit": 17306.959999999548
  },
  "monthly": [
    {
      "month": "2025-01",
      "signals": 741,
      "wins": 262,
      "losses": 212,
      "no_fills": 267,
      "open": 0,
      "pnl": 219.8899999999976,
      "trading_pnl": 219.8899999999976,
      "bonus": 0.0,
      "closed_lots": 10.259999999999934,
      "equity_start": 1000.0,
      "equity_end": 1219.8899999999976,
      "win_rate_pct": 55.27426160337553,
      "pnl_pct": 21.98899999999976
    },
    {
      "month": "2025-02",
      "signals": 682,
      "wins": 293,
      "losses": 205,
      "no_fills": 184,
      "open": 0,
      "pnl": -150.16000000015265,
      "trading_pnl": -150.16000000015265,
      "bonus": 0.0,
      "closed_lots": 11.689999999999909,
      "equity_start": 1219.8899999999976,
      "equity_end": 1069.729999999845,
      "win_rate_pct": 58.835341365461844,
      "pnl_pct": -12.309306576835038
    },
    {
      "month": "2025-03",
      "signals": 698,
      "wins": 269,
      "losses": 259,
      "no_fills": 170,
      "open": 0,
      "pnl": -514.4099999999057,
      "trading_pnl": -514.4099999999057,
      "bonus": 0.0,
      "closed_lots": 12.929999999999888,
      "equity_start": 1069.729999999845,
      "equity_end": 555.3199999999392,
      "win_rate_pct": 50.9469696969697,
      "pnl_pct": -48.087835248144884
    },
    {
      "month": "2025-04",
      "signals": 697,
      "wins": 379,
      "losses": 233,
      "no_fills": 85,
      "open": 0,
      "pnl": 1397.840000000021,
      "trading_pnl": 1397.840000000021,
      "bonus": 0.0,
      "closed_lots": 16.57999999999986,
      "equity_start": 555.3199999999392,
      "equity_end": 1974.3099999999604,
      "win_rate_pct": 61.9281045751634,
      "pnl_pct": 251.71792840167365
    },
    {
      "month": "2025-05",
      "signals": 726,
      "wins": 372,
      "losses": 248,
      "no_fills": 106,
      "open": 0,
      "pnl": 869.8200000001398,
      "trading_pnl": 869.8200000001398,
      "bonus": 0.0,
      "closed_lots": 16.139999999999844,
      "equity_start": 1953.1599999999603,
      "equity_end": 2822.9800000001,
      "win_rate_pct": 60.0,
      "pnl_pct": 44.53398595097982
    },
    {
      "month": "2025-06",
      "signals": 680,
      "wins": 315,
      "losses": 239,
      "no_fills": 126,
      "open": 0,
      "pnl": 33.14000000002534,
      "trading_pnl": 33.14000000002534,
      "bonus": 0.0,
      "closed_lots": 14.269999999999873,
      "equity_start": 2822.9800000001,
      "equity_end": 2856.1200000001254,
      "win_rate_pct": 56.85920577617328,
      "pnl_pct": 1.1739367618624348
    },
    {
      "month": "2025-07",
      "signals": 774,
      "wins": 312,
      "losses": 272,
      "no_fills": 190,
      "open": 0,
      "pnl": -192.36000000001513,
      "trading_pnl": -192.36000000001513,
      "bonus": 0.0,
      "closed_lots": 13.40999999999987,
      "equity_start": 2856.1200000001254,
      "equity_end": 2663.7600000001103,
      "win_rate_pct": 53.42465753424658,
      "pnl_pct": -6.735011133986202
    },
    {
      "month": "2025-08",
      "signals": 697,
      "wins": 269,
      "losses": 262,
      "no_fills": 166,
      "open": 0,
      "pnl": -300.70000000014716,
      "trading_pnl": -300.70000000014716,
      "bonus": 0.0,
      "closed_lots": 12.539999999999896,
      "equity_start": 2663.7600000001103,
      "equity_end": 2363.059999999963,
      "win_rate_pct": 50.65913370998116,
      "pnl_pct": -11.288554524436687
    },
    {
      "month": "2025-09",
      "signals": 745,
      "wins": 359,
      "losses": 238,
      "no_fills": 148,
      "open": 0,
      "pnl": 556.5399999998194,
      "trading_pnl": 556.5399999998194,
      "bonus": 0.0,
      "closed_lots": 15.049999999999848,
      "equity_start": 2363.059999999963,
      "equity_end": 2919.5999999997825,
      "win_rate_pct": 60.13400335008375,
      "pnl_pct": 23.55166606010123
    },
    {
      "month": "2025-10",
      "signals": 784,
      "wins": 478,
      "losses": 222,
      "no_fills": 84,
      "open": 0,
      "pnl": 3873.439999999754,
      "trading_pnl": 3873.439999999754,
      "bonus": 0.0,
      "closed_lots": 19.019999999999946,
      "equity_start": 2919.5999999997825,
      "equity_end": 6793.03999999954,
      "win_rate_pct": 68.28571428571428,
      "pnl_pct": 132.670228798467
    },
    {
      "month": "2025-11",
      "signals": 676,
      "wins": 374,
      "losses": 234,
      "no_fills": 68,
      "open": 0,
      "pnl": 1343.189999999779,
      "trading_pnl": 1343.189999999779,
      "bonus": 0.0,
      "closed_lots": 16.39999999999985,
      "equity_start": 6793.03999999954,
      "equity_end": 8136.229999999315,
      "win_rate_pct": 61.51315789473685,
      "pnl_pct": 19.77303239786414
    },
    {
      "month": "2025-12",
      "signals": 726,
      "wins": 374,
      "losses": 258,
      "no_fills": 94,
      "open": 0,
      "pnl": 317.2099999997781,
      "trading_pnl": 317.2099999997781,
      "bonus": 0.0,
      "closed_lots": 16.759999999999867,
      "equity_start": 8136.229999999315,
      "equity_end": 8453.439999999084,
      "win_rate_pct": 59.17721518987342,
      "pnl_pct": 3.8987344261384553
    },
    {
      "month": "2026-01",
      "signals": 743,
      "wins": 434,
      "losses": 232,
      "no_fills": 76,
      "open": 0,
      "pnl": 3240.999999999741,
      "trading_pnl": 3240.999999999741,
      "bonus": 0.0,
      "closed_lots": 18.169999999999924,
      "equity_start": 8453.439999999084,
      "equity_end": 11694.439999998813,
      "win_rate_pct": 65.16516516516516,
      "pnl_pct": 38.33942158458677
    },
    {
      "month": "2026-02",
      "signals": 668,
      "wins": 415,
      "losses": 213,
      "no_fills": 40,
      "open": 0,
      "pnl": 4761.659999999829,
      "trading_pnl": 4761.659999999829,
      "bonus": 0.0,
      "closed_lots": 17.919999999999924,
      "equity_start": 11694.439999998813,
      "equity_end": 16456.099999998638,
      "win_rate_pct": 66.0828025477707,
      "pnl_pct": 40.717298134842814
    },
    {
      "month": "2026-03",
      "signals": 743,
      "wins": 436,
      "losses": 258,
      "no_fills": 49,
      "open": 0,
      "pnl": 4338.219999999967,
      "trading_pnl": 4338.219999999967,
      "bonus": 0.0,
      "closed_lots": 19.789999999999992,
      "equity_start": 16456.099999998638,
      "equity_end": 20794.319999998632,
      "win_rate_pct": 62.824207492795395,
      "pnl_pct": 26.362382338466134
    },
    {
      "month": "2026-04",
      "signals": 685,
      "wins": 390,
      "losses": 247,
      "no_fills": 48,
      "open": 0,
      "pnl": 1580.869999999959,
      "trading_pnl": 1580.869999999959,
      "bonus": 0.0,
      "closed_lots": 17.809999999999917,
      "equity_start": 20794.319999998632,
      "equity_end": 22375.18999999858,
      "win_rate_pct": 61.224489795918366,
      "pnl_pct": 7.602412581897668
    },
    {
      "month": "2026-05",
      "signals": 712,
      "wins": 405,
      "losses": 245,
      "no_fills": 62,
      "open": 0,
      "pnl": 2044.2899999999618,
      "trading_pnl": 2044.2899999999618,
      "bonus": 0.0,
      "closed_lots": 18.04999999999992,