{
  "rank": 9,
  "candidate_id": "616763d46776b319",
  "filter_preset": "self_limit",
  "metrics": {
    "candidate_id": "616763d46776b319",
    "filter_preset": "self_limit",
    "passes_recommendation_gate": false,
    "passes_dd": false,
    "passes_edge": true,
    "passes_consistency": true,
    "passes_oos": true,
    "score": 9233.118888888812,
    "fixed_no_bonus_profit": 9815.989999999776,
    "fixed_with_bonus_profit": 10442.959999999754,
    "bonus_contribution": 626.9699999999775,
    "concurrent_risk_max_dd_pct": 92.65832768501777,
    "risk_net_profit_with_bonus": 43403411.91000701,
    "stable_months": 14,
    "total_months": 18,
    "stable_fraction": 0.7777777777777778,
    "worst_month_pnl": -309.6300000001197,
    "oos_fixed_no_bonus_profit": 6393.840000000391
  },
  "monthly": [
    {
      "month": "2025-01",
      "signals": 741,
      "wins": 295,
      "losses": 229,
      "no_fills": 217,
      "open": 0,
      "pnl": 559.5300000000088,
      "trading_pnl": 559.5300000000088,
      "bonus": 0.0,
      "closed_lots": 9.359999999999886,
      "equity_start": 1000.0,
      "equity_end": 1559.5300000000088,
      "win_rate_pct": 56.297709923664115,
      "pnl_pct": 55.953000000000884
    },
    {
      "month": "2025-02",
      "signals": 682,
      "wins": 283,
      "losses": 262,
      "no_fills": 137,
      "open": 0,
      "pnl": -21.460000000114633,
      "trading_pnl": -21.460000000114633,
      "bonus": 0.0,
      "closed_lots": 10.159999999999869,
      "equity_start": 1559.5300000000088,
      "equity_end": 1538.0699999998942,
      "win_rate_pct": 51.92660550458715,
      "pnl_pct": -1.3760556065041718
    },
    {
      "month": "2025-03",
      "signals": 698,
      "wins": 330,
      "losses": 243,
      "no_fills": 125,
      "open": 0,
      "pnl": 158.09000000008018,
      "trading_pnl": 158.09000000008018,
      "bonus": 0.0,
      "closed_lots": 10.749999999999856,
      "equity_start": 1538.0699999998942,
      "equity_end": 1721.199999999973,
      "win_rate_pct": 57.59162303664922,
      "pnl_pct": 10.278465869569724
    },
    {
      "month": "2025-04",
      "signals": 697,
      "wins": 384,
      "losses": 241,
      "no_fills": 72,
      "open": 0,
      "pnl": 204.9699999999707,
      "trading_pnl": 204.9699999999707,
      "bonus": 0.0,
      "closed_lots": 12.099999999999831,
      "equity_start": 1678.0499999999747,
      "equity_end": 2019.9499999999448,
      "win_rate_pct": 61.44,
      "pnl_pct": 12.21477309972729
    },
    {
      "month": "2025-05",
      "signals": 726,
      "wins": 380,
      "losses": 256,
      "no_fills": 90,
      "open": 0,
      "pnl": 432.1100000000647,
      "trading_pnl": 432.1100000000647,
      "bonus": 0.0,
      "closed_lots": 12.279999999999825,
      "equity_start": 1901.129999999945,
      "equity_end": 2333.24000000001,
      "win_rate_pct": 59.74842767295597,
      "pnl_pct": 22.729113737623265
    },
    {
      "month": "2025-06",
      "signals": 680,
      "wins": 332,
      "losses": 252,
      "no_fills": 94,
      "open": 0,
      "pnl": -200.72999999999274,
      "trading_pnl": -200.72999999999274,
      "bonus": 0.0,
      "closed_lots": 11.079999999999853,
      "equity_start": 2333.24000000001,
      "equity_end": 2139.410000000017,
      "win_rate_pct": 56.849315068493155,
      "pnl_pct": -8.603058408050261
    },
    {
      "month": "2025-07",
      "signals": 774,
      "wins": 344,
      "losses": 265,
      "no_fills": 164,
      "open": 0,
      "pnl": -139.98000000002094,
      "trading_pnl": -139.98000000002094,
      "bonus": 0.0,
      "closed_lots": 11.279999999999843,
      "equity_start": 2109.220000000017,
      "equity_end": 2022.1799999999985,
      "win_rate_pct": 56.48604269293924,
      "pnl_pct": -6.636576554367007
    },
    {
      "month": "2025-08",
      "signals": 697,
      "wins": 295,
      "losses": 269,
      "no_fills": 133,
      "open": 0,
      "pnl": -309.6300000001197,
      "trading_pnl": -309.6300000001197,
      "bonus": 0.0,
      "closed_lots": 10.67999999999986,
      "equity_start": 1981.0799999999958,
      "equity_end": 1682.8999999998764,
      "win_rate_pct": 52.304964539007095,
      "pnl_pct": -15.629353685874388
    },
    {
      "month": "2025-09",
      "signals": 745,
      "wins": 377,
      "losses": 256,
      "no_fills": 112,
      "open": 0,
      "pnl": 474.71999999986383,
      "trading_pnl": 474.71999999986383,
      "bonus": 0.0,
      "closed_lots": 12.039999999999829,
      "equity_start": 1682.8999999998764,
      "equity_end": 2234.2599999997324,
      "win_rate_pct": 59.55766192733017,
      "pnl_pct": 28.20844969991673
    },
    {
      "month": "2025-10",
      "signals": 784,
      "wins": 485,
      "losses": 221,
      "no_fills": 78,
      "open": 0,
      "pnl": 1857.559999999849,
      "trading_pnl": 1857.559999999849,
      "bonus": 0.0,
      "closed_lots": 13.779999999999793,
      "equity_start": 2141.699999999741,
      "equity_end": 4015.179999999589,
      "win_rate_pct": 68.69688385269122,
      "pnl_pct": 86.73296913667056
    },
    {
      "month": "2025-11",
      "signals": 676,
      "wins": 379,
      "losses": 244,
      "no_fills": 53,
      "open": 0,
      "pnl": 299.2599999998806,
      "trading_pnl": 299.2599999998806,
      "bonus": 0.0,
      "closed_lots": 12.049999999999828,
      "equity_start": 4015.179999999589,
      "equity_end": 4314.439999999467,
      "win_rate_pct": 60.8346709470305,
      "pnl_pct": 7.453215048887254
    },
    {
      "month": "2025-12",
      "signals": 726,
      "wins": 395,
      "losses": 267,
      "no_fills": 64,
      "open": 0,
      "pnl": 107.70999999989635,
      "trading_pnl": 107.70999999989635,
      "bonus": 0.0,
      "closed_lots": 12.869999999999813,
      "equity_start": 4314.439999999467,
      "equity_end": 4422.149999999363,
      "win_rate_pct": 59.66767371601208,
      "pnl_pct": 2.4965001251589936
    },
    {
      "month": "2026-01",
      "signals": 743,
      "wins": 442,
      "losses": 226,
      "no_fills": 75,
      "open": 0,
      "pnl": 1534.6899999999205,
      "trading_pnl": 1534.6899999999205,
      "bonus": 0.0,
      "closed_lots": 13.00999999999981,
      "equity_start": 4422.149999999363,
      "equity_end": 5956.8399999992835,
      "win_rate_pct": 66.1676646706587,
      "pnl_pct": 34.704612009998336
    },
    {
      "month": "2026-02",
      "signals": 668,
      "wins": 424,
      "losses": 204,
      "no_fills": 40,
      "open": 0,
      "pnl": 2050.790000000038,
      "trading_pnl": 2050.790000000038,
      "bonus": 0.0,
      "closed_lots": 12.489999999999823,
      "equity_start": 5956.8399999992835,
      "equity_end": 8007.6299999993225,
      "win_rate_pct": 67.51592356687898,
      "pnl_pct": 34.42748168492498
    },
    {
      "month": "2026-03",
      "signals": 743,
      "wins": 428,
      "losses": 266,
      "no_fills": 49,
      "open": 0,
      "pnl": 975.6600000001736,
      "trading_pnl": 975.6600000001736,
      "bonus": 0.0,
      "closed_lots": 13.689999999999797,
      "equity_start": 8007.6299999993225,
      "equity_end": 9057.329999999512,
      "win_rate_pct": 61.67146974063401,
      "pnl_pct": 12.18412938660073
    },
    {
      "month": "2026-04",
      "signals": 685,
      "wins": 403,
      "losses": 240,
      "no_fills": 42,
      "open": 0,
      "pnl": 474.14000000011583,
      "trading_pnl": 474.14000000011583,
      "bonus": 0.0,
      "closed_lots": 12.629999999999818,
      "equity_start": 8952.029999999511,
      "equity_end": 9439.779999999635,
      "win_rate_pct": 62.674961119751174,
      "pnl_pct": 5.296452313052366
    },
    {
      "month": "2026-05",
      "signals": 712,
      "wins": 421,
      "losses": 237,
      "no_fills": 54,
      "open": 0,
      "pnl": 606.1700000001028,
      "trading_pnl": 606.1700000001028,
      "bonus": 0.0,
      "closed_lots": 12.879999999999812,