{
  "rank": 1,
  "candidate_id": "c436ad8d6ac43780",
  "filter_preset": "self_limit",
  "metrics": {
    "bonus_contribution": 1662.8099999994956,
    "candidate_id": "c436ad8d6ac43780",
    "concurrent_risk_max_dd_pct": 99.74867820530879,
    "filter_preset": "self_limit",
    "fixed_no_bonus_profit": 32843.72999999594,
    "fixed_with_bonus_profit": 34506.53999999544,
    "oos_fixed_no_bonus_profit": -1048.28000000066,
    "passes_consistency": true,
    "passes_dd": false,
    "passes_edge": true,
    "passes_oos": false,
    "passes_recommendation_gate": false,
    "risk_net_profit_with_bonus": 6832170.509988568,
    "score": 28932.356666662894,
    "stable_fraction": 0.8888888888888888,
    "stable_months": 16,
    "total_months": 18,
    "worst_month_pnl": -3422.040000000369
  },
  "monthly": [
    {
      "month": "2025-01",
      "signals": 741,
      "wins": 423,
      "losses": 181,
      "no_fills": 137,
      "open": 0,
      "pnl": 2239.909999999955,
      "trading_pnl": 2239.909999999955,
      "bonus": 0.0,
      "closed_lots": 22.21999999999997,
      "equity_start": 1000.0,
      "equity_end": 3239.909999999955,
      "win_rate_pct": 70.03311258278146,
      "pnl_pct": 223.99099999999547
    },
    {
      "month": "2025-02",
      "signals": 682,
      "wins": 387,
      "losses": 195,
      "no_fills": 99,
      "open": 0,
      "pnl": 1481.0099999998583,
      "trading_pnl": 1481.0099999998583,
      "bonus": 0.0,
      "closed_lots": 24.469999999999906,
      "equity_start": 3239.909999999955,
      "equity_end": 4720.919999999812,
      "win_rate_pct": 66.49484536082474,
      "pnl_pct": 45.71145494781889
    },
    {
      "month": "2025-03",
      "signals": 698,
      "wins": 368,
      "losses": 222,
      "no_fills": 108,
      "open": 0,
      "pnl": 1252.4499999999462,
      "trading_pnl": 1252.4499999999462,
      "bonus": 0.0,
      "closed_lots": 27.00999999999987,
      "equity_start": 4720.919999999812,
      "equity_end": 5998.369999999761,
      "win_rate_pct": 62.37288135593221,
      "pnl_pct": 26.52978656702499
    },
    {
      "month": "2025-04",
      "signals": 697,
      "wins": 388,
      "losses": 246,
      "no_fills": 63,
      "open": 0,
      "pnl": 1283.3699999997843,
      "trading_pnl": 1283.3699999997843,
      "bonus": 0.0,
      "closed_lots": 32.93999999999981,
      "equity_start": 5966.369999999761,
      "equity_end": 7358.719999999546,
      "win_rate_pct": 61.198738170347,
      "pnl_pct": 21.51006390820274
    },
    {
      "month": "2025-05",
      "signals": 726,
      "wins": 429,
      "losses": 230,
      "no_fills": 67,
      "open": 0,
      "pnl": 2787.769999999833,
      "trading_pnl": 2787.769999999833,
      "bonus": 0.0,
      "closed_lots": 32.619999999999834,
      "equity_start": 7256.739999999546,
      "equity_end": 10044.509999999378,
      "win_rate_pct": 65.09863429438543,
      "pnl_pct": 38.416286100921454
    },
    {
      "month": "2025-06",
      "signals": 680,
      "wins": 391,
      "losses": 213,
      "no_fills": 76,
      "open": 0,
      "pnl": 1228.7599999998688,
      "trading_pnl": 1228.7599999998688,
      "bonus": 0.0,
      "closed_lots": 29.11999999999988,
      "equity_start": 10044.509999999378,
      "equity_end": 11273.269999999238,
      "win_rate_pct": 64.73509933774835,
      "pnl_pct": 12.233150248244511
    },
    {
      "month": "2025-07",
      "signals": 774,
      "wins": 453,
      "losses": 210,
      "no_fills": 111,
      "open": 0,
      "pnl": 2140.7399999999184,
      "trading_pnl": 2140.7399999999184,
      "bonus": 0.0,
      "closed_lots": 28.0899999999999,
      "equity_start": 11273.269999999238,
      "equity_end": 13414.00999999914,
      "win_rate_pct": 68.32579185520362,
      "pnl_pct": 18.989521230309066
    },
    {
      "month": "2025-08",
      "signals": 697,
      "wins": 399,
      "losses": 208,
      "no_fills": 90,
      "open": 0,
      "pnl": 1653.6299999998391,
      "trading_pnl": 1653.6299999998391,
      "bonus": 0.0,
      "closed_lots": 25.979999999999947,
      "equity_start": 13414.00999999914,
      "equity_end": 15067.639999998974,
      "win_rate_pct": 65.7331136738056,
      "pnl_pct": 12.327633571168839
    },
    {
      "month": "2025-09",
      "signals": 745,
      "wins": 447,
      "losses": 207,
      "no_fills": 91,
      "open": 0,
      "pnl": 3386.719999999846,
      "trading_pnl": 3386.719999999846,
      "bonus": 0.0,
      "closed_lots": 30.799999999999812,
      "equity_start": 15067.639999998974,
      "equity_end": 18454.35999999879,
      "win_rate_pct": 68.34862385321101,
      "pnl_pct": 22.47677804885222
    },
    {
      "month": "2025-10",
      "signals": 784,
      "wins": 482,
      "losses": 241,
      "no_fills": 61,
      "open": 0,
      "pnl": 5894.759999999746,
      "trading_pnl": 5894.759999999746,
      "bonus": 0.0,
      "closed_lots": 38.02999999999992,
      "equity_start": 18454.35999999879,
      "equity_end": 24349.119999998435,
      "win_rate_pct": 66.66666666666666,
      "pnl_pct": 31.942370258302823
    },
    {
      "month": "2025-11",
      "signals": 676,
      "wins": 398,
      "losses": 231,
      "no_fills": 47,
      "open": 0,
      "pnl": 2214.339999999811,
      "trading_pnl": 2214.339999999811,
      "bonus": 0.0,
      "closed_lots": 32.789999999999765,
      "equity_start": 24349.119999998435,
      "equity_end": 26563.459999998195,
      "win_rate_pct": 63.27503974562798,
      "pnl_pct": 9.094127426370864
    },
    {
      "month": "2025-12",
      "signals": 726,
      "wins": 415,
      "losses": 250,
      "no_fills": 61,
      "open": 0,
      "pnl": 2398.7299999997767,
      "trading_pnl": 2398.7299999997767,
      "bonus": 0.0,
      "closed_lots": 33.839999999999826,
      "equity_start": 26563.459999998195,
      "equity_end": 28962.189999997885,
      "win_rate_pct": 62.40601503759399,
      "pnl_pct": 9.030186579609508
    },
    {
      "month": "2026-01",
      "signals": 743,
      "wins": 413,
      "losses": 268,
      "no_fills": 62,
      "open": 0,
      "pnl": 2231.5999999997603,
      "trading_pnl": 2231.5999999997603,
      "bonus": 0.0,
      "closed_lots": 35.76999999999989,
      "equity_start": 28962.189999997885,
      "equity_end": 31193.78999999755,
      "win_rate_pct": 60.64610866372981,
      "pnl_pct": 7.70521842443518
    },
    {
      "month": "2026-02",
      "signals": 668,
      "wins": 335,
      "losses": 284,
      "no_fills": 49,
      "open": 0,
      "pnl": -956.5700000002726,
      "trading_pnl": -956.5700000002726,
      "bonus": 0.0,
      "closed_lots": 34.89999999999985,
      "equity_start": 31193.78999999755,
      "equity_end": 30237.219999997153,
      "win_rate_pct": 54.119547657512115,
      "pnl_pct": -3.066539846553906
    },
    {
      "month": "2026-03",
      "signals": 743,
      "wins": 346,
      "losses": 347,
      "no_fills": 50,
      "open": 0,
      "pnl": -3422.040000000369,
      "trading_pnl": -3422.040000000369,
      "bonus": 0.0,
      "closed_lots": 38.36999999999995,
      "equity_start": 30237.219999997153,
      "equity_end": 26815.179999996664,
      "win_rate_pct": 49.92784992784993,
      "pnl_pct": -11.317310255376292
    },
    {
      "month": "2026-04",
      "signals": 685,
      "wins": 375,
      "losses": 272,
      "no_fills": 38,
      "open": 0,
      "pnl": 1232.7599999997528,
      "trading_pnl": 1232.7599999997528,
      "bonus": 0.0,
      "closed_lots": 35.32999999999986,
      "equity_start": 26815.179999996664,
      "equity_end": 28047.939999996335,
      "win_rate_pct": 57.95981452859351,
      "pnl_pct": 4.597246783351468
    },
    {
      "month": "2026-05",
      "signals": 712,
      "wins": 409,
      "losses": 248,
      "no_fills": 55,
      "open": 0,
      "pnl": 3552.269999999782,
      "trading_pnl": 3552.269999999782,
      "bonus": 0.0,
      "closed_lots": 35.85999999999989,