{
  "rank": 15,
  "candidate_id": "7f0a5e6f161a92d7",
  "filter_preset": "self_limit",
  "metrics": {
    "candidate_id": "7f0a5e6f161a92d7",
    "filter_preset": "self_limit",
    "passes_recommendation_gate": false,
    "passes_dd": false,
    "passes_edge": true,
    "passes_consistency": true,
    "passes_oos": false,
    "score": 6689.140370373165,
    "fixed_no_bonus_profit": 11366.613333337766,
    "fixed_with_bonus_profit": 12615.48333333681,
    "bonus_contribution": 1248.869999999044,
    "concurrent_risk_max_dd_pct": 101.02689078148848,
    "risk_net_profit_with_bonus": -1061.6816666668922,
    "stable_months": 11,
    "total_months": 18,
    "stable_fraction": 0.6111111111111112,
    "worst_month_pnl": -1811.8349999996271,
    "oos_fixed_no_bonus_profit": -1028.4933333329918
  },
  "monthly": [
    {
      "month": "2025-01",
      "signals": 741,
      "wins": 264,
      "losses": 258,
      "no_fills": 219,
      "open": 0,
      "pnl": 1316.6950000000102,
      "trading_pnl": 1316.6950000000102,
      "bonus": 0.0,
      "closed_lots": 19.019999999999815,
      "equity_start": 1000.0,
      "equity_end": 2316.69500000001,
      "win_rate_pct": 50.57471264367817,
      "pnl_pct": 131.66950000000102
    },
    {
      "month": "2025-02",
      "signals": 682,
      "wins": 248,
      "losses": 295,
      "no_fills": 139,
      "open": 0,
      "pnl": -892.8116666668925,
      "trading_pnl": -892.8116666668925,
      "bonus": 0.0,
      "closed_lots": 20.279999999999767,
      "equity_start": 2316.69500000001,
      "equity_end": 1423.8833333331177,
      "win_rate_pct": 45.67219152854512,
      "pnl_pct": -38.5381617634988
    },
    {
      "month": "2025-03",
      "signals": 698,
      "wins": 285,
      "losses": 287,
      "no_fills": 126,
      "open": 0,
      "pnl": 809.4750000001318,
      "trading_pnl": 809.4750000001318,
      "bonus": 0.0,
      "closed_lots": 21.63999999999974,
      "equity_start": 1423.8833333331177,
      "equity_end": 2158.6383333332456,
      "win_rate_pct": 49.82517482517482,
      "pnl_pct": 56.84981213350259
    },
    {
      "month": "2025-04",
      "signals": 697,
      "wins": 274,
      "losses": 342,
      "no_fills": 81,
      "open": 0,
      "pnl": 1293.8933333332639,
      "trading_pnl": 1293.8933333332639,
      "bonus": 0.0,
      "closed_lots": 24.039999999999676,
      "equity_start": 2172.4683333332505,
      "equity_end": 3771.231666666509,
      "win_rate_pct": 44.48051948051948,
      "pnl_pct": 59.55867404281212
    },
    {
      "month": "2025-05",
      "signals": 726,
      "wins": 266,
      "losses": 367,
      "no_fills": 93,
      "open": 0,
      "pnl": -224.9149999999354,
      "trading_pnl": -224.9149999999354,
      "bonus": 0.0,
      "closed_lots": 24.64999999999968,
      "equity_start": 3527.251666666509,
      "equity_end": 3302.336666666559,
      "win_rate_pct": 42.022116903633496,
      "pnl_pct": -6.3764942582760265
    },
    {
      "month": "2025-06",
      "signals": 680,
      "wins": 261,
      "losses": 321,
      "no_fills": 97,
      "open": 0,
      "pnl": -832.383333333335,
      "trading_pnl": -832.383333333335,
      "bonus": 0.0,
      "closed_lots": 22.189999999999745,
      "equity_start": 3302.336666666559,
      "equity_end": 2493.953333333224,
      "win_rate_pct": 44.84536082474227,
      "pnl_pct": -25.205889567085194
    },
    {
      "month": "2025-07",
      "signals": 774,
      "wins": 302,
      "losses": 308,
      "no_fills": 164,
      "open": 0,
      "pnl": -971.9966666667219,
      "trading_pnl": -971.9966666667219,
      "bonus": 0.0,
      "closed_lots": 22.67999999999973,
      "equity_start": 2441.953333333224,
      "equity_end": 1508.898333333173,
      "win_rate_pct": 49.50819672131148,
      "pnl_pct": -39.80406395973028
    },
    {
      "month": "2025-08",
      "signals": 697,
      "wins": 289,
      "losses": 276,
      "no_fills": 132,
      "open": 0,
      "pnl": 502.28499999977885,
      "trading_pnl": 502.28499999977885,
      "bonus": 0.0,
      "closed_lots": 21.569999999999744,
      "equity_start": 1488.2266666665023,
      "equity_end": 2000.2416666662807,
      "win_rate_pct": 51.1504424778761,
      "pnl_pct": 33.75057114954494
    },
    {
      "month": "2025-09",
      "signals": 745,
      "wins": 305,
      "losses": 323,
      "no_fills": 117,
      "open": 0,
      "pnl": 93.31666666642968,
      "trading_pnl": 93.31666666642968,
      "bonus": 0.0,
      "closed_lots": 24.029999999999692,
      "equity_start": 2000.2416666662807,
      "equity_end": 2183.9716666660383,
      "win_rate_pct": 48.56687898089172,
      "pnl_pct": 4.665269613244118
    },
    {
      "month": "2025-10",
      "signals": 784,
      "wins": 330,
      "losses": 367,
      "no_fills": 87,
      "open": 0,
      "pnl": 4032.0649999999455,
      "trading_pnl": 4032.0649999999455,
      "bonus": 0.0,
      "closed_lots": 27.179999999999605,
      "equity_start": 2042.1383333327121,
      "equity_end": 6125.623333332629,
      "win_rate_pct": 47.34576757532281,
      "pnl_pct": 197.44328453105962
    },
    {
      "month": "2025-11",
      "signals": 676,
      "wins": 256,
      "losses": 358,
      "no_fills": 62,
      "open": 0,
      "pnl": -266.9899999999998,
      "trading_pnl": -266.9899999999998,
      "bonus": 0.0,
      "closed_lots": 23.909999999999684,
      "equity_start": 6125.623333332629,
      "equity_end": 5858.63333333257,
      "win_rate_pct": 41.69381107491857,
      "pnl_pct": -4.358576841432145
    },
    {
      "month": "2025-12",
      "signals": 726,
      "wins": 266,
      "losses": 387,
      "no_fills": 73,
      "open": 0,
      "pnl": -1811.8349999996271,
      "trading_pnl": -1811.8349999996271,
      "bonus": 0.0,
      "closed_lots": 25.509999999999664,
      "equity_start": 5858.63333333257,
      "equity_end": 4046.798333332943,
      "win_rate_pct": 40.73506891271057,
      "pnl_pct": -30.925898531509567
    },
    {
      "month": "2026-01",
      "signals": 743,
      "wins": 280,
      "losses": 378,
      "no_fills": 85,
      "open": 0,
      "pnl": 2532.1500000005217,
      "trading_pnl": 2532.1500000005217,
      "bonus": 0.0,
      "closed_lots": 25.87999999999963,
      "equity_start": 4046.798333332943,
      "equity_end": 6578.948333333465,
      "win_rate_pct": 42.5531914893617,
      "pnl_pct": 62.57168732979691
    },
    {
      "month": "2026-02",
      "signals": 668,
      "wins": 254,
      "losses": 369,
      "no_fills": 45,
      "open": 0,
      "pnl": 4314.1233333339305,
      "trading_pnl": 4314.1233333339305,
      "bonus": 0.0,
      "closed_lots": 24.759999999999653,
      "equity_start": 6578.948333333465,
      "equity_end": 10893.071666667645,
      "win_rate_pct": 40.77046548956662,
      "pnl_pct": 65.57466504905689
    },
    {
      "month": "2026-03",
      "signals": 743,
      "wins": 234,
      "losses": 445,
      "no_fills": 64,
      "open": 0,
      "pnl": 192.14666666757057,
      "trading_pnl": 192.14666666757057,
      "bonus": 0.0,
      "closed_lots": 26.869999999999614,
      "equity_start": 10893.071666667645,
      "equity_end": 11164.783333335577,
      "win_rate_pct": 34.46244477172312,
      "pnl_pct": 1.7639346600053274
    },
    {
      "month": "2026-04",
      "signals": 685,
      "wins": 240,
      "losses": 393,
      "no_fills": 52,
      "open": 0,
      "pnl": -434.5633333326323,
      "trading_pnl": -434.5633333326323,
      "bonus": 0.0,
      "closed_lots": 24.899999999999665,
      "equity_start": 11016.238333335563,
      "equity_end": 10547.223333336544,
      "win_rate_pct": 37.91469194312796,
      "pnl_pct": -3.9447524661628544
    },
    {
      "month": "2026-05",
      "signals": 712,
      "wins": 261,
      "losses": 386,
      "no_fills": 65,
      "open": 0,
      "pnl": 656.430000000657,
      "trading_pnl": 656.430000000657,
      "bonus": 0.0,
      "closed_lots": 25.59999999999964,