{
  "rank": 12,
  "candidate_id": "c0864ac279052a8c",
  "filter_preset": "self_limit",
  "metrics": {
    "candidate_id": "c0864ac279052a8c",
    "filter_preset": "self_limit",
    "passes_recommendation_gate": false,
    "passes_dd": false,
    "passes_edge": true,
    "passes_consistency": true,
    "passes_oos": true,
    "score": 7392.348541666777,
    "fixed_no_bonus_profit": 7023.315000000048,
    "fixed_with_bonus_profit": 7350.344999999668,
    "bonus_contribution": 327.0299999996205,
    "concurrent_risk_max_dd_pct": 100.10119743950358,
    "risk_net_profit_with_bonus": -1003.3175000006538,
    "stable_months": 16,
    "total_months": 18,
    "stable_fraction": 0.8888888888888888,
    "worst_month_pnl": -256.7649999999826,
    "oos_fixed_no_bonus_profit": 4597.607500000277
  },
  "monthly": [
    {
      "month": "2025-01",
      "signals": 741,
      "wins": 277,
      "losses": 230,
      "no_fills": 227,
      "open": 0,
      "pnl": 201.4599999999923,
      "trading_pnl": 201.4599999999923,
      "bonus": 0.0,
      "closed_lots": 5.139999999999935,
      "equity_start": 1000.0,
      "equity_end": 1201.4599999999923,
      "win_rate_pct": 54.63510848126233,
      "pnl_pct": 20.14599999999923
    },
    {
      "month": "2025-02",
      "signals": 682,
      "wins": 298,
      "losses": 244,
      "no_fills": 137,
      "open": 0,
      "pnl": 68.06249999995134,
      "trading_pnl": 68.06249999995134,
      "bonus": 0.0,
      "closed_lots": 5.449999999999928,
      "equity_start": 1201.4599999999923,
      "equity_end": 1269.5224999999436,
      "win_rate_pct": 54.981549815498155,
      "pnl_pct": 5.664982604493847
    },
    {
      "month": "2025-03",
      "signals": 698,
      "wins": 282,
      "losses": 288,
      "no_fills": 128,
      "open": 0,
      "pnl": -256.7649999999826,
      "trading_pnl": -256.7649999999826,
      "bonus": 0.0,
      "closed_lots": 5.699999999999923,
      "equity_start": 1269.5224999999436,
      "equity_end": 1040.4074999999611,
      "win_rate_pct": 49.473684210526315,
      "pnl_pct": -20.22532093759614
    },
    {
      "month": "2025-04",
      "signals": 697,
      "wins": 366,
      "losses": 254,
      "no_fills": 69,
      "open": 0,
      "pnl": 396.5049999999842,
      "trading_pnl": 396.5049999999842,
      "bonus": 0.0,
      "closed_lots": 6.2799999999999105,
      "equity_start": 1004.5374999999613,
      "equity_end": 1420.0424999999445,
      "win_rate_pct": 59.03225806451613,
      "pnl_pct": 39.471398529173825
    },
    {
      "month": "2025-05",
      "signals": 726,
      "wins": 376,
      "losses": 257,
      "no_fills": 90,
      "open": 0,
      "pnl": 177.82000000001244,
      "trading_pnl": 177.82000000001244,
      "bonus": 0.0,
      "closed_lots": 6.359999999999909,
      "equity_start": 1409.2624999999452,
      "equity_end": 1587.0824999999577,
      "win_rate_pct": 59.3996840442338,
      "pnl_pct": 12.617947330608695
    },
    {
      "month": "2025-06",
      "signals": 680,
      "wins": 327,
      "losses": 255,
      "no_fills": 94,
      "open": 0,
      "pnl": -5.392500000014479,
      "trading_pnl": -5.392500000014479,
      "bonus": 0.0,
      "closed_lots": 5.8599999999999195,
      "equity_start": 1587.0824999999577,
      "equity_end": 1581.6899999999432,
      "win_rate_pct": 56.18556701030928,
      "pnl_pct": -0.3397743973621171
    },
    {
      "month": "2025-07",
      "signals": 774,
      "wins": 350,
      "losses": 274,
      "no_fills": 146,
      "open": 0,
      "pnl": 127.2349999999933,
      "trading_pnl": 127.2349999999933,
      "bonus": 0.0,
      "closed_lots": 6.2799999999999105,
      "equity_start": 1581.6899999999432,
      "equity_end": 1708.9249999999365,
      "win_rate_pct": 56.08974358974359,
      "pnl_pct": 8.0442438151596
    },
    {
      "month": "2025-08",
      "signals": 697,
      "wins": 302,
      "losses": 265,
      "no_fills": 129,
      "open": 0,
      "pnl": 16.372499999946285,
      "trading_pnl": 16.372499999946285,
      "bonus": 0.0,
      "closed_lots": 5.679999999999923,
      "equity_start": 1708.9249999999365,
      "equity_end": 1725.2974999998828,
      "win_rate_pct": 53.26278659611992,
      "pnl_pct": 0.9580584285411528
    },
    {
      "month": "2025-09",
      "signals": 745,
      "wins": 364,
      "losses": 261,
      "no_fills": 113,
      "open": 0,
      "pnl": 94.14249999994854,
      "trading_pnl": 94.14249999994854,
      "bonus": 0.0,
      "closed_lots": 6.31999999999991,
      "equity_start": 1725.2974999998828,
      "equity_end": 1839.0124999998302,
      "win_rate_pct": 58.24,
      "pnl_pct": 5.456595166917875
    },
    {
      "month": "2025-10",
      "signals": 784,
      "wins": 476,
      "losses": 220,
      "no_fills": 75,
      "open": 0,
      "pnl": 1137.6324999999374,
      "trading_pnl": 1137.6324999999374,
      "bonus": 0.0,
      "closed_lots": 7.089999999999893,
      "equity_start": 1819.4399999998313,
      "equity_end": 2957.0724999997688,
      "win_rate_pct": 68.39080459770115,
      "pnl_pct": 62.526519148751426
    },
    {
      "month": "2025-11",
      "signals": 676,
      "wins": 393,
      "losses": 226,
      "no_fills": 54,
      "open": 0,
      "pnl": 394.35749999997233,
      "trading_pnl": 394.35749999997233,
      "bonus": 0.0,
      "closed_lots": 6.219999999999912,
      "equity_start": 2957.0724999997688,
      "equity_end": 3351.429999999741,
      "win_rate_pct": 63.48949919224556,
      "pnl_pct": 13.336078165144857
    },
    {
      "month": "2025-12",
      "signals": 726,
      "wins": 395,
      "losses": 259,
      "no_fills": 67,
      "open": 0,
      "pnl": 74.27750000003016,
      "trading_pnl": 74.27750000003016,
      "bonus": 0.0,
      "closed_lots": 6.589999999999904,
      "equity_start": 3351.429999999741,
      "equity_end": 3425.7074999997712,
      "win_rate_pct": 60.39755351681957,
      "pnl_pct": 2.216292746679355
    },
    {
      "month": "2026-01",
      "signals": 743,
      "wins": 422,
      "losses": 227,
      "no_fills": 69,
      "open": 0,
      "pnl": 908.7624999999953,
      "trading_pnl": 908.7624999999953,
      "bonus": 0.0,
      "closed_lots": 6.739999999999901,
      "equity_start": 3425.7074999997712,
      "equity_end": 4334.4699999997665,
      "win_rate_pct": 65.0231124807396,
      "pnl_pct": 26.52773186268985
    },
    {
      "month": "2026-02",
      "signals": 668,
      "wins": 415,
      "losses": 178,
      "no_fills": 40,
      "open": 0,
      "pnl": 1237.6425000000227,
      "trading_pnl": 1237.6425000000227,
      "bonus": 0.0,
      "closed_lots": 6.2799999999999105,
      "equity_start": 4334.4699999997665,
      "equity_end": 5572.112499999789,
      "win_rate_pct": 69.98313659359191,
      "pnl_pct": 28.553490968909443
    },
    {
      "month": "2026-03",
      "signals": 743,
      "wins": 455,
      "losses": 207,
      "no_fills": 50,
      "open": 0,
      "pnl": 1242.795000000072,
      "trading_pnl": 1242.795000000072,
      "bonus": 0.0,
      "closed_lots": 6.929999999999897,
      "equity_start": 5572.112499999789,
      "equity_end": 6839.647499999863,
      "win_rate_pct": 68.7311178247734,
      "pnl_pct": 22.30383898387046
    },
    {
      "month": "2026-04",
      "signals": 685,
      "wins": 401,
      "losses": 225,
      "no_fills": 37,
      "open": 0,
      "pnl": 572.1675000000723,
      "trading_pnl": 572.1675000000723,
      "bonus": 0.0,
      "closed_lots": 6.479999999999906,
      "equity_start": 6814.907499999861,
      "equity_end": 7387.074999999933,
      "win_rate_pct": 64.05750798722045,
      "pnl_pct": 8.395821953564065
    },
    {
      "month": "2026-05",
      "signals": 712,
      "wins": 401,
      "losses": 248,
      "no_fills": 51,
      "open": 0,
      "pnl": 340.97250000008535,
      "trading_pnl": 340.97250000008535,
      "bonus": 0.0,
      "closed_lots": 6.6099999999999035,
      "equity_start": 7387.074999999933,