{
  "rank": 10,
  "candidate_id": "11108a6c658afafe",
  "filter_preset": "self_limit",
  "metrics": {
    "candidate_id": "11108a6c658afafe",
    "filter_preset": "self_limit",
    "passes_recommendation_gate": false,
    "passes_dd": false,
    "passes_edge": true,
    "passes_consistency": true,
    "passes_oos": true,
    "score": 9131.2119444442,
    "fixed_no_bonus_profit": 8941.999999999756,
    "fixed_with_bonus_profit": 9274.82000000046,
    "bonus_contribution": 332.82000000070366,
    "concurrent_risk_max_dd_pct": 99.73447248140268,
    "risk_net_profit_with_bonus": 18128383519477.74,
    "stable_months": 16,
    "total_months": 18,
    "stable_fraction": 0.8888888888888888,
    "worst_month_pnl": -231.81000000004815,
    "oos_fixed_no_bonus_profit": 4731.06999999989
  },
  "monthly": [
    {
      "month": "2025-01",
      "signals": 741,
      "wins": 304,
      "losses": 216,
      "no_fills": 187,
      "open": 0,
      "pnl": 482.18999999999187,
      "trading_pnl": 482.18999999999187,
      "bonus": 0.0,
      "closed_lots": 5.539999999999926,
      "equity_start": 1000.0,
      "equity_end": 1482.1899999999919,
      "win_rate_pct": 58.46153846153847,
      "pnl_pct": 48.218999999999184
    },
    {
      "month": "2025-02",
      "signals": 682,
      "wins": 279,
      "losses": 242,
      "no_fills": 115,
      "open": 0,
      "pnl": 287.9899999999611,
      "trading_pnl": 287.9899999999611,
      "bonus": 0.0,
      "closed_lots": 5.6699999999999235,
      "equity_start": 1482.1899999999919,
      "equity_end": 1770.179999999953,
      "win_rate_pct": 53.550863723608444,
      "pnl_pct": 19.43003258691279
    },
    {
      "month": "2025-03",
      "signals": 698,
      "wins": 290,
      "losses": 261,
      "no_fills": 105,
      "open": 0,
      "pnl": -4.8399999999605825,
      "trading_pnl": -4.8399999999605825,
      "bonus": 0.0,
      "closed_lots": 5.929999999999918,
      "equity_start": 1770.179999999953,
      "equity_end": 1832.6199999999922,
      "win_rate_pct": 52.63157894736842,
      "pnl_pct": -0.2734185224079309
    },
    {
      "month": "2025-04",
      "signals": 697,
      "wins": 337,
      "losses": 222,
      "no_fills": 64,
      "open": 0,
      "pnl": 499.35000000000446,
      "trading_pnl": 499.35000000000446,
      "bonus": 0.0,
      "closed_lots": 6.3299999999999095,
      "equity_start": 1749.429999999992,
      "equity_end": 2310.219999999996,
      "win_rate_pct": 60.28622540250447,
      "pnl_pct": 28.543582766958764
    },
    {
      "month": "2025-05",
      "signals": 726,
      "wins": 311,
      "losses": 248,
      "no_fills": 75,
      "open": 0,
      "pnl": 134.1600000000335,
      "trading_pnl": 134.1600000000335,
      "bonus": 0.0,
      "closed_lots": 6.509999999999906,
      "equity_start": 2264.689999999997,
      "equity_end": 2398.8500000000304,
      "win_rate_pct": 55.635062611806795,
      "pnl_pct": 5.923989596811647
    },
    {
      "month": "2025-06",
      "signals": 680,
      "wins": 297,
      "losses": 240,
      "no_fills": 80,
      "open": 0,
      "pnl": 43.00000000000591,
      "trading_pnl": 43.00000000000591,
      "bonus": 0.0,
      "closed_lots": 5.9999999999999165,
      "equity_start": 2398.8500000000304,
      "equity_end": 2449.1100000000365,
      "win_rate_pct": 55.3072625698324,
      "pnl_pct": 1.792525585176454
    },
    {
      "month": "2025-07",
      "signals": 774,
      "wins": 314,
      "losses": 280,
      "no_fills": 121,
      "open": 0,
      "pnl": 156.49000000000024,
      "trading_pnl": 156.49000000000024,
      "bonus": 0.0,
      "closed_lots": 6.529999999999905,
      "equity_start": 2441.8500000000363,
      "equity_end": 2629.240000000036,
      "win_rate_pct": 52.861952861952865,
      "pnl_pct": 6.408665560947556
    },
    {
      "month": "2025-08",
      "signals": 697,
      "wins": 267,
      "losses": 271,
      "no_fills": 108,
      "open": 0,
      "pnl": -231.81000000004815,
      "trading_pnl": -231.81000000004815,
      "bonus": 0.0,
      "closed_lots": 5.889999999999919,
      "equity_start": 2598.3400000000365,
      "equity_end": 2366.5299999999884,
      "win_rate_pct": 49.628252788104085,
      "pnl_pct": -8.92146524319546
    },
    {
      "month": "2025-09",
      "signals": 745,
      "wins": 335,
      "losses": 228,
      "no_fills": 99,
      "open": 0,
      "pnl": 336.81999999996697,
      "trading_pnl": 336.81999999996697,
      "bonus": 0.0,
      "closed_lots": 6.459999999999907,
      "equity_start": 2366.5299999999884,
      "equity_end": 2749.5599999999536,
      "win_rate_pct": 59.50266429840142,
      "pnl_pct": 14.232652871502522
    },
    {
      "month": "2025-10",
      "signals": 784,
      "wins": 435,
      "losses": 179,
      "no_fills": 67,
      "open": 0,
      "pnl": 1621.7599999999302,
      "trading_pnl": 1621.7599999999302,
      "bonus": 0.0,
      "closed_lots": 7.169999999999892,
      "equity_start": 2703.3499999999553,
      "equity_end": 4325.109999999886,
      "win_rate_pct": 70.84690553745928,
      "pnl_pct": 59.990752214842956
    },
    {
      "month": "2025-11",
      "signals": 676,
      "wins": 324,
      "losses": 215,
      "no_fills": 52,
      "open": 0,
      "pnl": 547.4099999999607,
      "trading_pnl": 547.4099999999607,
      "bonus": 0.0,
      "closed_lots": 6.239999999999911,
      "equity_start": 4325.109999999886,
      "equity_end": 4872.519999999859,
      "win_rate_pct": 60.1113172541744,
      "pnl_pct": 12.656556711851842
    },
    {
      "month": "2025-12",
      "signals": 726,
      "wins": 334,
      "losses": 230,
      "no_fills": 58,
      "open": 0,
      "pnl": 338.40999999995347,
      "trading_pnl": 338.40999999995347,
      "bonus": 0.0,
      "closed_lots": 6.679999999999902,
      "equity_start": 4872.519999999859,
      "equity_end": 5210.929999999812,
      "win_rate_pct": 59.21985815602837,
      "pnl_pct": 6.945276776697957
    },
    {
      "month": "2026-01",
      "signals": 743,
      "wins": 359,
      "losses": 188,
      "no_fills": 72,
      "open": 0,
      "pnl": 1131.7499999999145,
      "trading_pnl": 1131.7499999999145,
      "bonus": 0.0,
      "closed_lots": 6.709999999999901,
      "equity_start": 5210.929999999812,
      "equity_end": 6342.6799999997265,
      "win_rate_pct": 65.63071297989032,
      "pnl_pct": 21.71877188908612
    },
    {
      "month": "2026-02",
      "signals": 668,
      "wins": 327,
      "losses": 161,
      "no_fills": 41,
      "open": 0,
      "pnl": 1106.379999999971,
      "trading_pnl": 1106.379999999971,
      "bonus": 0.0,
      "closed_lots": 6.269999999999911,
      "equity_start": 6342.6799999997265,
      "equity_end": 7449.0599999996975,
      "win_rate_pct": 67.00819672131148,
      "pnl_pct": 17.443415086367573
    },
    {
      "month": "2026-03",
      "signals": 743,
      "wins": 364,
      "losses": 199,
      "no_fills": 49,
      "open": 0,
      "pnl": 1262.8600000000124,
      "trading_pnl": 1262.8600000000124,
      "bonus": 0.0,
      "closed_lots": 6.9399999999998965,
      "equity_start": 7449.0599999996975,
      "equity_end": 8759.269999999713,
      "win_rate_pct": 64.65364120781527,
      "pnl_pct": 16.95328001117005
    },
    {
      "month": "2026-04",
      "signals": 685,
      "wins": 328,
      "losses": 207,
      "no_fills": 39,
      "open": 0,
      "pnl": 505.1299999999992,
      "trading_pnl": 505.1299999999992,
      "bonus": 0.0,
      "closed_lots": 6.459999999999907,
      "equity_start": 8711.919999999713,
      "equity_end": 9217.04999999974,
      "win_rate_pct": 61.308411214953274,
      "pnl_pct": 5.798147825049081
    },
    {
      "month": "2026-05",
      "signals": 712,
      "wins": 329,
      "losses": 225,
      "no_fills": 51,
      "open": 0,
      "pnl": 337.03999999998814,
      "trading_pnl": 337.03999999998814,
      "bonus": 0.0,
      "closed_lots": 6.6099999999999035,