{
  "rank": 8,
  "candidate_id": "012c82ddb0e2dfe0",
  "filter_preset": "self_limit",
  "metrics": {
    "candidate_id": "012c82ddb0e2dfe0",
    "filter_preset": "self_limit",
    "passes_recommendation_gate": false,
    "passes_dd": false,
    "passes_edge": true,
    "passes_consistency": true,
    "passes_oos": false,
    "score": 9794.478611110871,
    "fixed_no_bonus_profit": 13916.029999999642,
    "fixed_with_bonus_profit": 15164.780000000781,
    "bonus_contribution": 1248.7500000011387,
    "concurrent_risk_max_dd_pct": 100.36887974873972,
    "risk_net_profit_with_bonus": -1018.780000000112,
    "stable_months": 13,
    "total_months": 18,
    "stable_fraction": 0.7222222222222222,
    "worst_month_pnl": -1257.2499999999886,
    "oos_fixed_no_bonus_profit": -1023.9499999999243
  },
  "monthly": [
    {
      "month": "2025-01",
      "signals": 741,
      "wins": 271,
      "losses": 251,
      "no_fills": 219,
      "open": 0,
      "pnl": 1135.2400000000189,
      "trading_pnl": 1135.2400000000189,
      "bonus": 0.0,
      "closed_lots": 19.019999999999815,
      "equity_start": 1000.0,
      "equity_end": 2135.240000000019,
      "win_rate_pct": 51.91570881226054,
      "pnl_pct": 113.52400000000189
    },
    {
      "month": "2025-02",
      "signals": 682,
      "wins": 276,
      "losses": 267,
      "no_fills": 139,
      "open": 0,
      "pnl": -47.280000000243945,
      "trading_pnl": -47.280000000243945,
      "bonus": 0.0,
      "closed_lots": 20.279999999999767,
      "equity_start": 2135.240000000019,
      "equity_end": 2087.959999999775,
      "win_rate_pct": 50.82872928176796,
      "pnl_pct": -2.2142709953093576
    },
    {
      "month": "2025-03",
      "signals": 698,
      "wins": 323,
      "losses": 249,
      "no_fills": 126,
      "open": 0,
      "pnl": 588.4300000001567,
      "trading_pnl": 588.4300000001567,
      "bonus": 0.0,
      "closed_lots": 21.63999999999974,
      "equity_start": 2087.959999999775,
      "equity_end": 2701.5899999999288,
      "win_rate_pct": 56.46853146853147,
      "pnl_pct": 28.182053296050697
    },
    {
      "month": "2025-04",
      "signals": 697,
      "wins": 356,
      "losses": 259,
      "no_fills": 81,
      "open": 0,
      "pnl": 277.5599999999754,
      "trading_pnl": 277.5599999999754,
      "bonus": 0.0,
      "closed_lots": 24.039999999999676,
      "equity_start": 2634.019999999932,
      "equity_end": 3197.509999999909,
      "win_rate_pct": 57.886178861788615,
      "pnl_pct": 10.537505409981037
    },
    {
      "month": "2025-05",
      "signals": 726,
      "wins": 349,
      "losses": 284,
      "no_fills": 93,
      "open": 0,
      "pnl": 415.71000000014374,
      "trading_pnl": 415.71000000014374,
      "bonus": 0.0,
      "closed_lots": 24.64999999999968,
      "equity_start": 2953.949999999907,
      "equity_end": 3369.6600000000535,
      "win_rate_pct": 55.134281200631904,
      "pnl_pct": 14.073020870365335
    },
    {
      "month": "2025-06",
      "signals": 680,
      "wins": 302,
      "losses": 280,
      "no_fills": 97,
      "open": 0,
      "pnl": -1257.2499999999886,
      "trading_pnl": -1257.2499999999886,
      "bonus": 0.0,
      "closed_lots": 22.189999999999745,
      "equity_start": 3369.6600000000535,
      "equity_end": 2129.090000000065,
      "win_rate_pct": 51.890034364261176,
      "pnl_pct": -37.31088596475516
    },
    {
      "month": "2025-07",
      "signals": 774,
      "wins": 315,
      "losses": 294,
      "no_fills": 164,
      "open": 0,
      "pnl": -735.860000000026,
      "trading_pnl": -735.860000000026,
      "bonus": 0.0,
      "closed_lots": 22.67999999999973,
      "equity_start": 2072.6800000000653,
      "equity_end": 1420.2900000000445,
      "win_rate_pct": 51.724137931034484,
      "pnl_pct": -35.502827257463906
    },
    {
      "month": "2025-08",
      "signals": 697,
      "wins": 287,
      "losses": 278,
      "no_fills": 132,
      "open": 0,
      "pnl": -770.260000000234,
      "trading_pnl": -770.260000000234,
      "bonus": 0.0,
      "closed_lots": 21.569999999999744,
      "equity_start": 1358.870000000039,
      "equity_end": 606.2899999998049,
      "win_rate_pct": 50.796460176991154,
      "pnl_pct": -56.683862326801815
    },
    {
      "month": "2025-09",
      "signals": 745,
      "wins": 343,
      "losses": 285,
      "no_fills": 117,
      "open": 0,
      "pnl": 737.6099999997127,
      "trading_pnl": 737.6099999997127,
      "bonus": 0.0,
      "closed_lots": 24.029999999999692,
      "equity_start": 606.2899999998049,
      "equity_end": 1491.5899999995022,
      "win_rate_pct": 54.61783439490446,
      "pnl_pct": 121.65960184069506
    },
    {
      "month": "2025-10",
      "signals": 784,
      "wins": 466,
      "losses": 231,
      "no_fills": 87,
      "open": 0,
      "pnl": 3966.5199999996867,
      "trading_pnl": 3966.5199999996867,
      "bonus": 0.0,
      "closed_lots": 27.179999999999605,
      "equity_start": 1312.4799999995194,
      "equity_end": 5310.419999999207,
      "win_rate_pct": 66.85796269727403,
      "pnl_pct": 302.2156528100344
    },
    {
      "month": "2025-11",
      "signals": 676,
      "wins": 344,
      "losses": 270,
      "no_fills": 62,
      "open": 0,
      "pnl": 89.20999999974856,
      "trading_pnl": 89.20999999974856,
      "bonus": 0.0,
      "closed_lots": 23.909999999999684,
      "equity_start": 5310.419999999207,
      "equity_end": 5399.629999998954,
      "win_rate_pct": 56.02605863192183,
      "pnl_pct": 1.67990479095367
    },
    {
      "month": "2025-12",
      "signals": 726,
      "wins": 363,
      "losses": 290,
      "no_fills": 73,
      "open": 0,
      "pnl": -439.0500000002221,
      "trading_pnl": -439.0500000002221,
      "bonus": 0.0,
      "closed_lots": 25.509999999999664,
      "equity_start": 5399.629999998954,
      "equity_end": 4960.579999998732,
      "win_rate_pct": 55.5895865237366,
      "pnl_pct": -8.131112687356488
    },
    {
      "month": "2026-01",
      "signals": 743,
      "wins": 418,
      "losses": 240,
      "no_fills": 85,
      "open": 0,
      "pnl": 2871.369999999929,
      "trading_pnl": 2871.369999999929,
      "bonus": 0.0,
      "closed_lots": 25.87999999999963,
      "equity_start": 4960.579999998732,
      "equity_end": 7831.949999998661,
      "win_rate_pct": 63.525835866261396,
      "pnl_pct": 57.883755528600744
    },
    {
      "month": "2026-02",
      "signals": 668,
      "wins": 398,
      "losses": 225,
      "no_fills": 45,
      "open": 0,
      "pnl": 3485.610000000076,
      "trading_pnl": 3485.610000000076,
      "bonus": 0.0,
      "closed_lots": 24.759999999999653,
      "equity_start": 7831.949999998661,
      "equity_end": 11317.559999998735,
      "win_rate_pct": 63.88443017656501,
      "pnl_pct": 44.50500833126708
    },
    {
      "month": "2026-03",
      "signals": 743,
      "wins": 402,
      "losses": 277,
      "no_fills": 64,
      "open": 0,
      "pnl": 183.54000000033102,
      "trading_pnl": 183.54000000033102,
      "bonus": 0.0,
      "closed_lots": 26.869999999999614,
      "equity_start": 11317.559999998735,
      "equity_end": 11654.479999999083,
      "win_rate_pct": 59.20471281296024,
      "pnl_pct": 1.6217276515463717
    },
    {
      "month": "2026-04",
      "signals": 685,
      "wins": 384,
      "losses": 249,
      "no_fills": 52,
      "open": 0,
      "pnl": 603.5800000002337,
      "trading_pnl": 603.5800000002337,
      "bonus": 0.0,
      "closed_lots": 24.899999999999665,
      "equity_start": 11493.989999999076,
      "equity_end": 12061.309999999317,
      "win_rate_pct": 60.66350710900474,
      "pnl_pct": 5.251266096458082
    },
    {
      "month": "2026-05",
      "signals": 712,
      "wins": 391,
      "losses": 256,
      "no_fills": 65,
      "open": 0,
      "pnl": 1418.8200000001953,
      "trading_pnl": 1418.8200000001953,
      "bonus": 0.0,
      "closed_lots": 25.59999999999964,