{
  "rank": 4,
  "candidate_id": "64173564b2c411b1",
  "filter_preset": "self_limit",
  "metrics": {
    "bonus_contribution": 970.799999998726,
    "candidate_id": "64173564b2c411b1",
    "concurrent_risk_max_dd_pct": 100.02743086805623,
    "filter_preset": "self_limit",
    "fixed_no_bonus_profit": 19159.769999999247,
    "fixed_with_bonus_profit": 20130.569999997973,
    "oos_fixed_no_bonus_profit": 14488.600000000057,
    "passes_consistency": true,
    "passes_dd": false,
    "passes_edge": true,
    "passes_oos": true,
    "passes_recommendation_gate": false,
    "risk_net_profit_with_bonus": -1000.8900000002578,
    "score": 18524.19333333276,
    "stable_fraction": 0.7777777777777778,
    "stable_months": 14,
    "total_months": 18,
    "worst_month_pnl": -832.0300000001957
  },
  "monthly": [
    {
      "month": "2025-01",
      "signals": 741,
      "wins": 328,
      "losses": 252,
      "no_fills": 161,
      "open": 0,
      "pnl": 605.1099999999933,
      "trading_pnl": 605.1099999999933,
      "bonus": 0.0,
      "closed_lots": 15.849999999999847,
      "equity_start": 1000.0,
      "equity_end": 1605.1099999999933,
      "win_rate_pct": 56.55172413793104,
      "pnl_pct": 60.51099999999933
    },
    {
      "month": "2025-02",
      "signals": 682,
      "wins": 340,
      "losses": 243,
      "no_fills": 99,
      "open": 0,
      "pnl": 138.92999999982248,
      "trading_pnl": 138.92999999982248,
      "bonus": 0.0,
      "closed_lots": 16.27999999999984,
      "equity_start": 1605.1099999999933,
      "equity_end": 1744.0399999998158,
      "win_rate_pct": 58.31903945111492,
      "pnl_pct": 8.6554815557702
    },
    {
      "month": "2025-03",
      "signals": 698,
      "wins": 316,
      "losses": 293,
      "no_fills": 89,
      "open": 0,
      "pnl": -380.86999999987756,
      "trading_pnl": -380.86999999987756,
      "bonus": 0.0,
      "closed_lots": 17.21999999999988,
      "equity_start": 1744.0399999998158,
      "equity_end": 1317.449999999937,
      "win_rate_pct": 51.88834154351396,
      "pnl_pct": -21.838375266617614
    },
    {
      "month": "2025-04",
      "signals": 697,
      "wins": 405,
      "losses": 230,
      "no_fills": 62,
      "open": 0,
      "pnl": 497.37999999999283,
      "trading_pnl": 497.37999999999283,
      "bonus": 0.0,
      "closed_lots": 18.519999999999946,
      "equity_start": 1332.8099999999386,
      "equity_end": 1942.0499999999302,
      "win_rate_pct": 63.77952755905512,
      "pnl_pct": 37.318147372845026
    },
    {
      "month": "2025-05",
      "signals": 726,
      "wins": 406,
      "losses": 250,
      "no_fills": 70,
      "open": 0,
      "pnl": 339.7600000001339,
      "trading_pnl": 339.7600000001339,
      "bonus": 0.0,
      "closed_lots": 19.029999999999962,
      "equity_start": 1860.549999999931,
      "equity_end": 2200.310000000065,
      "win_rate_pct": 61.890243902439025,
      "pnl_pct": 18.26126682970877
    },
    {
      "month": "2025-06",
      "signals": 680,
      "wins": 329,
      "losses": 276,
      "no_fills": 75,
      "open": 0,
      "pnl": -394.18999999998823,
      "trading_pnl": -394.18999999998823,
      "bonus": 0.0,
      "closed_lots": 17.399999999999896,
      "equity_start": 2200.310000000065,
      "equity_end": 1805.4300000000771,
      "win_rate_pct": 54.3801652892562,
      "pnl_pct": -17.915202857778066
    },
    {
      "month": "2025-07",
      "signals": 774,
      "wins": 376,
      "losses": 291,
      "no_fills": 107,
      "open": 0,
      "pnl": -308.74999999999636,
      "trading_pnl": -308.74999999999636,
      "bonus": 0.0,
      "closed_lots": 18.429999999999936,
      "equity_start": 1797.8900000000767,
      "equity_end": 1522.7900000000836,
      "win_rate_pct": 56.37181409295352,
      "pnl_pct": -17.172908242438815
    },
    {
      "month": "2025-08",
      "signals": 697,
      "wins": 300,
      "losses": 312,
      "no_fills": 85,
      "open": 0,
      "pnl": -832.0300000001957,
      "trading_pnl": -832.0300000001957,
      "bonus": 0.0,
      "closed_lots": 17.1999999999999,
      "equity_start": 1474.12000000008,
      "equity_end": 665.3399999998846,
      "win_rate_pct": 49.01960784313725,
      "pnl_pct": -56.44248772149829
    },
    {
      "month": "2025-09",
      "signals": 745,
      "wins": 411,
      "losses": 245,
      "no_fills": 89,
      "open": 0,
      "pnl": 696.8899999997775,
      "trading_pnl": 696.8899999997775,
      "bonus": 0.0,
      "closed_lots": 18.80999999999995,
      "equity_start": 665.3399999998846,
      "equity_end": 1493.4799999996535,
      "win_rate_pct": 62.65243902439024,
      "pnl_pct": 104.74193645352727
    },
    {
      "month": "2025-10",
      "signals": 784,
      "wins": 522,
      "losses": 187,
      "no_fills": 75,
      "open": 0,
      "pnl": 2577.249999999743,
      "trading_pnl": 2577.249999999743,
      "bonus": 0.0,
      "closed_lots": 20.810000000000024,
      "equity_start": 1335.5999999996643,
      "equity_end": 3939.479999999405,
      "win_rate_pct": 73.62482369534555,
      "pnl_pct": 192.96570829592622
    },
    {
      "month": "2025-11",
      "signals": 676,
      "wins": 425,
      "losses": 203,
      "no_fills": 48,
      "open": 0,
      "pnl": 1008.4099999997957,
      "trading_pnl": 1008.4099999997957,
      "bonus": 0.0,
      "closed_lots": 18.36999999999993,
      "equity_start": 3939.479999999405,
      "equity_end": 4947.889999999192,
      "win_rate_pct": 67.67515923566879,
      "pnl_pct": 25.597540792184446
    },
    {
      "month": "2025-12",
      "signals": 726,
      "wins": 432,
      "losses": 241,
      "no_fills": 53,
      "open": 0,
      "pnl": 723.2799999997851,
      "trading_pnl": 723.2799999997851,
      "bonus": 0.0,
      "closed_lots": 19.65999999999999,
      "equity_start": 4947.889999999192,
      "equity_end": 5671.169999998977,
      "win_rate_pct": 64.19019316493313,
      "pnl_pct": 14.6179482567297
    },
    {
      "month": "2026-01",
      "signals": 743,
      "wins": 490,
      "losses": 180,
      "no_fills": 73,
      "open": 0,
      "pnl": 3120.4599999998054,
      "trading_pnl": 3120.4599999998054,
      "bonus": 0.0,
      "closed_lots": 19.759999999999994,
      "equity_start": 5671.169999998977,
      "equity_end": 8791.629999998779,
      "win_rate_pct": 73.13432835820896,
      "pnl_pct": 55.02321390472105
    },
    {
      "month": "2026-02",
      "signals": 668,
      "wins": 483,
      "losses": 145,
      "no_fills": 40,
      "open": 0,
      "pnl": 3989.00999999991,
      "trading_pnl": 3989.00999999991,
      "bonus": 0.0,
      "closed_lots": 18.689999999999955,
      "equity_start": 8791.629999998779,
      "equity_end": 12780.639999998715,
      "win_rate_pct": 76.91082802547771,
      "pnl_pct": 45.37281482501498
    },
    {
      "month": "2026-03",
      "signals": 743,
      "wins": 499,
      "losses": 184,
      "no_fills": 60,
      "open": 0,
      "pnl": 3138.9500000001326,
      "trading_pnl": 3138.9500000001326,
      "bonus": 0.0,
      "closed_lots": 20.310000000000013,
      "equity_start": 12780.639999998715,
      "equity_end": 16079.819999998857,
      "win_rate_pct": 73.06002928257686,
      "pnl_pct": 24.560194168683637
    },
    {
      "month": "2026-04",
      "signals": 685,
      "wins": 443,
      "losses": 198,
      "no_fills": 44,
      "open": 0,
      "pnl": 1536.9400000000796,
      "trading_pnl": 1536.9400000000796,
      "bonus": 0.0,
      "closed_lots": 18.939999999999955,
      "equity_start": 15900.469999998859,
      "equity_end": 17437.699999998993,
      "win_rate_pct": 69.11076443057722,
      "pnl_pct": 9.666003583543064
    },
    {
      "month": "2026-05",
      "signals": 712,
      "wins": 458,
      "losses": 202,
      "no_fills": 52,
      "open": 0,
      "pnl": 1591.3900000000622,
      "trading_pnl": 1591.3900000000622,
      "bonus": 0.0,
      "closed_lots": 19.479999999999983,