{
  "rank": 5,
  "candidate_id": "0e86921b1c5e32b7",
  "filter_preset": "self_limit",
  "metrics": {
    "candidate_id": "0e86921b1c5e32b7",
    "filter_preset": "self_limit",
    "passes_recommendation_gate": false,
    "passes_dd": false,
    "passes_edge": true,
    "passes_consistency": true,
    "passes_oos": true,
    "score": 18068.068333333616,
    "fixed_no_bonus_profit": 19810.455000000344,
    "fixed_with_bonus_profit": 20766.914999999302,
    "bonus_contribution": 956.4599999989587,
    "concurrent_risk_max_dd_pct": 100.11884927419857,
    "risk_net_profit_with_bonus": -1003.7699999994611,
    "stable_months": 13,
    "total_months": 18,
    "stable_fraction": 0.7222222222222222,
    "worst_month_pnl": -556.994999999863,
    "oos_fixed_no_bonus_profit": 15042.070000000138
  },
  "monthly": [
    {
      "month": "2025-01",
      "signals": 741,
      "wins": 344,
      "losses": 209,
      "no_fills": 188,
      "open": 0,
      "pnl": 352.76500000004444,
      "trading_pnl": 352.76500000004444,
      "bonus": 0.0,
      "closed_lots": 14.769999999999868,
      "equity_start": 1000.0,
      "equity_end": 1352.7650000000444,
      "win_rate_pct": 62.20614828209765,
      "pnl_pct": 35.27650000000445
    },
    {
      "month": "2025-02",
      "signals": 682,
      "wins": 350,
      "losses": 214,
      "no_fills": 114,
      "open": 0,
      "pnl": 262.54499999993504,
      "trading_pnl": 262.54499999993504,
      "bonus": 0.0,
      "closed_lots": 15.359999999999848,
      "equity_start": 1352.7650000000444,
      "equity_end": 1615.3099999999795,
      "win_rate_pct": 62.056737588652474,
      "pnl_pct": 19.40802726267507
    },
    {
      "month": "2025-03",
      "signals": 698,
      "wins": 319,
      "losses": 272,
      "no_fills": 105,
      "open": 0,
      "pnl": -556.994999999863,
      "trading_pnl": -556.994999999863,
      "bonus": 0.0,
      "closed_lots": 16.629999999999857,
      "equity_start": 1615.3099999999795,
      "equity_end": 1077.5050000001152,
      "win_rate_pct": 53.97631133671743,
      "pnl_pct": -34.48223560801766
    },
    {
      "month": "2025-04",
      "signals": 697,
      "wins": 392,
      "losses": 242,
      "no_fills": 59,
      "open": 0,
      "pnl": 345.5150000001004,
      "trading_pnl": 345.5150000001004,
      "bonus": 0.0,
      "closed_lots": 18.489999999999945,
      "equity_start": 1047.3750000001173,
      "equity_end": 1449.170000000216,
      "win_rate_pct": 61.82965299684543,
      "pnl_pct": 32.98866213152517
    },
    {
      "month": "2025-05",
      "signals": 726,
      "wins": 411,
      "losses": 243,
      "no_fills": 70,
      "open": 0,
      "pnl": -69.51499999979887,
      "trading_pnl": -69.51499999979887,
      "bonus": 0.0,
      "closed_lots": 18.76999999999995,
      "equity_start": 1403.8300000002168,
      "equity_end": 1334.315000000418,
      "win_rate_pct": 62.84403669724771,
      "pnl_pct": -4.951810404378603
    },
    {
      "month": "2025-06",
      "signals": 680,
      "wins": 355,
      "losses": 244,
      "no_fills": 80,
      "open": 0,
      "pnl": -490.36499999991884,
      "trading_pnl": -490.36499999991884,
      "bonus": 0.0,
      "closed_lots": 17.109999999999886,
      "equity_start": 1334.315000000418,
      "equity_end": 843.9500000004991,
      "win_rate_pct": 59.26544240400668,
      "pnl_pct": -36.7503175786651
    },
    {
      "month": "2025-07",
      "signals": 774,
      "wins": 411,
      "losses": 242,
      "no_fills": 120,
      "open": 0,
      "pnl": -56.054999999954816,
      "trading_pnl": -56.054999999954816,
      "bonus": 0.0,
      "closed_lots": 17.5999999999999,
      "equity_start": 843.9500000004991,
      "equity_end": 783.2800000005445,
      "win_rate_pct": 62.94027565084227,
      "pnl_pct": -6.641981160012047
    },
    {
      "month": "2025-08",
      "signals": 697,
      "wins": 340,
      "losses": 250,
      "no_fills": 107,
      "open": 0,
      "pnl": -166.83500000007143,
      "trading_pnl": -166.83500000007143,
      "bonus": 0.0,
      "closed_lots": 16.129999999999853,
      "equity_start": 778.0450000005435,
      "equity_end": 621.0600000004729,
      "win_rate_pct": 57.6271186440678,
      "pnl_pct": -21.4428471360853
    },
    {
      "month": "2025-09",
      "signals": 745,
      "wins": 416,
      "losses": 234,
      "no_fills": 94,
      "open": 0,
      "pnl": 321.2899999999372,
      "trading_pnl": 321.2899999999372,
      "bonus": 0.0,
      "closed_lots": 18.29999999999993,
      "equity_start": 621.0600000004729,
      "equity_end": 1012.3900000004078,
      "win_rate_pct": 64.0,
      "pnl_pct": 51.732521817488255
    },
    {
      "month": "2025-10",
      "signals": 784,
      "wins": 537,
      "losses": 187,
      "no_fills": 59,
      "open": 0,
      "pnl": 3566.6249999998217,
      "trading_pnl": 3566.6249999998217,
      "bonus": 0.0,
      "closed_lots": 21.040000000000035,
      "equity_start": 938.4000000004103,
      "equity_end": 4508.97500000023,
      "win_rate_pct": 74.17127071823204,
      "pnl_pct": 380.07512787705264
    },
    {
      "month": "2025-11",
      "signals": 676,
      "wins": 417,
      "losses": 214,
      "no_fills": 45,
      "open": 0,
      "pnl": 919.469999999897,
      "trading_pnl": 919.469999999897,
      "bonus": 0.0,
      "closed_lots": 18.249999999999922,
      "equity_start": 4508.97500000023,
      "equity_end": 5428.445000000131,
      "win_rate_pct": 66.08557844690966,
      "pnl_pct": 20.391995963602596
    },
    {
      "month": "2025-12",
      "signals": 726,
      "wins": 429,
      "losses": 240,
      "no_fills": 56,
      "open": 0,
      "pnl": 339.9399999999123,
      "trading_pnl": 339.9399999999123,
      "bonus": 0.0,
      "closed_lots": 19.309999999999974,
      "equity_start": 5428.445000000131,
      "equity_end": 5768.385000000043,
      "win_rate_pct": 64.12556053811659,
      "pnl_pct": 6.262198474883767
    },
    {
      "month": "2026-01",
      "signals": 743,
      "wins": 485,
      "losses": 189,
      "no_fills": 55,
      "open": 0,
      "pnl": 2678.1249999998163,
      "trading_pnl": 2678.1249999998163,
      "bonus": 0.0,
      "closed_lots": 19.979999999999997,
      "equity_start": 5768.385000000043,
      "equity_end": 8446.509999999857,
      "win_rate_pct": 71.95845697329378,
      "pnl_pct": 46.42763962529887
    },
    {
      "month": "2026-02",
      "signals": 668,
      "wins": 468,
      "losses": 155,
      "no_fills": 27,
      "open": 0,
      "pnl": 4420.889999999914,
      "trading_pnl": 4420.889999999914,
      "bonus": 0.0,
      "closed_lots": 18.849999999999962,
      "equity_start": 8446.509999999857,
      "equity_end": 12867.399999999834,
      "win_rate_pct": 75.12038523274478,
      "pnl_pct": 52.339842135982664
    },
    {
      "month": "2026-03",
      "signals": 743,
      "wins": 520,
      "losses": 167,
      "no_fills": 38,
      "open": 0,
      "pnl": 4565.195000000048,
      "trading_pnl": 4565.195000000048,
      "bonus": 0.0,
      "closed_lots": 20.78000000000003,
      "equity_start": 12867.399999999834,
      "equity_end": 17495.604999999945,
      "win_rate_pct": 75.69141193595343,
      "pnl_pct": 35.47876804949024
    },
    {
      "month": "2026-04",
      "signals": 685,
      "wins": 443,
      "losses": 200,
      "no_fills": 35,
      "open": 0,
      "pnl": 1562.5000000000546,
      "trading_pnl": 1562.5000000000546,
      "bonus": 0.0,
      "closed_lots": 19.009999999999962,
      "equity_start": 17385.454999999944,
      "equity_end": 19006.505000000085,
      "win_rate_pct": 68.89580093312597,
      "pnl_pct": 8.987397798907534
    },
    {
      "month": "2026-05",
      "signals": 712,
      "wins": 438,
      "losses": 227,
      "no_fills": 44,
      "open": 0,
      "pnl": 1024.0550000000685,
      "trading_pnl": 1024.0550000000685,
      "bonus": 0.0,
      "closed_lots": 19.569999999999983,