{
  "rank": 6,
  "candidate_id": "1c12c691874bfbd7",
  "filter_preset": "self_limit",
  "metrics": {
    "bonus_contribution": 956.4599999991005,
    "candidate_id": "1c12c691874bfbd7",
    "concurrent_risk_max_dd_pct": 97.99160462905722,
    "filter_preset": "self_limit",
    "fixed_no_bonus_profit": 17667.154999998085,
    "fixed_with_bonus_profit": 18623.614999997186,
    "oos_fixed_no_bonus_profit": 13259.86999999896,
    "passes_consistency": true,
    "passes_dd": false,
    "passes_edge": true,
    "passes_oos": true,
    "passes_recommendation_gate": false,
    "risk_net_profit_with_bonus": 8.768215932837233e+19,
    "score": 18037.596666664813,
    "stable_fraction": 0.8333333333333334,
    "stable_months": 15,
    "total_months": 18,
    "worst_month_pnl": -525.859999999916
  },
  "monthly": [
    {
      "month": "2025-01",
      "signals": 741,
      "wins": 361,
      "losses": 192,
      "no_fills": 188,
      "open": 0,
      "pnl": 12.32500000002483,
      "trading_pnl": 12.32500000002483,
      "bonus": 0.0,
      "closed_lots": 14.769999999999868,
      "equity_start": 1000.0,
      "equity_end": 1012.3250000000248,
      "win_rate_pct": 65.28028933092224,
      "pnl_pct": 1.232500000002483
    },
    {
      "month": "2025-02",
      "signals": 682,
      "wins": 396,
      "losses": 168,
      "no_fills": 114,
      "open": 0,
      "pnl": 162.26499999990347,
      "trading_pnl": 162.26499999990347,
      "bonus": 0.0,
      "closed_lots": 15.359999999999848,
      "equity_start": 1012.3250000000248,
      "equity_end": 1174.5899999999283,
      "win_rate_pct": 70.2127659574468,
      "pnl_pct": 16.02894327413622
    },
    {
      "month": "2025-03",
      "signals": 698,
      "wins": 373,
      "losses": 217,
      "no_fills": 105,
      "open": 0,
      "pnl": -525.859999999916,
      "trading_pnl": -525.859999999916,
      "bonus": 0.0,
      "closed_lots": 16.629999999999857,
      "equity_start": 1174.5899999999283,
      "equity_end": 654.2900000000113,
      "win_rate_pct": 63.22033898305085,
      "pnl_pct": -44.76966430839256
    },
    {
      "month": "2025-04",
      "signals": 697,
      "wins": 443,
      "losses": 187,
      "no_fills": 59,
      "open": 0,
      "pnl": 317.5300000000534,
      "trading_pnl": 317.5300000000534,
      "bonus": 0.0,
      "closed_lots": 18.489999999999945,
      "equity_start": 636.7300000000128,
      "equity_end": 1012.6200000000654,
      "win_rate_pct": 70.31746031746032,
      "pnl_pct": 49.86886121276633
    },
    {
      "month": "2025-05",
      "signals": 726,
      "wins": 467,
      "losses": 185,
      "no_fills": 70,
      "open": 0,
      "pnl": 178.99500000014814,
      "trading_pnl": 178.99500000014814,
      "bonus": 0.0,
      "closed_lots": 18.76999999999995,
      "equity_start": 966.2600000000657,
      "equity_end": 1145.2550000002138,
      "win_rate_pct": 71.62576687116564,
      "pnl_pct": 18.524517210702708
    },
    {
      "month": "2025-06",
      "signals": 680,
      "wins": 392,
      "losses": 205,
      "no_fills": 80,
      "open": 0,
      "pnl": -491.49499999996215,
      "trading_pnl": -491.49499999996215,
      "bonus": 0.0,
      "closed_lots": 17.109999999999886,
      "equity_start": 1145.2550000002138,
      "equity_end": 653.7600000002517,
      "win_rate_pct": 65.66164154103853,
      "pnl_pct": -42.91576985037135
    },
    {
      "month": "2025-07",
      "signals": 774,
      "wins": 453,
      "losses": 200,
      "no_fills": 120,
      "open": 0,
      "pnl": 63.300000000022465,
      "trading_pnl": 63.300000000022465,
      "bonus": 0.0,
      "closed_lots": 17.5999999999999,
      "equity_start": 653.7600000002517,
      "equity_end": 711.3950000002746,
      "win_rate_pct": 69.37212863705973,
      "pnl_pct": 9.68245227606432
    },
    {
      "month": "2025-08",
      "signals": 697,
      "wins": 366,
      "losses": 224,
      "no_fills": 107,
      "open": 0,
      "pnl": -206.83000000011543,
      "trading_pnl": -206.83000000011543,
      "bonus": 0.0,
      "closed_lots": 16.129999999999853,
      "equity_start": 702.4600000002738,
      "equity_end": 510.2300000001587,
      "win_rate_pct": 62.03389830508475,
      "pnl_pct": -29.44366939043288
    },
    {
      "month": "2025-09",
      "signals": 745,
      "wins": 450,
      "losses": 195,
      "no_fills": 94,
      "open": 0,
      "pnl": 349.3349999998818,
      "trading_pnl": 349.3349999998818,
      "bonus": 0.0,
      "closed_lots": 18.29999999999993,
      "equity_start": 510.2300000001587,
      "equity_end": 879.9750000000354,
      "win_rate_pct": 69.76744186046511,
      "pnl_pct": 68.4661819179141
    },
    {
      "month": "2025-10",
      "signals": 784,
      "wins": 566,
      "losses": 145,
      "no_fills": 59,
      "open": 0,
      "pnl": 2928.984999999728,
      "trading_pnl": 2928.984999999728,
      "bonus": 0.0,
      "closed_lots": 21.040000000000035,
      "equity_start": 854.9650000000415,
      "equity_end": 3788.5499999997687,
      "win_rate_pct": 79.60618846694796,
      "pnl_pct": 342.5853689916647
    },
    {
      "month": "2025-11",
      "signals": 676,
      "wins": 479,
      "losses": 151,
      "no_fills": 45,
      "open": 0,
      "pnl": 1204.609999999766,
      "trading_pnl": 1204.609999999766,
      "bonus": 0.0,
      "closed_lots": 18.249999999999922,
      "equity_start": 3788.5499999997687,
      "equity_end": 4993.159999999538,
      "win_rate_pct": 76.03174603174602,
      "pnl_pct": 31.796069736438465
    },
    {
      "month": "2025-12",
      "signals": 726,
      "wins": 478,
      "losses": 186,
      "no_fills": 56,
      "open": 0,
      "pnl": 414.1249999997053,
      "trading_pnl": 414.1249999997053,
      "bonus": 0.0,
      "closed_lots": 19.309999999999974,
      "equity_start": 4993.159999999538,
      "equity_end": 5407.284999999243,
      "win_rate_pct": 71.98795180722891,
      "pnl_pct": 8.293845981297288
    },
    {
      "month": "2026-01",
      "signals": 743,
      "wins": 509,
      "losses": 152,
      "no_fills": 55,
      "open": 0,
      "pnl": 2513.6649999996325,
      "trading_pnl": 2513.6649999996325,
      "bonus": 0.0,
      "closed_lots": 19.979999999999997,
      "equity_start": 5407.284999999243,
      "equity_end": 7920.949999998876,
      "win_rate_pct": 77.00453857791226,
      "pnl_pct": 46.48663793382417
    },
    {
      "month": "2026-02",
      "signals": 668,
      "wins": 486,
      "losses": 117,
      "no_fills": 27,
      "open": 0,
      "pnl": 3949.4949999997425,
      "trading_pnl": 3949.4949999997425,
      "bonus": 0.0,
      "closed_lots": 18.849999999999962,
      "equity_start": 7920.949999998876,
      "equity_end": 11870.444999998626,
      "win_rate_pct": 80.59701492537313,
      "pnl_pct": 49.861380263734816
    },
    {
      "month": "2026-03",
      "signals": 743,
      "wins": 523,
      "losses": 127,
      "no_fills": 38,
      "open": 0,
      "pnl": 3819.644999999896,
      "trading_pnl": 3819.644999999896,
      "bonus": 0.0,
      "closed_lots": 20.78000000000003,
      "equity_start": 11870.444999998626,
      "equity_end": 15695.939999998523,
      "win_rate_pct": 80.46153846153847,
      "pnl_pct": 32.177774295743234
    },
    {
      "month": "2026-04",
      "signals": 685,
      "wins": 474,
      "losses": 159,
      "no_fills": 35,
      "open": 0,
      "pnl": 1252.2749999998532,
      "trading_pnl": 1252.2749999998532,
      "bonus": 0.0,
      "closed_lots": 19.009999999999962,
      "equity_start": 15663.989999998525,
      "equity_end": 16956.8849999984,
      "win_rate_pct": 74.88151658767772,
      "pnl_pct": 7.994610568571425
    },
    {
      "month": "2026-05",
      "signals": 712,
      "wins": 485,
      "losses": 176,
      "no_fills": 44,
      "open": 0,
      "pnl": 945.694999999856,
      "trading_pnl": 945.694999999856,
      "bonus": 0.0,
      "closed_lots": 19.569999999999983,