{
  "rank": 12,
  "candidate_id": "11108a6c658afafe",
  "filter_preset": "self_limit",
  "metrics": {
    "candidate_id": "11108a6c658afafe",
    "filter_preset": "self_limit",
    "passes_recommendation_gate": false,
    "passes_dd": false,
    "passes_edge": true,
    "passes_consistency": true,
    "passes_oos": true,
    "score": 9472.77916666631,
    "fixed_no_bonus_profit": 8950.649999999652,
    "fixed_with_bonus_profit": 9283.380000000589,
    "bonus_contribution": 332.73000000093634,
    "concurrent_risk_max_dd_pct": 98.87141967621295,
    "risk_net_profit_with_bonus": 23724377403.239937,
    "stable_months": 17,
    "total_months": 18,
    "stable_fraction": 0.9444444444444444,
    "worst_month_pnl": -201.25000000005411,
    "oos_fixed_no_bonus_profit": 4077.549999999892
  },
  "monthly": [
    {
      "month": "2025-01",
      "signals": 741,
      "wins": 303,
      "losses": 213,
      "no_fills": 187,
      "open": 0,
      "pnl": 506.85999999999285,
      "trading_pnl": 506.85999999999285,
      "bonus": 0.0,
      "closed_lots": 5.539999999999926,
      "equity_start": 1000.0,
      "equity_end": 1506.8599999999929,
      "win_rate_pct": 58.720930232558146,
      "pnl_pct": 50.68599999999929
    },
    {
      "month": "2025-02",
      "signals": 682,
      "wins": 280,
      "losses": 236,
      "no_fills": 115,
      "open": 0,
      "pnl": 353.92999999995345,
      "trading_pnl": 353.92999999995345,
      "bonus": 0.0,
      "closed_lots": 5.6699999999999235,
      "equity_start": 1506.8599999999929,
      "equity_end": 1860.7899999999463,
      "win_rate_pct": 54.263565891472865,
      "pnl_pct": 23.487915267506942
    },
    {
      "month": "2025-03",
      "signals": 698,
      "wins": 290,
      "losses": 257,
      "no_fills": 105,
      "open": 0,
      "pnl": 32.30000000004566,
      "trading_pnl": 32.30000000004566,
      "bonus": 0.0,
      "closed_lots": 5.929999999999918,
      "equity_start": 1860.7899999999463,
      "equity_end": 1961.1599999999917,
      "win_rate_pct": 53.016453382084094,
      "pnl_pct": 1.7358218821063414
    },
    {
      "month": "2025-04",
      "signals": 697,
      "wins": 340,
      "losses": 207,
      "no_fills": 64,
      "open": 0,
      "pnl": 411.03000000000293,
      "trading_pnl": 411.03000000000293,
      "bonus": 0.0,
      "closed_lots": 6.3299999999999095,
      "equity_start": 1893.089999999992,
      "equity_end": 2362.669999999994,
      "win_rate_pct": 62.15722120658135,
      "pnl_pct": 21.71212145222914
    },
    {
      "month": "2025-05",
      "signals": 726,
      "wins": 310,
      "losses": 233,
      "no_fills": 75,
      "open": 0,
      "pnl": 228.6700000000369,
      "trading_pnl": 228.6700000000369,
      "bonus": 0.0,
      "closed_lots": 6.509999999999906,
      "equity_start": 2304.119999999995,
      "equity_end": 2532.790000000032,
      "win_rate_pct": 57.0902394106814,
      "pnl_pct": 9.924396298805506
    },
    {
      "month": "2025-06",
      "signals": 680,
      "wins": 302,
      "losses": 231,
      "no_fills": 80,
      "open": 0,
      "pnl": 5.09000000001236,
      "trading_pnl": 5.09000000001236,
      "bonus": 0.0,
      "closed_lots": 5.9999999999999165,
      "equity_start": 2532.790000000032,
      "equity_end": 2548.1400000000444,
      "win_rate_pct": 56.66041275797373,
      "pnl_pct": 0.20096415415460012
    },
    {
      "month": "2025-07",
      "signals": 774,
      "wins": 314,
      "losses": 276,
      "no_fills": 121,
      "open": 0,
      "pnl": 94.50000000000227,
      "trading_pnl": 94.50000000000227,
      "bonus": 0.0,
      "closed_lots": 6.529999999999905,
      "equity_start": 2537.880000000044,
      "equity_end": 2648.960000000046,
      "win_rate_pct": 53.22033898305085,
      "pnl_pct": 3.7235803111258465
    },
    {
      "month": "2025-08",
      "signals": 697,
      "wins": 269,
      "losses": 265,
      "no_fills": 108,
      "open": 0,
      "pnl": -201.25000000005411,
      "trading_pnl": -201.25000000005411,
      "bonus": 0.0,
      "closed_lots": 5.889999999999919,
      "equity_start": 2632.3800000000465,
      "equity_end": 2431.1299999999924,
      "win_rate_pct": 50.37453183520599,
      "pnl_pct": -7.64517280939874
    },
    {
      "month": "2025-09",
      "signals": 745,
      "wins": 339,
      "losses": 215,
      "no_fills": 99,
      "open": 0,
      "pnl": 577.4699999999557,
      "trading_pnl": 577.4699999999557,
      "bonus": 0.0,
      "closed_lots": 6.459999999999907,
      "equity_start": 2431.1299999999924,
      "equity_end": 3067.2299999999464,
      "win_rate_pct": 61.191335740072205,
      "pnl_pct": 23.75315182651514
    },
    {
      "month": "2025-10",
      "signals": 784,
      "wins": 450,
      "losses": 156,
      "no_fills": 67,
      "open": 0,
      "pnl": 1795.0399999999258,
      "trading_pnl": 1795.0399999999258,
      "bonus": 0.0,
      "closed_lots": 7.169999999999892,
      "equity_start": 3008.599999999948,
      "equity_end": 4803.639999999876,
      "win_rate_pct": 74.25742574257426,
      "pnl_pct": 59.663630924681144
    },
    {
      "month": "2025-11",
      "signals": 676,
      "wins": 336,
      "losses": 191,
      "no_fills": 52,
      "open": 0,
      "pnl": 619.9299999999571,
      "trading_pnl": 619.9299999999571,
      "bonus": 0.0,
      "closed_lots": 6.239999999999911,
      "equity_start": 4803.639999999876,
      "equity_end": 5423.569999999831,
      "win_rate_pct": 63.75711574952562,
      "pnl_pct": 12.905421721860364
    },
    {
      "month": "2025-12",
      "signals": 726,
      "wins": 344,
      "losses": 216,
      "no_fills": 58,
      "open": 0,
      "pnl": 449.5299999999361,
      "trading_pnl": 449.5299999999361,
      "bonus": 0.0,
      "closed_lots": 6.679999999999902,
      "equity_start": 5423.569999999831,
      "equity_end": 5873.0999999997675,
      "win_rate_pct": 61.42857142857143,
      "pnl_pct": 8.28845207123629
    },
    {
      "month": "2026-01",
      "signals": 743,
      "wins": 362,
      "losses": 164,
      "no_fills": 72,
      "open": 0,
      "pnl": 1118.2199999999211,
      "trading_pnl": 1118.2199999999211,
      "bonus": 0.0,
      "closed_lots": 6.709999999999901,
      "equity_start": 5873.0999999997675,
      "equity_end": 6991.319999999689,
      "win_rate_pct": 68.8212927756654,
      "pnl_pct": 19.03968943147512
    },
    {
      "month": "2026-02",
      "signals": 668,
      "wins": 338,
      "losses": 143,
      "no_fills": 41,
      "open": 0,
      "pnl": 864.729999999965,
      "trading_pnl": 864.729999999965,
      "bonus": 0.0,
      "closed_lots": 6.269999999999911,
      "equity_start": 6991.319999999689,
      "equity_end": 7856.049999999654,
      "win_rate_pct": 70.27027027027027,
      "pnl_pct": 12.368622806565906
    },
    {
      "month": "2026-03",
      "signals": 743,
      "wins": 370,
      "losses": 175,
      "no_fills": 49,
      "open": 0,
      "pnl": 1095.9000000000087,
      "trading_pnl": 1095.9000000000087,
      "bonus": 0.0,
      "closed_lots": 6.9399999999998965,
      "equity_start": 7856.049999999654,
      "equity_end": 9006.299999999668,
      "win_rate_pct": 67.88990825688074,
      "pnl_pct": 13.949758466405598
    },
    {
      "month": "2026-04",
      "signals": 685,
      "wins": 337,
      "losses": 183,
      "no_fills": 39,
      "open": 0,
      "pnl": 338.5199999999977,
      "trading_pnl": 338.5199999999977,
      "bonus": 0.0,
      "closed_lots": 6.459999999999907,
      "equity_start": 8951.949999999668,
      "equity_end": 9290.469999999663,
      "win_rate_pct": 64.8076923076923,
      "pnl_pct": 3.7815224615866962
    },
    {
      "month": "2026-05",
      "signals": 712,
      "wins": 345,
      "losses": 196,
      "no_fills": 51,
      "open": 0,
      "pnl": 325.94000000000045,
      "trading_pnl": 325.94000000000045,
      "bonus": 0.0,
      "closed_lots": 6.6099999999999035,
      "equity_start": 9290.469999999663,