{
  "rank": 7,
  "candidate_id": "26d667c3ddd88f0d",
  "filter_preset": "self_limit",
  "metrics": {
    "candidate_id": "26d667c3ddd88f0d",
    "filter_preset": "self_limit",
    "passes_recommendation_gate": false,
    "passes_dd": false,
    "passes_edge": true,
    "passes_consistency": true,
    "passes_oos": true,
    "score": 15493.41916666574,
    "fixed_no_bonus_profit": 17954.019999998774,
    "fixed_with_bonus_profit": 18529.209999998824,
    "bonus_contribution": 575.1900000000496,
    "concurrent_risk_max_dd_pct": 74.95918758606558,
    "risk_net_profit_with_bonus": 1.5413195154006702e+16,
    "stable_months": 12,
    "total_months": 18,
    "stable_fraction": 0.6666666666666666,
    "worst_month_pnl": -398.239999999912,
    "oos_fixed_no_bonus_profit": 14096.289999999566
  },
  "monthly": [
    {
      "month": "2025-01",
      "signals": 741,
      "wins": 248,
      "losses": 227,
      "no_fills": 266,
      "open": 0,
      "pnl": 21.609999999994216,
      "trading_pnl": 21.609999999994216,
      "bonus": 0.0,
      "closed_lots": 7.969999999999912,
      "equity_start": 1000.0,
      "equity_end": 1021.6099999999942,
      "win_rate_pct": 52.21052631578947,
      "pnl_pct": 2.160999999999422
    },
    {
      "month": "2025-02",
      "signals": 682,
      "wins": 261,
      "losses": 234,
      "no_fills": 187,
      "open": 0,
      "pnl": -115.24000000010665,
      "trading_pnl": -115.24000000010665,
      "bonus": 0.0,
      "closed_lots": 8.609999999999896,
      "equity_start": 1021.6099999999942,
      "equity_end": 906.3699999998876,
      "win_rate_pct": 52.72727272727272,
      "pnl_pct": -11.28023414024014
    },
    {
      "month": "2025-03",
      "signals": 698,
      "wins": 238,
      "losses": 289,
      "no_fills": 171,
      "open": 0,
      "pnl": -398.239999999912,
      "trading_pnl": -398.239999999912,
      "bonus": 0.0,
      "closed_lots": 9.45999999999988,
      "equity_start": 906.3699999998876,
      "equity_end": 508.12999999997555,
      "win_rate_pct": 45.16129032258064,
      "pnl_pct": -43.937906153112024
    },
    {
      "month": "2025-04",
      "signals": 697,
      "wins": 327,
      "losses": 272,
      "no_fills": 98,
      "open": 0,
      "pnl": 647.2100000000005,
      "trading_pnl": 647.2100000000005,
      "bonus": 0.0,
      "closed_lots": 11.299999999999846,
      "equity_start": 508.12999999997555,
      "equity_end": 1161.1899999999769,
      "win_rate_pct": 54.59098497495827,
      "pnl_pct": 127.37094837935797
    },
    {
      "month": "2025-05",
      "signals": 726,
      "wins": 340,
      "losses": 263,
      "no_fills": 121,
      "open": 0,
      "pnl": 552.6200000001186,
      "trading_pnl": 552.6200000001186,
      "bonus": 0.0,
      "closed_lots": 11.239999999999846,
      "equity_start": 1155.339999999976,
      "equity_end": 1707.9600000000946,
      "win_rate_pct": 56.38474295190713,
      "pnl_pct": 47.831807087102504
    },
    {
      "month": "2025-06",
      "signals": 680,
      "wins": 278,
      "losses": 274,
      "no_fills": 128,
      "open": 0,
      "pnl": -60.07999999998947,
      "trading_pnl": -60.07999999998947,
      "bonus": 0.0,
      "closed_lots": 10.199999999999868,
      "equity_start": 1707.9600000000946,
      "equity_end": 1647.8800000001052,
      "win_rate_pct": 50.36231884057971,
      "pnl_pct": -3.517646783296221
    },
    {
      "month": "2025-07",
      "signals": 774,
      "wins": 277,
      "losses": 305,
      "no_fills": 192,
      "open": 0,
      "pnl": -167.80000000000382,
      "trading_pnl": -167.80000000000382,
      "bonus": 0.0,
      "closed_lots": 10.029999999999868,
      "equity_start": 1647.8800000001052,
      "equity_end": 1482.340000000101,
      "win_rate_pct": 47.59450171821305,
      "pnl_pct": -10.182780299535956
    },
    {
      "month": "2025-08",
      "signals": 697,
      "wins": 257,
      "losses": 272,
      "no_fills": 168,
      "open": 0,
      "pnl": -315.85000000011723,
      "trading_pnl": -315.85000000011723,
      "bonus": 0.0,
      "closed_lots": 9.219999999999889,
      "equity_start": 1479.5800000001013,
      "equity_end": 1164.229999999984,
      "win_rate_pct": 48.582230623818525,
      "pnl_pct": -21.347274226476134
    },
    {
      "month": "2025-09",
      "signals": 745,
      "wins": 323,
      "losses": 268,
      "no_fills": 153,
      "open": 0,
      "pnl": -21.160000000141736,
      "trading_pnl": -21.160000000141736,
      "bonus": 0.0,
      "closed_lots": 10.749999999999854,
      "equity_start": 1164.229999999984,
      "equity_end": 1147.9599999998418,
      "win_rate_pct": 54.653130287648054,
      "pnl_pct": -1.817510285780475
    },
    {
      "month": "2025-10",
      "signals": 784,
      "wins": 435,
      "losses": 245,
      "no_fills": 104,
      "open": 0,
      "pnl": 2542.159999999772,
      "trading_pnl": 2542.159999999772,
      "bonus": 0.0,
      "closed_lots": 12.91999999999981,
      "equity_start": 1143.0699999998424,
      "equity_end": 3685.2299999996144,
      "win_rate_pct": 63.970588235294116,
      "pnl_pct": 222.39757845102423
    },
    {
      "month": "2025-11",
      "signals": 676,
      "wins": 343,
      "losses": 250,
      "no_fills": 83,
      "open": 0,
      "pnl": 753.2099999998013,
      "trading_pnl": 753.2099999998013,
      "bonus": 0.0,
      "closed_lots": 11.249999999999845,
      "equity_start": 3685.2299999996144,
      "equity_end": 4438.439999999415,
      "win_rate_pct": 57.84148397976391,
      "pnl_pct": 20.438615771603946
    },
    {
      "month": "2025-12",
      "signals": 726,
      "wins": 350,
      "losses": 273,
      "no_fills": 103,
      "open": 0,
      "pnl": 419.2899999997853,
      "trading_pnl": 419.2899999997853,
      "bonus": 0.0,
      "closed_lots": 11.679999999999836,
      "equity_start": 4438.439999999415,
      "equity_end": 4857.7299999992,
      "win_rate_pct": 56.17977528089888,
      "pnl_pct": 9.446787610057601
    },
    {
      "month": "2026-01",
      "signals": 743,
      "wins": 393,
      "losses": 248,
      "no_fills": 102,
      "open": 0,
      "pnl": 2594.6799999997784,
      "trading_pnl": 2594.6799999997784,
      "bonus": 0.0,
      "closed_lots": 12.279999999999825,
      "equity_start": 4857.7299999992,
      "equity_end": 7452.4099999989785,
      "win_rate_pct": 61.31045241809673,
      "pnl_pct": 53.41342561237874
    },
    {
      "month": "2026-02",
      "signals": 668,
      "wins": 359,
      "losses": 242,
      "no_fills": 67,
      "open": 0,
      "pnl": 3117.5899999998865,
      "trading_pnl": 3117.5899999998865,
      "bonus": 0.0,
      "closed_lots": 11.809999999999837,
      "equity_start": 7452.4099999989785,
      "equity_end": 10569.999999998843,
      "win_rate_pct": 59.73377703826955,
      "pnl_pct": 41.83331298197917
    },
    {
      "month": "2026-03",
      "signals": 743,
      "wins": 404,
      "losses": 264,
      "no_fills": 75,
      "open": 0,
      "pnl": 3950.909999999966,
      "trading_pnl": 3950.909999999966,
      "bonus": 0.0,
      "closed_lots": 13.059999999999809,
      "equity_start": 10569.999999998843,
      "equity_end": 14520.909999998812,
      "win_rate_pct": 60.47904191616767,
      "pnl_pct": 37.37852412488551
    },
    {
      "month": "2026-04",
      "signals": 685,
      "wins": 369,
      "losses": 256,
      "no_fills": 60,
      "open": 0,
      "pnl": 1904.2499999999618,
      "trading_pnl": 1904.2499999999618,
      "bonus": 0.0,
      "closed_lots": 12.06999999999983,
      "equity_start": 14520.909999998812,
      "equity_end": 16425.15999999879,
      "win_rate_pct": 59.040000000000006,
      "pnl_pct": 13.113847548122795
    },
    {
      "month": "2026-05",
      "signals": 712,
      "wins": 378,
      "losses": 261,
      "no_fills": 73,
      "open": 0,
      "pnl": 1579.6399999999203,
      "trading_pnl": 1579.6399999999203,
      "bonus": 0.0,
      "closed_lots": 12.369999999999823,