{
  "rank": 5,
  "candidate_id": "0e86921b1c5e32b7",
  "filter_preset": "self_limit",
  "metrics": {
    "candidate_id": "0e86921b1c5e32b7",
    "filter_preset": "self_limit",
    "passes_recommendation_gate": false,
    "passes_dd": false,
    "passes_edge": true,
    "passes_consistency": true,
    "passes_oos": true,
    "score": 19608.75972221991,
    "fixed_no_bonus_profit": 20310.469999997367,
    "fixed_with_bonus_profit": 21266.92999999643,
    "bonus_contribution": 956.4599999990642,
    "concurrent_risk_max_dd_pct": 100.47174147246545,
    "risk_net_profit_with_bonus": -1012.8300000007873,
    "stable_months": 14,
    "total_months": 18,
    "stable_fraction": 0.7777777777777778,
    "worst_month_pnl": -597.3999999999755,
    "oos_fixed_no_bonus_profit": 15246.90999999895
  },
  "monthly": [
    {
      "month": "2025-01",
      "signals": 741,
      "wins": 348,
      "losses": 205,
      "no_fills": 188,
      "open": 0,
      "pnl": 370.219999999993,
      "trading_pnl": 370.219999999993,
      "bonus": 0.0,
      "closed_lots": 14.769999999999868,
      "equity_start": 1000.0,
      "equity_end": 1370.219999999993,
      "win_rate_pct": 62.92947558770343,
      "pnl_pct": 37.0219999999993
    },
    {
      "month": "2025-02",
      "signals": 682,
      "wins": 361,
      "losses": 203,
      "no_fills": 114,
      "open": 0,
      "pnl": 369.09999999984575,
      "trading_pnl": 369.09999999984575,
      "bonus": 0.0,
      "closed_lots": 15.359999999999848,
      "equity_start": 1370.219999999993,
      "equity_end": 1739.3199999998387,
      "win_rate_pct": 64.00709219858156,
      "pnl_pct": 26.93728014478315
    },
    {
      "month": "2025-03",
      "signals": 698,
      "wins": 327,
      "losses": 264,
      "no_fills": 105,
      "open": 0,
      "pnl": -597.3999999999755,
      "trading_pnl": -597.3999999999755,
      "bonus": 0.0,
      "closed_lots": 16.629999999999857,
      "equity_start": 1739.3199999998387,
      "equity_end": 1160.5999999998621,
      "win_rate_pct": 55.32994923857868,
      "pnl_pct": -34.34675620357559
    },
    {
      "month": "2025-04",
      "signals": 697,
      "wins": 417,
      "losses": 217,
      "no_fills": 59,
      "open": 0,
      "pnl": 295.52999999992335,
      "trading_pnl": 295.52999999992335,
      "bonus": 0.0,
      "closed_lots": 18.489999999999945,
      "equity_start": 1130.979999999864,
      "equity_end": 1475.379999999785,
      "win_rate_pct": 65.77287066246058,
      "pnl_pct": 26.130435551465002
    },
    {
      "month": "2025-05",
      "signals": 726,
      "wins": 438,
      "losses": 216,
      "no_fills": 70,
      "open": 0,
      "pnl": 20.800000000053387,
      "trading_pnl": 20.800000000053387,
      "bonus": 0.0,
      "closed_lots": 18.76999999999995,
      "equity_start": 1437.4499999997865,
      "equity_end": 1458.24999999984,
      "win_rate_pct": 66.97247706422019,
      "pnl_pct": 1.4470068524161868
    },
    {
      "month": "2025-06",
      "signals": 680,
      "wins": 375,
      "losses": 224,
      "no_fills": 80,
      "open": 0,
      "pnl": -467.6300000000533,
      "trading_pnl": -467.6300000000533,
      "bonus": 0.0,
      "closed_lots": 17.109999999999886,
      "equity_start": 1458.24999999984,
      "equity_end": 990.6199999997866,
      "win_rate_pct": 62.604340567612695,
      "pnl_pct": -32.06788959369825
    },
    {
      "month": "2025-07",
      "signals": 774,
      "wins": 416,
      "losses": 237,
      "no_fills": 120,
      "open": 0,
      "pnl": -168.66000000004215,
      "trading_pnl": -168.66000000004215,
      "bonus": 0.0,
      "closed_lots": 17.5999999999999,
      "equity_start": 990.6199999997866,
      "equity_end": 810.0399999997435,
      "win_rate_pct": 63.70597243491577,
      "pnl_pct": -17.025701076101683
    },
    {
      "month": "2025-08",
      "signals": 697,
      "wins": 345,
      "losses": 245,
      "no_fills": 107,
      "open": 0,
      "pnl": -225.12000000016724,
      "trading_pnl": -225.12000000016724,
      "bonus": 0.0,
      "closed_lots": 16.129999999999853,
      "equity_start": 812.1099999997436,
      "equity_end": 596.8399999995772,
      "win_rate_pct": 58.47457627118644,
      "pnl_pct": -27.72038270680552
    },
    {
      "month": "2025-09",
      "signals": 745,
      "wins": 433,
      "losses": 217,
      "no_fills": 94,
      "open": 0,
      "pnl": 432.41999999978,
      "trading_pnl": 432.41999999978,
      "bonus": 0.0,
      "closed_lots": 18.29999999999993,
      "equity_start": 596.8399999995772,
      "equity_end": 1107.7499999993547,
      "win_rate_pct": 66.61538461538463,
      "pnl_pct": 72.45157831246001
    },
    {
      "month": "2025-10",
      "signals": 784,
      "wins": 562,
      "losses": 162,
      "no_fills": 59,
      "open": 0,
      "pnl": 3729.659999999682,
      "trading_pnl": 3729.659999999682,
      "bonus": 0.0,
      "closed_lots": 21.040000000000035,
      "equity_start": 1025.3099999993574,
      "equity_end": 4758.91999999904,
      "win_rate_pct": 77.62430939226519,
      "pnl_pct": 363.7592532991992
    },
    {
      "month": "2025-11",
      "signals": 676,
      "wins": 449,
      "losses": 182,
      "no_fills": 45,
      "open": 0,
      "pnl": 977.4099999997316,
      "trading_pnl": 977.4099999997316,
      "bonus": 0.0,
      "closed_lots": 18.249999999999922,
      "equity_start": 4758.91999999904,
      "equity_end": 5736.329999998768,
      "win_rate_pct": 71.15689381933439,
      "pnl_pct": 20.53848352146976
    },
    {
      "month": "2025-12",
      "signals": 726,
      "wins": 452,
      "losses": 217,
      "no_fills": 56,
      "open": 0,
      "pnl": 327.2299999997231,
      "trading_pnl": 327.2299999997231,
      "bonus": 0.0,
      "closed_lots": 19.309999999999974,
      "equity_start": 5736.329999998768,
      "equity_end": 6063.559999998491,
      "win_rate_pct": 67.56352765321375,
      "pnl_pct": 5.704518394161308
    },
    {
      "month": "2026-01",
      "signals": 743,
      "wins": 506,
      "losses": 168,
      "no_fills": 55,
      "open": 0,
      "pnl": 2740.3799999996536,
      "trading_pnl": 2740.3799999996536,
      "bonus": 0.0,
      "closed_lots": 19.979999999999997,
      "equity_start": 6063.559999998491,
      "equity_end": 8803.93999999814,
      "win_rate_pct": 75.07418397626114,
      "pnl_pct": 45.1942423262957
    },
    {
      "month": "2026-02",
      "signals": 668,
      "wins": 486,
      "losses": 136,
      "no_fills": 27,
      "open": 0,
      "pnl": 4584.489999999768,
      "trading_pnl": 4584.489999999768,
      "bonus": 0.0,
      "closed_lots": 18.849999999999962,
      "equity_start": 8803.93999999814,
      "equity_end": 13388.429999997905,
      "win_rate_pct": 78.13504823151125,
      "pnl_pct": 52.073162697618756
    },
    {
      "month": "2026-03",
      "signals": 743,
      "wins": 537,
      "losses": 150,
      "no_fills": 38,
      "open": 0,
      "pnl": 4612.109999999909,
      "trading_pnl": 4612.109999999909,
      "bonus": 0.0,
      "closed_lots": 20.78000000000003,
      "equity_start": 13388.429999997905,
      "equity_end": 18066.249999997766,
      "win_rate_pct": 78.16593886462883,
      "pnl_pct": 34.448475287995905
    },
    {
      "month": "2026-04",
      "signals": 685,
      "wins": 459,
      "losses": 183,
      "no_fills": 35,
      "open": 0,
      "pnl": 1386.6699999998937,
      "trading_pnl": 1386.6699999998937,
      "bonus": 0.0,
      "closed_lots": 19.009999999999962,
      "equity_start": 17952.47999999777,
      "equity_end": 19398.61999999758,
      "win_rate_pct": 71.49532710280374,
      "pnl_pct": 7.724113882873375
    },
    {
      "month": "2026-05",
      "signals": 712,
      "wins": 465,
      "losses": 200,
      "no_fills": 44,
      "open": 0,
      "pnl": 965.4899999999025,
      "trading_pnl": 965.4899999999025,
      "bonus": 0.0,
      "closed_lots": 19.569999999999983,
      "equity_start": 19386.53999999758,