{
  "rank": 3,
  "candidate_id": "64173564b2c411b1",
  "filter_preset": "self_limit",
  "metrics": {
    "candidate_id": "64173564b2c411b1",
    "filter_preset": "self_limit",
    "passes_recommendation_gate": false,
    "passes_dd": false,
    "passes_edge": true,
    "passes_consistency": true,
    "passes_oos": true,
    "score": 20924.328611109006,
    "fixed_no_bonus_profit": 21821.979999997646,
    "fixed_with_bonus_profit": 22792.779999997172,
    "bonus_contribution": 970.7999999995263,
    "concurrent_risk_max_dd_pct": 87.22569691037327,
    "risk_net_profit_with_bonus": 600279988675.3824,
    "stable_months": 14,
    "total_months": 18,
    "stable_fraction": 0.7777777777777778,
    "worst_month_pnl": -794.9700000001903,
    "oos_fixed_no_bonus_profit": 15806.7099999989
  },
  "monthly": [
    {
      "month": "2025-01",
      "signals": 741,
      "wins": 325,
      "losses": 255,
      "no_fills": 161,
      "open": 0,
      "pnl": 691.4400000000005,
      "trading_pnl": 691.4400000000005,
      "bonus": 0.0,
      "closed_lots": 15.849999999999847,
      "equity_start": 1000.0,
      "equity_end": 1691.4400000000005,
      "win_rate_pct": 56.03448275862068,
      "pnl_pct": 69.14400000000005
    },
    {
      "month": "2025-02",
      "signals": 682,
      "wins": 341,
      "losses": 242,
      "no_fills": 99,
      "open": 0,
      "pnl": 275.3299999998294,
      "trading_pnl": 275.3299999998294,
      "bonus": 0.0,
      "closed_lots": 16.27999999999984,
      "equity_start": 1691.4400000000005,
      "equity_end": 1966.76999999983,
      "win_rate_pct": 58.490566037735846,
      "pnl_pct": 16.277846095624398
    },
    {
      "month": "2025-03",
      "signals": 698,
      "wins": 317,
      "losses": 292,
      "no_fills": 89,
      "open": 0,
      "pnl": -218.95999999985952,
      "trading_pnl": -218.95999999985952,
      "bonus": 0.0,
      "closed_lots": 17.21999999999988,
      "equity_start": 1966.76999999983,
      "equity_end": 1715.0099999999702,
      "win_rate_pct": 52.052545155993435,
      "pnl_pct": -11.132974369137136
    },
    {
      "month": "2025-04",
      "signals": 697,
      "wins": 412,
      "losses": 223,
      "no_fills": 62,
      "open": 0,
      "pnl": 941.500000000035,
      "trading_pnl": 941.500000000035,
      "bonus": 0.0,
      "closed_lots": 18.519999999999946,
      "equity_start": 1718.9299999999712,
      "equity_end": 2778.760000000004,
      "win_rate_pct": 64.88188976377953,
      "pnl_pct": 54.77244564933132
    },
    {
      "month": "2025-05",
      "signals": 726,
      "wins": 397,
      "losses": 259,
      "no_fills": 70,
      "open": 0,
      "pnl": 502.54000000018596,
      "trading_pnl": 502.54000000018596,
      "bonus": 0.0,
      "closed_lots": 19.029999999999962,
      "equity_start": 2689.3100000000054,
      "equity_end": 3191.8500000001914,
      "win_rate_pct": 60.518292682926834,
      "pnl_pct": 18.686577597978104
    },
    {
      "month": "2025-06",
      "signals": 680,
      "wins": 323,
      "losses": 282,
      "no_fills": 75,
      "open": 0,
      "pnl": -364.6599999999794,
      "trading_pnl": -364.6599999999794,
      "bonus": 0.0,
      "closed_lots": 17.399999999999896,
      "equity_start": 3191.8500000001914,
      "equity_end": 2826.5000000002124,
      "win_rate_pct": 53.388429752066116,
      "pnl_pct": -11.424722339707616
    },
    {
      "month": "2025-07",
      "signals": 774,
      "wins": 369,
      "losses": 298,
      "no_fills": 107,
      "open": 0,
      "pnl": -304.759999999977,
      "trading_pnl": -304.759999999977,
      "bonus": 0.0,
      "closed_lots": 18.429999999999936,
      "equity_start": 2819.120000000212,
      "equity_end": 2553.7700000002383,
      "win_rate_pct": 55.322338830584705,
      "pnl_pct": -10.810465677230985
    },
    {
      "month": "2025-08",
      "signals": 697,
      "wins": 300,
      "losses": 312,
      "no_fills": 85,
      "open": 0,
      "pnl": -794.9700000001903,
      "trading_pnl": -794.9700000001903,
      "bonus": 0.0,
      "closed_lots": 17.1999999999999,
      "equity_start": 2503.870000000234,
      "equity_end": 1727.4600000000446,
      "win_rate_pct": 49.01960784313725,
      "pnl_pct": -31.749651539421613
    },
    {
      "month": "2025-09",
      "signals": 745,
      "wins": 407,
      "losses": 249,
      "no_fills": 89,
      "open": 0,
      "pnl": 767.2999999997764,
      "trading_pnl": 767.2999999997764,
      "bonus": 0.0,
      "closed_lots": 18.80999999999995,
      "equity_start": 1727.4600000000446,
      "equity_end": 2614.7399999998124,
      "win_rate_pct": 62.04268292682927,
      "pnl_pct": 44.41781575259379
    },
    {
      "month": "2025-10",
      "signals": 784,
      "wins": 530,
      "losses": 179,
      "no_fills": 75,
      "open": 0,
      "pnl": 2664.4199999996604,
      "trading_pnl": 2664.4199999996604,
      "bonus": 0.0,
      "closed_lots": 20.810000000000024,
      "equity_start": 2458.129999999823,
      "equity_end": 5159.179999999496,
      "win_rate_pct": 74.75317348377996,
      "pnl_pct": 108.39215175763088
    },
    {
      "month": "2025-11",
      "signals": 676,
      "wins": 434,
      "losses": 194,
      "no_fills": 48,
      "open": 0,
      "pnl": 1085.039999999729,
      "trading_pnl": 1085.039999999729,
      "bonus": 0.0,
      "closed_lots": 18.36999999999993,
      "equity_start": 5159.179999999496,
      "equity_end": 6244.219999999219,
      "win_rate_pct": 69.10828025477707,
      "pnl_pct": 21.031249151993823
    },
    {
      "month": "2025-12",
      "signals": 726,
      "wins": 430,
      "losses": 243,
      "no_fills": 53,
      "open": 0,
      "pnl": 771.0499999996346,
      "trading_pnl": 771.0499999996346,
      "bonus": 0.0,
      "closed_lots": 19.65999999999999,
      "equity_start": 6244.219999999219,
      "equity_end": 7015.269999998854,
      "win_rate_pct": 63.893016344725105,
      "pnl_pct": 12.34821963351277
    },
    {
      "month": "2026-01",
      "signals": 743,
      "wins": 498,
      "losses": 172,
      "no_fills": 73,
      "open": 0,
      "pnl": 3429.699999999606,
      "trading_pnl": 3429.699999999606,
      "bonus": 0.0,
      "closed_lots": 19.759999999999994,
      "equity_start": 7015.269999998854,
      "equity_end": 10444.969999998455,
      "win_rate_pct": 74.32835820895522,
      "pnl_pct": 48.889066279703655
    },
    {
      "month": "2026-02",
      "signals": 668,
      "wins": 496,
      "losses": 132,
      "no_fills": 40,
      "open": 0,
      "pnl": 4325.709999999724,
      "trading_pnl": 4325.709999999724,
      "bonus": 0.0,
      "closed_lots": 18.689999999999955,
      "equity_start": 10444.969999998455,
      "equity_end": 14770.679999998189,
      "win_rate_pct": 78.98089171974523,
      "pnl_pct": 41.41428840868249
    },
    {
      "month": "2026-03",
      "signals": 743,
      "wins": 517,
      "losses": 166,
      "no_fills": 60,
      "open": 0,
      "pnl": 3282.139999999861,
      "trading_pnl": 3282.139999999861,
      "bonus": 0.0,
      "closed_lots": 20.310000000000013,
      "equity_start": 14770.679999998189,
      "equity_end": 18197.489999998088,
      "win_rate_pct": 75.69546120058565,
      "pnl_pct": 22.220642516121558
    },
    {
      "month": "2026-04",
      "signals": 685,
      "wins": 453,
      "losses": 188,
      "no_fills": 44,
      "open": 0,
      "pnl": 1603.8799999998528,
      "trading_pnl": 1603.8799999998528,
      "bonus": 0.0,
      "closed_lots": 18.939999999999955,
      "equity_start": 18025.699999998084,
      "equity_end": 19662.139999997875,
      "win_rate_pct": 70.67082683307332,
      "pnl_pct": 8.897740448359972
    },
    {
      "month": "2026-05",
      "signals": 712,
      "wins": 470,
      "losses": 190,
      "no_fills": 52,
      "open": 0,
      "pnl": 2045.099999999863,
      "trading_pnl": 2045.099999999863,
      "bonus": 0.0,
      "closed_lots": 19.479999999999983,