{
  "rank": 6,
  "candidate_id": "c436ad8d6ac43780",
  "filter_preset": "self_limit",
  "metrics": {
    "bonus_contribution": 1576.5299999992094,
    "candidate_id": "c436ad8d6ac43780",
    "concurrent_risk_max_dd_pct": 100.00792710236317,
    "filter_preset": "self_limit",
    "fixed_no_bonus_profit": 23636.820000002772,
    "fixed_with_bonus_profit": 25213.35000000198,
    "oos_fixed_no_bonus_profit": -1240.9299999994864,
    "passes_consistency": true,
    "passes_dd": false,
    "passes_edge": true,
    "passes_oos": false,
    "passes_recommendation_gate": false,
    "risk_net_profit_with_bonus": -1022.1899999506368,
    "score": 19387.11750000244,
    "stable_fraction": 0.8333333333333334,
    "stable_months": 15,
    "total_months": 18,
    "worst_month_pnl": -5602.78999999975
  },
  "monthly": [
    {
      "month": "2025-01",
      "signals": 741,
      "wins": 410,
      "losses": 194,
      "no_fills": 137,
      "open": 0,
      "pnl": 2205.1600000000676,
      "trading_pnl": 2205.1600000000676,
      "bonus": 0.0,
      "closed_lots": 19.549999999999986,
      "equity_start": 1000.0,
      "equity_end": 3205.1600000000676,
      "win_rate_pct": 67.88079470198676,
      "pnl_pct": 220.51600000000678
    },
    {
      "month": "2025-02",
      "signals": 682,
      "wins": 390,
      "losses": 193,
      "no_fills": 99,
      "open": 0,
      "pnl": 1669.6400000000158,
      "trading_pnl": 1669.6400000000158,
      "bonus": 0.0,
      "closed_lots": 22.299999999999958,
      "equity_start": 3205.1600000000676,
      "equity_end": 4874.800000000079,
      "win_rate_pct": 66.89536878216124,
      "pnl_pct": 52.09225124486705
    },
    {
      "month": "2025-03",
      "signals": 698,
      "wins": 365,
      "losses": 224,
      "no_fills": 109,
      "open": 0,
      "pnl": 2000.820000000112,
      "trading_pnl": 2000.820000000112,
      "bonus": 0.0,
      "closed_lots": 24.649999999999928,
      "equity_start": 4874.800000000079,
      "equity_end": 6875.620000000187,
      "win_rate_pct": 61.96943972835314,
      "pnl_pct": 41.04414540083859
    },
    {
      "month": "2025-04",
      "signals": 697,
      "wins": 388,
      "losses": 246,
      "no_fills": 63,
      "open": 0,
      "pnl": 1478.1800000002077,
      "trading_pnl": 1478.1800000002077,
      "bonus": 0.0,
      "closed_lots": 31.71999999999979,
      "equity_start": 6875.620000000187,
      "equity_end": 8353.800000000369,
      "win_rate_pct": 61.198738170347,
      "pnl_pct": 21.49886119361116
    },
    {
      "month": "2025-05",
      "signals": 726,
      "wins": 417,
      "losses": 242,
      "no_fills": 67,
      "open": 0,
      "pnl": 2358.1700000001942,
      "trading_pnl": 2358.1700000001942,
      "bonus": 0.0,
      "closed_lots": 30.829999999999856,
      "equity_start": 8353.800000000369,
      "equity_end": 10711.970000000514,
      "win_rate_pct": 63.277693474962064,
      "pnl_pct": 28.2287102875349
    },
    {
      "month": "2025-06",
      "signals": 680,
      "wins": 373,
      "losses": 231,
      "no_fills": 76,
      "open": 0,
      "pnl": 402.49000000014894,
      "trading_pnl": 402.49000000014894,
      "bonus": 0.0,
      "closed_lots": 27.299999999999912,
      "equity_start": 10711.970000000514,
      "equity_end": 11114.46000000062,
      "win_rate_pct": 61.75496688741722,
      "pnl_pct": 3.757385429572055
    },
    {
      "month": "2025-07",
      "signals": 774,
      "wins": 434,
      "losses": 229,
      "no_fills": 111,
      "open": 0,
      "pnl": 1077.0400000001032,
      "trading_pnl": 1077.0400000001032,
      "bonus": 0.0,
      "closed_lots": 25.359999999999914,
      "equity_start": 11114.46000000062,
      "equity_end": 12191.500000000662,
      "win_rate_pct": 65.46003016591251,
      "pnl_pct": 9.690439301594887
    },
    {
      "month": "2025-08",
      "signals": 697,
      "wins": 385,
      "losses": 222,
      "no_fills": 90,
      "open": 0,
      "pnl": 817.2499999999864,
      "trading_pnl": 817.2499999999864,
      "bonus": 0.0,
      "closed_lots": 23.529999999999944,
      "equity_start": 12191.500000000662,
      "equity_end": 13008.750000000615,
      "win_rate_pct": 63.426688632619445,
      "pnl_pct": 6.703440921953345
    },
    {
      "month": "2025-09",
      "signals": 745,
      "wins": 435,
      "losses": 218,
      "no_fills": 92,
      "open": 0,
      "pnl": 2404.3500000001145,
      "trading_pnl": 2404.3500000001145,
      "bonus": 0.0,
      "closed_lots": 28.759999999999845,
      "equity_start": 13008.750000000615,
      "equity_end": 15413.10000000069,
      "win_rate_pct": 66.6156202143951,
      "pnl_pct": 18.482559815508797
    },
    {
      "month": "2025-10",
      "signals": 784,
      "wins": 484,
      "losses": 239,
      "no_fills": 61,
      "open": 0,
      "pnl": 4983.080000000202,
      "trading_pnl": 4983.080000000202,
      "bonus": 0.0,
      "closed_lots": 36.609999999999864,
      "equity_start": 15413.10000000069,
      "equity_end": 20396.180000000935,
      "win_rate_pct": 66.94329183955739,
      "pnl_pct": 32.33016070745002
    },
    {
      "month": "2025-11",
      "signals": 676,
      "wins": 394,
      "losses": 235,
      "no_fills": 47,
      "open": 0,
      "pnl": 1903.9000000001893,
      "trading_pnl": 1903.9000000001893,
      "bonus": 0.0,
      "closed_lots": 31.2499999999998,
      "equity_start": 20396.180000000935,
      "equity_end": 22300.080000001144,
      "win_rate_pct": 62.63910969793323,
      "pnl_pct": 9.334591085193903
    },
    {
      "month": "2025-12",
      "signals": 726,
      "wins": 422,
      "losses": 243,
      "no_fills": 61,
      "open": 0,
      "pnl": 1420.060000000116,
      "trading_pnl": 1420.060000000116,
      "bonus": 0.0,
      "closed_lots": 32.3899999999998,
      "equity_start": 22300.080000001144,
      "equity_end": 23720.14000000131,
      "win_rate_pct": 63.45864661654136,
      "pnl_pct": 6.3679592180837155
    },
    {
      "month": "2026-01",
      "signals": 743,
      "wins": 432,
      "losses": 249,
      "no_fills": 62,
      "open": 0,
      "pnl": 2757.280000000239,
      "trading_pnl": 2757.280000000239,
      "bonus": 0.0,
      "closed_lots": 34.60999999999987,
      "equity_start": 23720.14000000131,
      "equity_end": 26477.42000000153,
      "win_rate_pct": 63.436123348017624,
      "pnl_pct": 11.624214696878209
    },
    {
      "month": "2026-02",
      "signals": 668,
      "wins": 346,
      "losses": 275,
      "no_fills": 47,
      "open": 0,
      "pnl": -1512.689999999775,
      "trading_pnl": -1512.689999999775,
      "bonus": 0.0,
      "closed_lots": 34.51999999999986,
      "equity_start": 26477.42000000153,
      "equity_end": 24964.730000001815,
      "win_rate_pct": 55.716586151368766,
      "pnl_pct": -5.713132170731467
    },
    {
      "month": "2026-03",
      "signals": 743,
      "wins": 363,
      "losses": 334,
      "no_fills": 46,
      "open": 0,
      "pnl": -5602.78999999975,
      "trading_pnl": -5602.78999999975,
      "bonus": 0.0,
      "closed_lots": 37.66999999999993,
      "equity_start": 24964.730000001815,
      "equity_end": 19361.940000002116,
      "win_rate_pct": 52.08034433285509,
      "pnl_pct": -22.44282233374582
    },
    {
      "month": "2026-04",
      "signals": 685,
      "wins": 372,
      "losses": 275,
      "no_fills": 38,
      "open": 0,
      "pnl": -430.3299999997953,
      "trading_pnl": -430.3299999997953,
      "bonus": 0.0,
      "closed_lots": 34.329999999999835,
      "equity_start": 19361.940000002116,
      "equity_end": 18931.610000002358,
      "win_rate_pct": 57.496136012364765,
      "pnl_pct": -2.222556210791627
    },
    {
      "month": "2026-05",
      "signals": 712,
      "wins": 413,
      "losses": 244,
      "no_fills": 55,
      "open": 0,
      "pnl": 3056.250000000263,
      "trading_pnl": 3056.250000000263,
      "bonus": 0.0,
      "closed_lots": 34.51999999999982,