{
  "rank": 14,
  "candidate_id": "b4a4ef09328afcc0",
  "filter_preset": "self_limit",
  "metrics": {
    "candidate_id": "b4a4ef09328afcc0",
    "filter_preset": "self_limit",
    "passes_recommendation_gate": false,
    "passes_dd": false,
    "passes_edge": true,
    "passes_consistency": true,
    "passes_oos": true,
    "score": 7098.02916666533,
    "fixed_no_bonus_profit": 8071.119999998256,
    "fixed_with_bonus_profit": 8634.519999998343,
    "bonus_contribution": 563.400000000087,
    "concurrent_risk_max_dd_pct": 100.64137053977893,
    "risk_net_profit_with_bonus": -1010.4900000004083,
    "stable_months": 12,
    "total_months": 18,
    "stable_fraction": 0.6666666666666666,
    "worst_month_pnl": -462.0000000000723,
    "oos_fixed_no_bonus_profit": 6869.129999999304
  },
  "monthly": [
    {
      "month": "2025-01",
      "signals": 741,
      "wins": 237,
      "losses": 268,
      "no_fills": 188,
      "open": 0,
      "pnl": -66.51000000003432,
      "trading_pnl": -66.51000000003432,
      "bonus": 0.0,
      "closed_lots": 7.409999999999911,
      "equity_start": 1000.0,
      "equity_end": 933.4899999999657,
      "win_rate_pct": 46.930693069306926,
      "pnl_pct": -6.651000000003432
    },
    {
      "month": "2025-02",
      "signals": 682,
      "wins": 249,
      "losses": 269,
      "no_fills": 114,
      "open": 0,
      "pnl": 45.04999999989923,
      "trading_pnl": 45.04999999989923,
      "bonus": 0.0,
      "closed_lots": 8.36999999999989,
      "equity_start": 933.4899999999657,
      "equity_end": 978.5399999998649,
      "win_rate_pct": 48.06949806949807,
      "pnl_pct": 4.825975639792701
    },
    {
      "month": "2025-03",
      "signals": 698,
      "wins": 238,
      "losses": 319,
      "no_fills": 105,
      "open": 0,
      "pnl": -361.8500000000122,
      "trading_pnl": -361.8500000000122,
      "bonus": 0.0,
      "closed_lots": 8.949999999999878,
      "equity_start": 978.5399999998649,
      "equity_end": 616.6899999998527,
      "win_rate_pct": 42.72890484739677,
      "pnl_pct": -36.978559895360654
    },
    {
      "month": "2025-04",
      "signals": 697,
      "wins": 270,
      "losses": 311,
      "no_fills": 59,
      "open": 0,
      "pnl": 538.3699999999071,
      "trading_pnl": 538.3699999999071,
      "bonus": 0.0,
      "closed_lots": 11.059999999999848,
      "equity_start": 616.6899999998527,
      "equity_end": 1155.9399999997595,
      "win_rate_pct": 46.47160068846816,
      "pnl_pct": 87.29994000227597
    },
    {
      "month": "2025-05",
      "signals": 726,
      "wins": 245,
      "losses": 343,
      "no_fills": 70,
      "open": 0,
      "pnl": 6.69999999994252,
      "trading_pnl": 6.69999999994252,
      "bonus": 0.0,
      "closed_lots": 11.12999999999985,
      "equity_start": 1155.0599999997598,
      "equity_end": 1161.7599999997024,
      "win_rate_pct": 41.66666666666667,
      "pnl_pct": 0.580056447279268
    },
    {
      "month": "2025-06",
      "signals": 680,
      "wins": 211,
      "losses": 331,
      "no_fills": 80,
      "open": 0,
      "pnl": -462.0000000000723,
      "trading_pnl": -462.0000000000723,
      "bonus": 0.0,
      "closed_lots": 9.679999999999875,
      "equity_start": 1161.7599999997024,
      "equity_end": 699.75999999963,
      "win_rate_pct": 38.92988929889299,
      "pnl_pct": -39.76724969014174
    },
    {
      "month": "2025-07",
      "signals": 774,
      "wins": 279,
      "losses": 317,
      "no_fills": 120,
      "open": 0,
      "pnl": -145.94000000005553,
      "trading_pnl": -145.94000000005553,
      "bonus": 0.0,
      "closed_lots": 9.669999999999865,
      "equity_start": 699.75999999963,
      "equity_end": 544.7199999995742,
      "win_rate_pct": 46.81208053691275,
      "pnl_pct": -20.85572196183444
    },
    {
      "month": "2025-08",
      "signals": 697,
      "wins": 250,
      "losses": 298,
      "no_fills": 107,
      "open": 0,
      "pnl": -199.60000000011678,
      "trading_pnl": -199.60000000011678,
      "bonus": 0.0,
      "closed_lots": 8.74999999999989,
      "equity_start": 548.0099999995746,
      "equity_end": 354.21999999945774,
      "win_rate_pct": 45.62043795620438,
      "pnl_pct": -36.42269301660038
    },
    {
      "month": "2025-09",
      "signals": 745,
      "wins": 256,
      "losses": 340,
      "no_fills": 94,
      "open": 0,
      "pnl": 150.57999999987078,
      "trading_pnl": 150.57999999987078,
      "bonus": 0.0,
      "closed_lots": 10.289999999999855,
      "equity_start": 354.21999999945774,
      "equity_end": 496.74999999932834,
      "win_rate_pct": 42.95302013422819,
      "pnl_pct": 42.51030433067057
    },
    {
      "month": "2025-10",
      "signals": 784,
      "wins": 331,
      "losses": 327,
      "no_fills": 59,
      "open": 0,
      "pnl": 1351.4399999998332,
      "trading_pnl": 1351.4399999998332,
      "bonus": 0.0,
      "closed_lots": 12.699999999999813,
      "equity_start": 504.7999999993285,
      "equity_end": 1856.2399999991617,
      "win_rate_pct": 50.30395136778115,
      "pnl_pct": 267.7179080827319
    },
    {
      "month": "2025-11",
      "signals": 676,
      "wins": 265,
      "losses": 315,
      "no_fills": 45,
      "open": 0,
      "pnl": 460.8699999998553,
      "trading_pnl": 460.8699999998553,
      "bonus": 0.0,
      "closed_lots": 11.079999999999846,
      "equity_start": 1856.2399999991617,
      "equity_end": 2317.109999999017,
      "win_rate_pct": 45.689655172413794,
      "pnl_pct": 24.828147222345358
    },
    {
      "month": "2025-12",
      "signals": 726,
      "wins": 256,
      "losses": 358,
      "no_fills": 56,
      "open": 0,
      "pnl": -115.12000000015996,
      "trading_pnl": -115.12000000015996,
      "bonus": 0.0,
      "closed_lots": 11.639999999999834,
      "equity_start": 2317.109999999017,
      "equity_end": 2201.989999998857,
      "win_rate_pct": 41.69381107491857,
      "pnl_pct": -4.968257872962821
    },
    {
      "month": "2026-01",
      "signals": 743,
      "wins": 295,
      "losses": 328,
      "no_fills": 55,
      "open": 0,
      "pnl": 1125.1399999998184,
      "trading_pnl": 1125.1399999998184,
      "bonus": 0.0,
      "closed_lots": 12.219999999999823,
      "equity_start": 2201.989999998857,
      "equity_end": 3327.1299999986754,
      "win_rate_pct": 47.351524879614765,
      "pnl_pct": 51.09650815854761
    },
    {
      "month": "2026-02",
      "signals": 668,
      "wins": 320,
      "losses": 277,
      "no_fills": 27,
      "open": 0,
      "pnl": 2282.019999999863,
      "trading_pnl": 2282.019999999863,
      "bonus": 0.0,
      "closed_lots": 12.069999999999828,
      "equity_start": 3327.1299999986754,
      "equity_end": 5609.149999998538,
      "win_rate_pct": 53.60134003350083,
      "pnl_pct": 68.58824271972456
    },
    {
      "month": "2026-03",
      "signals": 743,
      "wins": 307,
      "losses": 344,
      "no_fills": 38,
      "open": 0,
      "pnl": 2063.389999999892,
      "trading_pnl": 2063.389999999892,
      "bonus": 0.0,
      "closed_lots": 13.319999999999803,
      "equity_start": 5609.149999998538,
      "equity_end": 7683.019999998429,
      "win_rate_pct": 47.15821812596006,
      "pnl_pct": 36.78614406818198
    },
    {
      "month": "2026-04",
      "signals": 685,
      "wins": 266,
      "losses": 331,
      "no_fills": 35,
      "open": 0,
      "pnl": 655.4199999998882,
      "trading_pnl": 655.4199999998882,
      "bonus": 0.0,
      "closed_lots": 11.99999999999983,
      "equity_start": 7631.069999998431,
      "equity_end": 8309.299999998342,
      "win_rate_pct": 44.55611390284757,
      "pnl_pct": 8.588834855400657
    },
    {
      "month": "2026-05",
      "signals": 712,
      "wins": 260,
      "losses": 343,
      "no_fills": 44,
      "open": 0,
      "pnl": 230.72999999988588,
      "trading_pnl": 230.72999999988588,
      "bonus": 0.0,
      "closed_lots": 11.97999999999983,