{
  "rank": 11,
  "candidate_id": "616763d46776b319",
  "filter_preset": "self_limit",
  "metrics": {
    "candidate_id": "616763d46776b319",
    "filter_preset": "self_limit",
    "passes_recommendation_gate": false,
    "passes_dd": false,
    "passes_edge": true,
    "passes_consistency": true,
    "passes_oos": true,
    "score": 10320.037777776346,
    "fixed_no_bonus_profit": 10871.28999999843,
    "fixed_with_bonus_profit": 11498.259999998358,
    "bonus_contribution": 626.9699999999284,
    "concurrent_risk_max_dd_pct": 92.37002032913246,
    "risk_net_profit_with_bonus": 9430840.519999295,
    "stable_months": 14,
    "total_months": 18,
    "stable_fraction": 0.7777777777777778,
    "worst_month_pnl": -418.56000000011,
    "oos_fixed_no_bonus_profit": 7458.359999999157
  },
  "monthly": [
    {
      "month": "2025-01",
      "signals": 741,
      "wins": 282,
      "losses": 242,
      "no_fills": 217,
      "open": 0,
      "pnl": 733.1600000000108,
      "trading_pnl": 733.1600000000108,
      "bonus": 0.0,
      "closed_lots": 9.359999999999886,
      "equity_start": 1000.0,
      "equity_end": 1733.1600000000108,
      "win_rate_pct": 53.81679389312977,
      "pnl_pct": 73.31600000000108
    },
    {
      "month": "2025-02",
      "signals": 682,
      "wins": 274,
      "losses": 271,
      "no_fills": 137,
      "open": 0,
      "pnl": 113.49999999988495,
      "trading_pnl": 113.49999999988495,
      "bonus": 0.0,
      "closed_lots": 10.159999999999869,
      "equity_start": 1733.1600000000108,
      "equity_end": 1846.6599999998957,
      "win_rate_pct": 50.27522935779817,
      "pnl_pct": 6.54873179624987
    },
    {
      "month": "2025-03",
      "signals": 698,
      "wins": 327,
      "losses": 246,
      "no_fills": 125,
      "open": 0,
      "pnl": 352.67000000009193,
      "trading_pnl": 352.67000000009193,
      "bonus": 0.0,
      "closed_lots": 10.749999999999856,
      "equity_start": 1846.6599999998957,
      "equity_end": 2220.8299999999867,
      "win_rate_pct": 57.06806282722513,
      "pnl_pct": 19.09772237445506
    },
    {
      "month": "2025-04",
      "signals": 697,
      "wins": 380,
      "losses": 245,
      "no_fills": 72,
      "open": 0,
      "pnl": 468.6300000000192,
      "trading_pnl": 468.6300000000192,
      "bonus": 0.0,
      "closed_lots": 12.099999999999831,
      "equity_start": 2167.1799999999876,
      "equity_end": 2783.0700000000065,
      "win_rate_pct": 60.8,
      "pnl_pct": 21.623953709429852
    },
    {
      "month": "2025-05",
      "signals": 726,
      "wins": 361,
      "losses": 275,
      "no_fills": 90,
      "open": 0,
      "pnl": 491.36000000010745,
      "trading_pnl": 491.36000000010745,
      "bonus": 0.0,
      "closed_lots": 12.279999999999825,
      "equity_start": 2667.960000000007,
      "equity_end": 3159.3200000001143,
      "win_rate_pct": 56.76100628930818,
      "pnl_pct": 18.417067722158734
    },
    {
      "month": "2025-06",
      "signals": 680,
      "wins": 317,
      "losses": 267,
      "no_fills": 94,
      "open": 0,
      "pnl": -328.1699999999705,
      "trading_pnl": -328.1699999999705,
      "bonus": 0.0,
      "closed_lots": 11.079999999999853,
      "equity_start": 3159.3200000001143,
      "equity_end": 2838.050000000144,
      "win_rate_pct": 54.28082191780822,
      "pnl_pct": -10.387361837356098
    },
    {
      "month": "2025-07",
      "signals": 774,
      "wins": 319,
      "losses": 290,
      "no_fills": 164,
      "open": 0,
      "pnl": -353.1700000000078,
      "trading_pnl": -353.1700000000078,
      "bonus": 0.0,
      "closed_lots": 11.279999999999843,
      "equity_start": 2798.860000000144,
      "equity_end": 2506.660000000138,
      "win_rate_pct": 52.38095238095239,
      "pnl_pct": -12.618351757500898
    },
    {
      "month": "2025-08",
      "signals": 697,
      "wins": 284,
      "losses": 280,
      "no_fills": 133,
      "open": 0,
      "pnl": -418.56000000011,
      "trading_pnl": -418.56000000011,
      "bonus": 0.0,
      "closed_lots": 10.67999999999986,
      "equity_start": 2466.140000000136,
      "equity_end": 2059.420000000026,
      "win_rate_pct": 50.35460992907801,
      "pnl_pct": -16.972272458177027
    },
    {
      "month": "2025-09",
      "signals": 745,
      "wins": 364,
      "losses": 269,
      "no_fills": 112,
      "open": 0,
      "pnl": 442.3999999998691,
      "trading_pnl": 442.3999999998691,
      "bonus": 0.0,
      "closed_lots": 12.039999999999829,
      "equity_start": 2059.420000000026,
      "equity_end": 2582.6199999998867,
      "win_rate_pct": 57.50394944707741,
      "pnl_pct": 21.481776422481257
    },
    {
      "month": "2025-10",
      "signals": 784,
      "wins": 485,
      "losses": 221,
      "no_fills": 78,
      "open": 0,
      "pnl": 1831.9399999997954,
      "trading_pnl": 1831.9399999997954,
      "bonus": 0.0,
      "closed_lots": 13.779999999999793,
      "equity_start": 2487.899999999896,
      "equity_end": 4333.759999999691,
      "win_rate_pct": 68.69688385269122,
      "pnl_pct": 73.63398850435597
    },
    {
      "month": "2025-11",
      "signals": 676,
      "wins": 362,
      "losses": 261,
      "no_fills": 53,
      "open": 0,
      "pnl": 107.62999999983049,
      "trading_pnl": 107.62999999983049,
      "bonus": 0.0,
      "closed_lots": 12.04999999999983,
      "equity_start": 4333.759999999691,
      "equity_end": 4441.389999999526,
      "win_rate_pct": 58.10593900481541,
      "pnl_pct": 2.483524699102815
    },
    {
      "month": "2025-12",
      "signals": 726,
      "wins": 386,
      "losses": 276,
      "no_fills": 64,
      "open": 0,
      "pnl": -28.46000000027561,
      "trading_pnl": -28.46000000027561,
      "bonus": 0.0,
      "closed_lots": 12.869999999999813,
      "equity_start": 4441.389999999526,
      "equity_end": 4412.92999999925,
      "win_rate_pct": 58.30815709969789,
      "pnl_pct": -0.6407903831971218
    },
    {
      "month": "2026-01",
      "signals": 743,
      "wins": 453,
      "losses": 215,
      "no_fills": 75,
      "open": 0,
      "pnl": 1854.2699999997185,
      "trading_pnl": 1854.2699999997185,
      "bonus": 0.0,
      "closed_lots": 13.00999999999981,
      "equity_start": 4412.92999999925,
      "equity_end": 6267.199999998968,
      "win_rate_pct": 67.81437125748504,
      "pnl_pct": 42.01902137582137
    },
    {
      "month": "2026-02",
      "signals": 668,
      "wins": 424,
      "losses": 204,
      "no_fills": 40,
      "open": 0,
      "pnl": 1976.1499999998114,
      "trading_pnl": 1976.1499999998114,
      "bonus": 0.0,
      "closed_lots": 12.489999999999823,
      "equity_start": 6267.199999998968,
      "equity_end": 8243.349999998769,
      "win_rate_pct": 67.51592356687898,
      "pnl_pct": 31.531624968090004
    },
    {
      "month": "2026-03",
      "signals": 743,
      "wins": 444,
      "losses": 250,
      "no_fills": 49,
      "open": 0,
      "pnl": 858.229999999864,
      "trading_pnl": 858.229999999864,
      "bonus": 0.0,
      "closed_lots": 13.689999999999797,
      "equity_start": 8243.349999998769,
      "equity_end": 9134.929999998649,
      "win_rate_pct": 63.976945244956774,
      "pnl_pct": 10.411179920784539
    },
    {
      "month": "2026-04",
      "signals": 685,
      "wins": 411,
      "losses": 232,
      "no_fills": 42,
      "open": 0,
      "pnl": 936.9199999998891,
      "trading_pnl": 936.9199999998891,
      "bonus": 0.0,
      "closed_lots": 12.629999999999818,
      "equity_start": 9064.689999998645,
      "equity_end": 10022.799999998555,
      "win_rate_pct": 63.91912908242613,
      "pnl_pct": 10.33592985529598
    },
    {
      "month": "2026-05",
      "signals": 712,
      "wins": 420,
      "losses": 238,
      "no_fills": 54,
      "open": 0,
      "pnl": 824.6399999999103,
      "trading_pnl": 824.6399999999103,
      "bonus": 0.0,
      "closed_lots": 12.879999999999812,
      "equity_start": 10031.959999998553,