{
  "rank": 2,
  "candidate_id": "459c9cf43bdad985",
  "filter_preset": "self_limit",
  "metrics": {
    "candidate_id": "459c9cf43bdad985",
    "filter_preset": "self_limit",
    "passes_recommendation_gate": false,
    "passes_dd": false,
    "passes_edge": true,
    "passes_consistency": true,
    "passes_oos": true,
    "score": 22202.523611109915,
    "fixed_no_bonus_profit": 23155.059999998623,
    "fixed_with_bonus_profit": 23935.50999999834,
    "bonus_contribution": 780.449999999717,
    "concurrent_risk_max_dd_pct": 75.53355247334956,
    "risk_net_profit_with_bonus": 2365721353207774.0,
    "stable_months": 14,
    "total_months": 18,
    "stable_fraction": 0.7777777777777778,
    "worst_month_pnl": -539.2299999999086,
    "oos_fixed_no_bonus_profit": 16772.129999999495
  },
  "monthly": [
    {
      "month": "2025-01",
      "signals": 741,
      "wins": 251,
      "losses": 223,
      "no_fills": 267,
      "open": 0,
      "pnl": 56.59000000000151,
      "trading_pnl": 56.59000000000151,
      "bonus": 0.0,
      "closed_lots": 9.03999999999994,
      "equity_start": 1000.0,
      "equity_end": 1056.5900000000015,
      "win_rate_pct": 52.95358649789029,
      "pnl_pct": 5.659000000000151
    },
    {
      "month": "2025-02",
      "signals": 682,
      "wins": 291,
      "losses": 207,
      "no_fills": 184,
      "open": 0,
      "pnl": -68.37000000013586,
      "trading_pnl": -68.37000000013586,
      "bonus": 0.0,
      "closed_lots": 10.639999999999919,
      "equity_start": 1056.5900000000015,
      "equity_end": 988.2199999998656,
      "win_rate_pct": 58.43373493975904,
      "pnl_pct": -6.47081649458501
    },
    {
      "month": "2025-03",
      "signals": 698,
      "wins": 261,
      "losses": 267,
      "no_fills": 170,
      "open": 0,
      "pnl": -539.2299999999086,
      "trading_pnl": -539.2299999999086,
      "bonus": 0.0,
      "closed_lots": 11.829999999999893,
      "equity_start": 988.2199999998656,
      "equity_end": 448.98999999995704,
      "win_rate_pct": 49.43181818181818,
      "pnl_pct": -54.56578494666996
    },
    {
      "month": "2025-04",
      "signals": 697,
      "wins": 384,
      "losses": 228,
      "no_fills": 85,
      "open": 0,
      "pnl": 1228.4300000000248,
      "trading_pnl": 1228.4300000000248,
      "bonus": 0.0,
      "closed_lots": 15.779999999999834,
      "equity_start": 448.98999999995704,
      "equity_end": 1698.319999999982,
      "win_rate_pct": 62.745098039215684,
      "pnl_pct": 273.59852112522384
    },
    {
      "month": "2025-05",
      "signals": 726,
      "wins": 368,
      "losses": 252,
      "no_fills": 106,
      "open": 0,
      "pnl": 672.3900000001636,
      "trading_pnl": 672.3900000001636,
      "bonus": 0.0,
      "closed_lots": 15.219999999999848,
      "equity_start": 1677.4199999999819,
      "equity_end": 2349.8100000001455,
      "win_rate_pct": 59.354838709677416,
      "pnl_pct": 40.084773044328244
    },
    {
      "month": "2025-06",
      "signals": 680,
      "wins": 305,
      "losses": 249,
      "no_fills": 126,
      "open": 0,
      "pnl": 28.4100000000235,
      "trading_pnl": 28.4100000000235,
      "bonus": 0.0,
      "closed_lots": 13.329999999999886,
      "equity_start": 2349.8100000001455,
      "equity_end": 2378.220000000169,
      "win_rate_pct": 55.054151624548744,
      "pnl_pct": 1.2090339218924824
    },
    {
      "month": "2025-07",
      "signals": 774,
      "wins": 299,
      "losses": 284,
      "no_fills": 190,
      "open": 0,
      "pnl": -244.63000000001057,
      "trading_pnl": -244.63000000001057,
      "bonus": 0.0,
      "closed_lots": 12.109999999999879,
      "equity_start": 2378.220000000169,
      "equity_end": 2133.5900000001584,
      "win_rate_pct": 51.286449399656945,
      "pnl_pct": -10.286264517159607
    },
    {
      "month": "2025-08",
      "signals": 697,
      "wins": 268,
      "losses": 263,
      "no_fills": 166,
      "open": 0,
      "pnl": -264.590000000132,
      "trading_pnl": -264.590000000132,
      "bonus": 0.0,
      "closed_lots": 11.299999999999907,
      "equity_start": 2133.5900000001584,
      "equity_end": 1869.0000000000264,
      "win_rate_pct": 50.470809792843696,
      "pnl_pct": -12.401164234933253
    },
    {
      "month": "2025-09",
      "signals": 745,
      "wins": 351,
      "losses": 246,
      "no_fills": 148,
      "open": 0,
      "pnl": 673.309999999823,
      "trading_pnl": 673.309999999823,
      "bonus": 0.0,
      "closed_lots": 13.919999999999861,
      "equity_start": 1869.0000000000264,
      "equity_end": 2542.3099999998494,
      "win_rate_pct": 58.79396984924623,
      "pnl_pct": 36.02514713749671
    },
    {
      "month": "2025-10",
      "signals": 784,
      "wins": 477,
      "losses": 223,
      "no_fills": 84,
      "open": 0,
      "pnl": 3615.30999999974,
      "trading_pnl": 3615.30999999974,
      "bonus": 0.0,
      "closed_lots": 18.19999999999991,
      "equity_start": 2542.3099999998494,
      "equity_end": 6157.619999999586,
      "win_rate_pct": 68.14285714285714,
      "pnl_pct": 142.20571055457256
    },
    {
      "month": "2025-11",
      "signals": 676,
      "wins": 368,
      "losses": 240,
      "no_fills": 68,
      "open": 0,
      "pnl": 927.0999999997625,
      "trading_pnl": 927.0999999997625,
      "bonus": 0.0,
      "closed_lots": 15.509999999999842,
      "equity_start": 6157.619999999586,
      "equity_end": 7084.719999999349,
      "win_rate_pct": 60.526315789473685,
      "pnl_pct": 15.05614182102541
    },
    {
      "month": "2025-12",
      "signals": 726,
      "wins": 379,
      "losses": 253,
      "no_fills": 94,
      "open": 0,
      "pnl": 298.20999999977175,
      "trading_pnl": 298.20999999977175,
      "bonus": 0.0,
      "closed_lots": 16.059999999999835,
      "equity_start": 7084.719999999349,
      "equity_end": 7382.929999999121,
      "win_rate_pct": 59.96835443037975,
      "pnl_pct": 4.209199516703541
    },
    {
      "month": "2026-01",
      "signals": 743,
      "wins": 445,
      "losses": 222,
      "no_fills": 76,
      "open": 0,
      "pnl": 3217.819999999745,
      "trading_pnl": 3217.819999999745,
      "bonus": 0.0,
      "closed_lots": 17.4999999999999,
      "equity_start": 7382.929999999121,
      "equity_end": 10600.749999998872,
      "win_rate_pct": 66.71664167916042,
      "pnl_pct": 43.58459310869978
    },
    {
      "month": "2026-02",
      "signals": 668,
      "wins": 429,
      "losses": 199,
      "no_fills": 40,
      "open": 0,
      "pnl": 4916.309999999822,
      "trading_pnl": 4916.309999999822,
      "bonus": 0.0,
      "closed_lots": 17.609999999999907,
      "equity_start": 10600.749999998872,
      "equity_end": 15517.059999998688,
      "win_rate_pct": 68.31210191082803,
      "pnl_pct": 46.377001627246614
    },
    {
      "month": "2026-03",
      "signals": 743,
      "wins": 458,
      "losses": 236,
      "no_fills": 49,
      "open": 0,
      "pnl": 3986.6999999999625,
      "trading_pnl": 3986.6999999999625,
      "bonus": 0.0,
      "closed_lots": 19.43999999999998,
      "equity_start": 15517.059999998688,
      "equity_end": 19503.759999998616,
      "win_rate_pct": 65.99423631123919,
      "pnl_pct": 25.69236698189154
    },
    {
      "month": "2026-04",
      "signals": 685,
      "wins": 388,
      "losses": 249,
      "no_fills": 48,
      "open": 0,
      "pnl": 1535.5699999999579,
      "trading_pnl": 1535.5699999999579,
      "bonus": 0.0,
      "closed_lots": 17.309999999999892,
      "equity_start": 19503.759999998616,
      "equity_end": 21039.329999998605,
      "win_rate_pct": 60.9105180533752,
      "pnl_pct": 7.873199834288705
    },
    {
      "month": "2026-05",
      "signals": 712,
      "wins": 412,
      "losses": 238,
      "no_fills": 62,
      "open": 0,
      "pnl": 1643.1699999999637,
      "trading_pnl": 1643.1699999999637,
      "bonus": 0.0,
      "closed_lots": 17.359999999999882,