{
  "rank": 15,
  "candidate_id": "c0864ac279052a8c",
  "filter_preset": "self_limit",
  "metrics": {
    "candidate_id": "c0864ac279052a8c",
    "filter_preset": "self_limit",
    "passes_recommendation_gate": false,
    "passes_dd": false,
    "passes_edge": true,
    "passes_consistency": true,
    "passes_oos": true,
    "score": 7004.524722221456,
    "fixed_no_bonus_profit": 6650.84499999928,
    "fixed_with_bonus_profit": 6977.874999998841,
    "bonus_contribution": 327.02999999956137,
    "concurrent_risk_max_dd_pct": 99.28834958232743,
    "risk_net_profit_with_bonus": 46291767225220.766,
    "stable_months": 16,
    "total_months": 18,
    "stable_fraction": 0.8888888888888888,
    "worst_month_pnl": -222.34499999995705,
    "oos_fixed_no_bonus_profit": 4370.649999999497
  },
  "monthly": [
    {
      "month": "2025-01",
      "signals": 741,
      "wins": 277,
      "losses": 230,
      "no_fills": 227,
      "open": 0,
      "pnl": 144.4825000000019,
      "trading_pnl": 144.4825000000019,
      "bonus": 0.0,
      "closed_lots": 5.139999999999935,
      "equity_start": 1000.0,
      "equity_end": 1144.482500000002,
      "win_rate_pct": 54.63510848126233,
      "pnl_pct": 14.44825000000019
    },
    {
      "month": "2025-02",
      "signals": 682,
      "wins": 308,
      "losses": 234,
      "no_fills": 137,
      "open": 0,
      "pnl": 18.39499999997315,
      "trading_pnl": 18.39499999997315,
      "bonus": 0.0,
      "closed_lots": 5.449999999999928,
      "equity_start": 1144.482500000002,
      "equity_end": 1162.877499999975,
      "win_rate_pct": 56.82656826568265,
      "pnl_pct": 1.6072766512352195
    },
    {
      "month": "2025-03",
      "signals": 698,
      "wins": 285,
      "losses": 285,
      "no_fills": 128,
      "open": 0,
      "pnl": -222.34499999995705,
      "trading_pnl": -222.34499999995705,
      "bonus": 0.0,
      "closed_lots": 5.699999999999923,
      "equity_start": 1162.877499999975,
      "equity_end": 942.6625000000186,
      "win_rate_pct": 50.0,
      "pnl_pct": -19.120242673881112
    },
    {
      "month": "2025-04",
      "signals": 697,
      "wins": 381,
      "losses": 239,
      "no_fills": 69,
      "open": 0,
      "pnl": 264.82250000002387,
      "trading_pnl": 264.82250000002387,
      "bonus": 0.0,
      "closed_lots": 6.2799999999999105,
      "equity_start": 932.3125000000182,
      "equity_end": 1216.1350000000411,
      "win_rate_pct": 61.45161290322581,
      "pnl_pct": 28.404907152914788
    },
    {
      "month": "2025-05",
      "signals": 726,
      "wins": 385,
      "losses": 243,
      "no_fills": 90,
      "open": 0,
      "pnl": 174.4975000000518,
      "trading_pnl": 174.4975000000518,
      "bonus": 0.0,
      "closed_lots": 6.359999999999909,
      "equity_start": 1205.3550000000419,
      "equity_end": 1379.8525000000936,
      "win_rate_pct": 61.30573248407644,
      "pnl_pct": 14.476855366265184
    },
    {
      "month": "2025-06",
      "signals": 680,
      "wins": 337,
      "losses": 245,
      "no_fills": 94,
      "open": 0,
      "pnl": 31.2175000000193,
      "trading_pnl": 31.2175000000193,
      "bonus": 0.0,
      "closed_lots": 5.8599999999999195,
      "equity_start": 1379.8525000000936,
      "equity_end": 1411.070000000113,
      "win_rate_pct": 57.90378006872853,
      "pnl_pct": 2.2623794934615966
    },
    {
      "month": "2025-07",
      "signals": 774,
      "wins": 350,
      "losses": 274,
      "no_fills": 146,
      "open": 0,
      "pnl": 75.31250000001683,
      "trading_pnl": 75.31250000001683,
      "bonus": 0.0,
      "closed_lots": 6.2799999999999105,
      "equity_start": 1411.070000000113,
      "equity_end": 1486.3825000001298,
      "win_rate_pct": 56.08974358974359,
      "pnl_pct": 5.337261794242014
    },
    {
      "month": "2025-08",
      "signals": 697,
      "wins": 312,
      "losses": 255,
      "no_fills": 129,
      "open": 0,
      "pnl": -12.390000000037162,
      "trading_pnl": -12.390000000037162,
      "bonus": 0.0,
      "closed_lots": 5.679999999999923,
      "equity_start": 1486.3825000001298,
      "equity_end": 1473.9925000000926,
      "win_rate_pct": 55.026455026455025,
      "pnl_pct": -0.8335674027402826
    },
    {
      "month": "2025-09",
      "signals": 745,
      "wins": 387,
      "losses": 238,
      "no_fills": 113,
      "open": 0,
      "pnl": 201.85249999997268,
      "trading_pnl": 201.85249999997268,
      "bonus": 0.0,
      "closed_lots": 6.31999999999991,
      "equity_start": 1473.9925000000926,
      "equity_end": 1686.285000000064,
      "win_rate_pct": 61.919999999999995,
      "pnl_pct": 13.694269136373489
    },
    {
      "month": "2025-10",
      "signals": 784,
      "wins": 497,
      "losses": 198,
      "no_fills": 75,
      "open": 0,
      "pnl": 1151.5949999999107,
      "trading_pnl": 1151.5949999999107,
      "bonus": 0.0,
      "closed_lots": 7.089999999999893,
      "equity_start": 1675.8450000000653,
      "equity_end": 2827.439999999976,
      "win_rate_pct": 71.51079136690647,
      "pnl_pct": 68.7172739722269
    },
    {
      "month": "2025-11",
      "signals": 676,
      "wins": 410,
      "losses": 209,
      "no_fills": 54,
      "open": 0,
      "pnl": 329.2924999999309,
      "trading_pnl": 329.2924999999309,
      "bonus": 0.0,
      "closed_lots": 6.219999999999912,
      "equity_start": 2827.439999999976,
      "equity_end": 3156.732499999907,
      "win_rate_pct": 66.23586429725363,
      "pnl_pct": 11.646312565427868
    },
    {
      "month": "2025-12",
      "signals": 726,
      "wins": 421,
      "losses": 231,
      "no_fills": 67,
      "open": 0,
      "pnl": 123.46249999987594,
      "trading_pnl": 123.46249999987594,
      "bonus": 0.0,
      "closed_lots": 6.589999999999904,
      "equity_start": 3156.732499999907,
      "equity_end": 3280.194999999783,
      "win_rate_pct": 64.57055214723927,
      "pnl_pct": 3.9110852756728542
    },
    {
      "month": "2026-01",
      "signals": 743,
      "wins": 449,
      "losses": 196,
      "no_fills": 69,
      "open": 0,
      "pnl": 930.1774999998433,
      "trading_pnl": 930.1774999998433,
      "bonus": 0.0,
      "closed_lots": 6.739999999999901,
      "equity_start": 3280.194999999783,
      "equity_end": 4210.372499999627,
      "win_rate_pct": 69.61240310077518,
      "pnl_pct": 28.357384240873024
    },
    {
      "month": "2026-02",
      "signals": 668,
      "wins": 429,
      "losses": 163,
      "no_fills": 40,
      "open": 0,
      "pnl": 1165.0849999999045,
      "trading_pnl": 1165.0849999999045,
      "bonus": 0.0,
      "closed_lots": 6.2799999999999105,
      "equity_start": 4210.372499999627,
      "equity_end": 5375.457499999531,
      "win_rate_pct": 72.46621621621621,
      "pnl_pct": 27.671779634699966
    },
    {
      "month": "2026-03",
      "signals": 743,
      "wins": 479,
      "losses": 182,
      "no_fills": 50,
      "open": 0,
      "pnl": 1185.884999999932,
      "trading_pnl": 1185.884999999932,
      "bonus": 0.0,
      "closed_lots": 6.929999999999897,
      "equity_start": 5375.457499999531,
      "equity_end": 6592.082499999465,
      "win_rate_pct": 72.46596066565809,
      "pnl_pct": 22.06109898552887
    },
    {
      "month": "2026-04",
      "signals": 685,
      "wins": 420,
      "losses": 201,
      "no_fills": 37,
      "open": 0,
      "pnl": 453.33999999991374,
      "trading_pnl": 453.33999999991374,
      "bonus": 0.0,
      "closed_lots": 6.479999999999906,
      "equity_start": 6561.342499999463,
      "equity_end": 7014.682499999377,
      "win_rate_pct": 67.6328502415459,
      "pnl_pct": 6.909256756524307
    },
    {
      "month": "2026-05",
      "signals": 712,
      "wins": 434,
      "losses": 212,
      "no_fills": 51,
      "open": 0,
      "pnl": 398.89249999992444,
      "trading_pnl": 398.89249999992444,
      "bonus": 0.0,
      "closed_lots": 6.6099999999999035,
      "equity_start": 7014.682499999377,