{
  "rank": 1,
  "candidate_id": "bb3451562613809b",
  "filter_preset": "self_limit",
  "metrics": {
    "candidate_id": "bb3451562613809b",
    "filter_preset": "self_limit",
    "passes_recommendation_gate": false,
    "passes_dd": false,
    "passes_edge": true,
    "passes_consistency": true,
    "passes_oos": true,
    "score": 26942.588333330386,
    "fixed_no_bonus_profit": 26907.06999999705,
    "fixed_with_bonus_profit": 28179.51999999682,
    "bonus_contribution": 1272.4499999997715,
    "concurrent_risk_max_dd_pct": 103.45130545180714,
    "risk_net_profit_with_bonus": -1075.0300000001023,
    "stable_months": 15,
    "total_months": 18,
    "stable_fraction": 0.8333333333333334,
    "worst_month_pnl": -529.7499999998495,
    "oos_fixed_no_bonus_profit": 18080.11999999804
  },
  "monthly": [
    {
      "month": "2025-01",
      "signals": 741,
      "wins": 318,
      "losses": 235,
      "no_fills": 187,
      "open": 0,
      "pnl": 657.4500000000094,
      "trading_pnl": 657.4500000000094,
      "bonus": 0.0,
      "closed_lots": 19.709999999999777,
      "equity_start": 1000.0,
      "equity_end": 1657.4500000000094,
      "win_rate_pct": 57.50452079566004,
      "pnl_pct": 65.74500000000094
    },
    {
      "month": "2025-02",
      "signals": 682,
      "wins": 336,
      "losses": 228,
      "no_fills": 115,
      "open": 0,
      "pnl": -89.24000000013575,
      "trading_pnl": -89.24000000013575,
      "bonus": 0.0,
      "closed_lots": 20.47999999999976,
      "equity_start": 1657.4500000000094,
      "equity_end": 1568.2099999998736,
      "win_rate_pct": 59.57446808510638,
      "pnl_pct": -5.384174484909665
    },
    {
      "month": "2025-03",
      "signals": 698,
      "wins": 323,
      "losses": 268,
      "no_fills": 105,
      "open": 0,
      "pnl": -529.7499999998495,
      "trading_pnl": -529.7499999998495,
      "bonus": 0.0,
      "closed_lots": 22.119999999999727,
      "equity_start": 1568.2099999998736,
      "equity_end": 1115.350000000023,
      "win_rate_pct": 54.653130287648054,
      "pnl_pct": -33.78055234948713
    },
    {
      "month": "2025-04",
      "signals": 697,
      "wins": 382,
      "losses": 251,
      "no_fills": 60,
      "open": 0,
      "pnl": 1446.8200000000752,
      "trading_pnl": 1446.8200000000752,
      "bonus": 0.0,
      "closed_lots": 24.669999999999664,
      "equity_start": 1003.9000000000242,
      "equity_end": 2664.3300000000977,
      "win_rate_pct": 60.34755134281201,
      "pnl_pct": 144.11993226417374
    },
    {
      "month": "2025-05",
      "signals": 726,
      "wins": 401,
      "losses": 249,
      "no_fills": 72,
      "open": 0,
      "pnl": 428.36000000022796,
      "trading_pnl": 428.36000000022796,
      "bonus": 0.0,
      "closed_lots": 25.00999999999967,
      "equity_start": 2485.2800000000993,
      "equity_end": 2913.6400000003273,
      "win_rate_pct": 61.69230769230769,
      "pnl_pct": 17.23588489024218
    },
    {
      "month": "2025-06",
      "signals": 680,
      "wins": 343,
      "losses": 256,
      "no_fills": 80,
      "open": 0,
      "pnl": 259.25000000006776,
      "trading_pnl": 259.25000000006776,
      "bonus": 0.0,
      "closed_lots": 22.839999999999733,
      "equity_start": 2913.6400000003273,
      "equity_end": 3172.890000000395,
      "win_rate_pct": 57.26210350584308,
      "pnl_pct": 8.897804807733236
    },
    {
      "month": "2025-07",
      "signals": 774,
      "wins": 385,
      "losses": 268,
      "no_fills": 120,
      "open": 0,
      "pnl": -324.03999999996995,
      "trading_pnl": -324.03999999996995,
      "bonus": 0.0,
      "closed_lots": 23.41999999999972,
      "equity_start": 3172.890000000395,
      "equity_end": 2902.5900000004244,
      "win_rate_pct": 58.95865237366002,
      "pnl_pct": -10.212771322041721
    },
    {
      "month": "2025-08",
      "signals": 697,
      "wins": 342,
      "losses": 248,
      "no_fills": 107,
      "open": 0,
      "pnl": 188.27999999983285,
      "trading_pnl": 188.27999999983285,
      "bonus": 0.0,
      "closed_lots": 21.569999999999748,
      "equity_start": 2834.740000000425,
      "equity_end": 3037.130000000258,
      "win_rate_pct": 57.96610169491525,
      "pnl_pct": 6.641878973020616
    },
    {
      "month": "2025-09",
      "signals": 745,
      "wins": 410,
      "losses": 237,
      "no_fills": 95,
      "open": 0,
      "pnl": 810.6799999998675,
      "trading_pnl": 810.6799999998675,
      "bonus": 0.0,
      "closed_lots": 24.42999999999969,
      "equity_start": 3037.130000000258,
      "equity_end": 3987.480000000121,
      "win_rate_pct": 63.3693972179289,
      "pnl_pct": 26.69230490627002
    },
    {
      "month": "2025-10",
      "signals": 784,
      "wins": 502,
      "losses": 211,
      "no_fills": 63,
      "open": 0,
      "pnl": 4715.009999999635,
      "trading_pnl": 4715.009999999635,
      "bonus": 0.0,
      "closed_lots": 27.99999999999959,
      "equity_start": 3839.030000000126,
      "equity_end": 8562.819999999758,
      "win_rate_pct": 70.40673211781207,
      "pnl_pct": 122.81774302361481
    },
    {
      "month": "2025-11",
      "signals": 676,
      "wins": 406,
      "losses": 223,
      "no_fills": 47,
      "open": 0,
      "pnl": 1066.2199999997083,
      "trading_pnl": 1066.2199999997083,
      "bonus": 0.0,
      "closed_lots": 24.279999999999678,
      "equity_start": 8562.819999999758,
      "equity_end": 9629.039999999473,
      "win_rate_pct": 64.54689984101749,
      "pnl_pct": 12.451739029895974
    },
    {
      "month": "2025-12",
      "signals": 726,
      "wins": 419,
      "losses": 247,
      "no_fills": 56,
      "open": 0,
      "pnl": 197.90999999949508,
      "trading_pnl": 197.90999999949508,
      "bonus": 0.0,
      "closed_lots": 25.749999999999662,
      "equity_start": 9629.039999999473,
      "equity_end": 9826.949999998966,
      "win_rate_pct": 62.91291291291291,
      "pnl_pct": 2.0553450811244516
    },
    {
      "month": "2026-01",
      "signals": 743,
      "wins": 452,
      "losses": 210,
      "no_fills": 62,
      "open": 0,
      "pnl": 3682.3199999994204,
      "trading_pnl": 3682.3199999994204,
      "bonus": 0.0,
      "closed_lots": 26.379999999999637,
      "equity_start": 9826.949999998966,
      "equity_end": 13509.269999998392,
      "win_rate_pct": 68.27794561933534,
      "pnl_pct": 37.471646848715096
    },
    {
      "month": "2026-02",
      "signals": 668,
      "wins": 428,
      "losses": 180,
      "no_fills": 36,
      "open": 0,
      "pnl": 4459.3299999995925,
      "trading_pnl": 4459.3299999995925,
      "bonus": 0.0,
      "closed_lots": 24.88999999999966,
      "equity_start": 13509.269999998392,
      "equity_end": 17968.59999999799,
      "win_rate_pct": 70.39473684210526,
      "pnl_pct": 33.00940761417991
    },
    {
      "month": "2026-03",
      "signals": 743,
      "wins": 464,
      "losses": 207,
      "no_fills": 44,
      "open": 0,
      "pnl": 5092.30999999971,
      "trading_pnl": 5092.30999999971,
      "bonus": 0.0,
      "closed_lots": 27.519999999999605,
      "equity_start": 17968.59999999799,
      "equity_end": 23205.809999997735,
      "win_rate_pct": 69.150521609538,
      "pnl_pct": 28.340048751712878
    },
    {
      "month": "2026-04",
      "signals": 685,
      "wins": 412,
      "losses": 223,
      "no_fills": 35,
      "open": 0,
      "pnl": 1875.6599999996924,
      "trading_pnl": 1875.6599999996924,
      "bonus": 0.0,
      "closed_lots": 25.369999999999653,
      "equity_start": 23018.84999999774,
      "equity_end": 24930.019999997443,
      "win_rate_pct": 64.88188976377953,
      "pnl_pct": 8.148365361431507
    },
    {
      "month": "2026-05",
      "signals": 712,
      "wins": 435,
      "losses": 224,
      "no_fills": 47,
      "open": 0,
      "pnl": 2006.539999999719,
      "trading_pnl": 2006.539999999719,
      "bonus": 0.0,
      "closed_lots": 26.019999999999637,