{
  "rank": 8,
  "candidate_id": "012c82ddb0e2dfe0",
  "filter_preset": "self_limit",
  "metrics": {
    "candidate_id": "012c82ddb0e2dfe0",
    "filter_preset": "self_limit",
    "passes_recommendation_gate": false,
    "passes_dd": false,
    "passes_edge": true,
    "passes_consistency": true,
    "passes_oos": true,
    "score": 14668.301944441682,
    "fixed_no_bonus_profit": 16531.309999996767,
    "fixed_with_bonus_profit": 17780.059999998084,
    "bonus_contribution": 1248.750000001317,
    "concurrent_risk_max_dd_pct": 98.79372936344734,
    "risk_net_profit_with_bonus": 208947.2799999309,
    "stable_months": 13,
    "total_months": 18,
    "stable_fraction": 0.7222222222222222,
    "worst_month_pnl": -1172.5899999999278,
    "oos_fixed_no_bonus_profit": 10916.08999999829
  },
  "monthly": [
    {
      "month": "2025-01",
      "signals": 741,
      "wins": 273,
      "losses": 249,
      "no_fills": 219,
      "open": 0,
      "pnl": 1609.980000000036,
      "trading_pnl": 1609.980000000036,
      "bonus": 0.0,
      "closed_lots": 19.019999999999815,
      "equity_start": 1000.0,
      "equity_end": 2609.980000000036,
      "win_rate_pct": 52.29885057471264,
      "pnl_pct": 160.9980000000036
    },
    {
      "month": "2025-02",
      "signals": 682,
      "wins": 274,
      "losses": 269,
      "no_fills": 139,
      "open": 0,
      "pnl": 277.5599999997539,
      "trading_pnl": 277.5599999997539,
      "bonus": 0.0,
      "closed_lots": 20.279999999999767,
      "equity_start": 2609.980000000036,
      "equity_end": 2887.53999999979,
      "win_rate_pct": 50.46040515653776,
      "pnl_pct": 10.634564249524905
    },
    {
      "month": "2025-03",
      "signals": 698,
      "wins": 326,
      "losses": 246,
      "no_fills": 126,
      "open": 0,
      "pnl": 894.8900000001763,
      "trading_pnl": 894.8900000001763,
      "bonus": 0.0,
      "closed_lots": 21.63999999999974,
      "equity_start": 2887.53999999979,
      "equity_end": 3813.889999999964,
      "win_rate_pct": 56.993006993006986,
      "pnl_pct": 30.99143215332918
    },
    {
      "month": "2025-04",
      "signals": 697,
      "wins": 368,
      "losses": 247,
      "no_fills": 81,
      "open": 0,
      "pnl": 873.880000000067,
      "trading_pnl": 873.880000000067,
      "bonus": 0.0,
      "closed_lots": 24.039999999999676,
      "equity_start": 3728.0599999999667,
      "equity_end": 4891.550000000032,
      "win_rate_pct": 59.83739837398374,
      "pnl_pct": 23.440609861431273
    },
    {
      "month": "2025-05",
      "signals": 726,
      "wins": 349,
      "losses": 284,
      "no_fills": 93,
      "open": 0,
      "pnl": 723.7900000002292,
      "trading_pnl": 723.7900000002292,
      "bonus": 0.0,
      "closed_lots": 24.64999999999968,
      "equity_start": 4656.31000000003,
      "equity_end": 5380.100000000259,
      "win_rate_pct": 55.134281200631904,
      "pnl_pct": 15.544282919312169
    },
    {
      "month": "2025-06",
      "signals": 680,
      "wins": 302,
      "losses": 280,
      "no_fills": 97,
      "open": 0,
      "pnl": -1172.5899999999278,
      "trading_pnl": -1172.5899999999278,
      "bonus": 0.0,
      "closed_lots": 22.189999999999745,
      "equity_start": 5380.100000000259,
      "equity_end": 4224.1900000003325,
      "win_rate_pct": 51.890034364261176,
      "pnl_pct": -21.794948049290376
    },
    {
      "month": "2025-07",
      "signals": 774,
      "wins": 313,
      "losses": 296,
      "no_fills": 164,
      "open": 0,
      "pnl": -1011.7200000000039,
      "trading_pnl": -1011.7200000000039,
      "bonus": 0.0,
      "closed_lots": 22.67999999999973,
      "equity_start": 4177.040000000332,
      "equity_end": 3206.0500000003344,
      "win_rate_pct": 51.39573070607554,
      "pnl_pct": -24.220979449560538
    },
    {
      "month": "2025-08",
      "signals": 697,
      "wins": 288,
      "losses": 277,
      "no_fills": 132,
      "open": 0,
      "pnl": -702.210000000212,
      "trading_pnl": -702.210000000212,
      "bonus": 0.0,
      "closed_lots": 21.569999999999744,
      "equity_start": 3178.1100000003294,
      "equity_end": 2493.5800000001173,
      "win_rate_pct": 50.97345132743363,
      "pnl_pct": -22.095207529007467
    },
    {
      "month": "2025-09",
      "signals": 745,
      "wins": 338,
      "losses": 290,
      "no_fills": 117,
      "open": 0,
      "pnl": 867.2799999997274,
      "trading_pnl": 867.2799999997274,
      "bonus": 0.0,
      "closed_lots": 24.029999999999692,
      "equity_start": 2493.5800000001173,
      "equity_end": 3516.34999999983,
      "win_rate_pct": 53.82165605095541,
      "pnl_pct": 34.78051636601539
    },
    {
      "month": "2025-10",
      "signals": 784,
      "wins": 480,
      "losses": 217,
      "no_fills": 87,
      "open": 0,
      "pnl": 3878.309999999555,
      "trading_pnl": 3878.309999999555,
      "bonus": 0.0,
      "closed_lots": 27.179999999999605,
      "equity_start": 3317.4399999998477,
      "equity_end": 7239.169999999403,
      "win_rate_pct": 68.86657101865137,
      "pnl_pct": 116.90671119898877
    },
    {
      "month": "2025-11",
      "signals": 676,
      "wins": 347,
      "losses": 267,
      "no_fills": 62,
      "open": 0,
      "pnl": 53.759999999628235,
      "trading_pnl": 53.759999999628235,
      "bonus": 0.0,
      "closed_lots": 23.909999999999684,
      "equity_start": 7239.169999999403,
      "equity_end": 7292.929999999035,
      "win_rate_pct": 56.51465798045603,
      "pnl_pct": 0.7426265718256743
    },
    {
      "month": "2025-12",
      "signals": 726,
      "wins": 372,
      "losses": 281,
      "no_fills": 73,
      "open": 0,
      "pnl": -677.7100000005794,
      "trading_pnl": -677.7100000005794,
      "bonus": 0.0,
      "closed_lots": 25.509999999999664,
      "equity_start": 7292.929999999035,
      "equity_end": 6615.219999998456,
      "win_rate_pct": 56.96784073506891,
      "pnl_pct": -9.292698545038402
    },
    {
      "month": "2026-01",
      "signals": 743,
      "wins": 440,
      "losses": 218,
      "no_fills": 85,
      "open": 0,
      "pnl": 3386.869999999496,
      "trading_pnl": 3386.869999999496,
      "bonus": 0.0,
      "closed_lots": 25.87999999999963,
      "equity_start": 6615.219999998456,
      "equity_end": 10002.08999999795,
      "win_rate_pct": 66.8693009118541,
      "pnl_pct": 51.198146093407125
    },
    {
      "month": "2026-02",
      "signals": 668,
      "wins": 420,
      "losses": 203,
      "no_fills": 45,
      "open": 0,
      "pnl": 3758.5199999996003,
      "trading_pnl": 3758.5199999996003,
      "bonus": 0.0,
      "closed_lots": 24.759999999999653,
      "equity_start": 10002.08999999795,
      "equity_end": 13760.609999997541,
      "win_rate_pct": 67.41573033707866,
      "pnl_pct": 37.57734633461977
    },
    {
      "month": "2026-03",
      "signals": 743,
      "wins": 425,
      "losses": 254,
      "no_fills": 64,
      "open": 0,
      "pnl": -168.78000000033353,
      "trading_pnl": -168.78000000033353,
      "bonus": 0.0,
      "closed_lots": 26.869999999999614,
      "equity_start": 13760.609999997541,
      "equity_end": 13688.599999997223,
      "win_rate_pct": 62.5920471281296,
      "pnl_pct": -1.2265444627844528
    },
    {
      "month": "2026-04",
      "signals": 685,
      "wins": 399,
      "losses": 234,
      "no_fills": 52,
      "open": 0,
      "pnl": 718.4199999997636,
      "trading_pnl": 718.4199999997636,
      "bonus": 0.0,
      "closed_lots": 24.899999999999665,
      "equity_start": 13590.119999997225,
      "equity_end": 14240.899999997004,
      "win_rate_pct": 63.03317535545023,
      "pnl_pct": 5.286340370798126
    },
    {
      "month": "2026-05",
      "signals": 712,
      "wins": 408,
      "losses": 239,
      "no_fills": 65,
      "open": 0,
      "pnl": 1773.0299999998297,
      "trading_pnl": 1773.0299999998297,
      "bonus": 0.0,
      "closed_lots": 25.59999999999964,