{
  "rank": 9,
  "candidate_id": "7f0a5e6f161a92d7",
  "filter_preset": "self_limit",
  "metrics": {
    "candidate_id": "7f0a5e6f161a92d7",
    "filter_preset": "self_limit",
    "passes_recommendation_gate": false,
    "passes_dd": false,
    "passes_edge": true,
    "passes_consistency": true,
    "passes_oos": false,
    "score": 11112.99981481193,
    "fixed_no_bonus_profit": 15736.236666662768,
    "fixed_with_bonus_profit": 16984.86666666268,
    "bonus_contribution": 1248.6299999999137,
    "concurrent_risk_max_dd_pct": 100.1052440830446,
    "risk_net_profit_with_bonus": -1017.8299999998592,
    "stable_months": 13,
    "total_months": 18,
    "stable_fraction": 0.7222222222222222,
    "worst_month_pnl": -1325.9366666673322,
    "oos_fixed_no_bonus_profit": -1008.2400000002763
  },
  "monthly": [
    {
      "month": "2025-01",
      "signals": 741,
      "wins": 267,
      "losses": 255,
      "no_fills": 219,
      "open": 0,
      "pnl": 1545.206666666691,
      "trading_pnl": 1545.206666666691,
      "bonus": 0.0,
      "closed_lots": 19.019999999999815,
      "equity_start": 1000.0,
      "equity_end": 2545.206666666691,
      "win_rate_pct": 51.14942528735632,
      "pnl_pct": 154.52066666666911
    },
    {
      "month": "2025-02",
      "signals": 682,
      "wins": 266,
      "losses": 277,
      "no_fills": 139,
      "open": 0,
      "pnl": -209.98666666690087,
      "trading_pnl": -209.98666666690087,
      "bonus": 0.0,
      "closed_lots": 20.279999999999767,
      "equity_start": 2545.206666666691,
      "equity_end": 2335.21999999979,
      "win_rate_pct": 48.98710865561694,
      "pnl_pct": -8.250279610571198
    },
    {
      "month": "2025-03",
      "signals": 698,
      "wins": 297,
      "losses": 275,
      "no_fills": 126,
      "open": 0,
      "pnl": 1226.526666666835,
      "trading_pnl": 1226.526666666835,
      "bonus": 0.0,
      "closed_lots": 21.63999999999974,
      "equity_start": 2335.21999999979,
      "equity_end": 3617.8533333332884,
      "win_rate_pct": 51.92307692307693,
      "pnl_pct": 52.522960006635145
    },
    {
      "month": "2025-04",
      "signals": 697,
      "wins": 279,
      "losses": 337,
      "no_fills": 81,
      "open": 0,
      "pnl": 1383.116666666649,
      "trading_pnl": 1383.116666666649,
      "bonus": 0.0,
      "closed_lots": 24.039999999999676,
      "equity_start": 3503.9466666666267,
      "equity_end": 5288.396666666566,
      "win_rate_pct": 45.2922077922078,
      "pnl_pct": 39.473108418697336
    },
    {
      "month": "2025-05",
      "signals": 726,
      "wins": 273,
      "losses": 360,
      "no_fills": 93,
      "open": 0,
      "pnl": 66.18333333348119,
      "trading_pnl": 66.18333333348119,
      "bonus": 0.0,
      "closed_lots": 24.64999999999968,
      "equity_start": 4944.863333333233,
      "equity_end": 5011.046666666654,
      "win_rate_pct": 43.127962085308056,
      "pnl_pct": 1.3384259356035293
    },
    {
      "month": "2025-06",
      "signals": 680,
      "wins": 270,
      "losses": 312,
      "no_fills": 97,
      "open": 0,
      "pnl": -920.4966666666351,
      "trading_pnl": -920.4966666666351,
      "bonus": 0.0,
      "closed_lots": 22.189999999999745,
      "equity_start": 5011.046666666654,
      "equity_end": 4114.549999999998,
      "win_rate_pct": 46.391752577319586,
      "pnl_pct": -18.36934931757379
    },
    {
      "month": "2025-07",
      "signals": 774,
      "wins": 302,
      "losses": 308,
      "no_fills": 164,
      "open": 0,
      "pnl": -935.7400000000184,
      "trading_pnl": -935.7400000000184,
      "bonus": 0.0,
      "closed_lots": 22.67999999999973,
      "equity_start": 4062.549999999998,
      "equity_end": 3177.849999999985,
      "win_rate_pct": 49.50819672131148,
      "pnl_pct": -23.033316513027998
    },
    {
      "month": "2025-08",
      "signals": 697,
      "wins": 302,
      "losses": 263,
      "no_fills": 132,
      "open": 0,
      "pnl": 656.2566666664479,
      "trading_pnl": 656.2566666664479,
      "bonus": 0.0,
      "closed_lots": 21.569999999999744,
      "equity_start": 3145.0799999999804,
      "equity_end": 3811.066666666425,
      "win_rate_pct": 53.451327433628315,
      "pnl_pct": 20.86613589054816
    },
    {
      "month": "2025-09",
      "signals": 745,
      "wins": 324,
      "losses": 304,
      "no_fills": 117,
      "open": 0,
      "pnl": 4.253333333077535,
      "trading_pnl": 4.253333333077535,
      "bonus": 0.0,
      "closed_lots": 24.029999999999692,
      "equity_start": 3811.066666666425,
      "equity_end": 3950.3399999994754,
      "win_rate_pct": 51.59235668789809,
      "pnl_pct": 0.11160480004927241
    },
    {
      "month": "2025-10",
      "signals": 784,
      "wins": 343,
      "losses": 354,
      "no_fills": 87,
      "open": 0,
      "pnl": 5358.583333332872,
      "trading_pnl": 5358.583333332872,
      "bonus": 0.0,
      "closed_lots": 27.179999999999605,
      "equity_start": 3768.6799999994823,
      "equity_end": 9173.90333333237,
      "win_rate_pct": 49.21090387374462,
      "pnl_pct": 142.18727335124254
    },
    {
      "month": "2025-11",
      "signals": 676,
      "wins": 274,
      "losses": 340,
      "no_fills": 62,
      "open": 0,
      "pnl": 61.55333333294266,
      "trading_pnl": 61.55333333294266,
      "bonus": 0.0,
      "closed_lots": 23.909999999999684,
      "equity_start": 9173.90333333237,
      "equity_end": 9235.456666665315,
      "win_rate_pct": 44.62540716612378,
      "pnl_pct": 0.6709612157051557
    },
    {
      "month": "2025-12",
      "signals": 726,
      "wins": 295,
      "losses": 358,
      "no_fills": 73,
      "open": 0,
      "pnl": -1325.9366666673322,
      "trading_pnl": -1325.9366666673322,
      "bonus": 0.0,
      "closed_lots": 25.509999999999664,
      "equity_start": 9235.456666665315,
      "equity_end": 7909.519999998005,
      "win_rate_pct": 45.176110260336905,
      "pnl_pct": -14.357023312698772
    },
    {
      "month": "2026-01",
      "signals": 743,
      "wins": 294,
      "losses": 364,
      "no_fills": 85,
      "open": 0,
      "pnl": 3514.0966666660424,
      "trading_pnl": 3514.0966666660424,
      "bonus": 0.0,
      "closed_lots": 25.87999999999963,
      "equity_start": 7909.519999998005,
      "equity_end": 11423.616666664155,
      "win_rate_pct": 44.680851063829785,
      "pnl_pct": 44.42869689522156
    },
    {
      "month": "2026-02",
      "signals": 668,
      "wins": 235,
      "losses": 388,
      "no_fills": 45,
      "open": 0,
      "pnl": 2961.669999999317,
      "trading_pnl": 2961.669999999317,
      "bonus": 0.0,
      "closed_lots": 24.759999999999653,
      "equity_start": 11423.616666664155,
      "equity_end": 14385.286666663742,
      "win_rate_pct": 37.7207062600321,
      "pnl_pct": 25.925852437275132
    },
    {
      "month": "2026-03",
      "signals": 743,
      "wins": 236,
      "losses": 443,
      "no_fills": 64,
      "open": 0,
      "pnl": 82.34333333271115,
      "trading_pnl": 82.34333333271115,
      "bonus": 0.0,
      "closed_lots": 26.869999999999614,
      "equity_start": 14385.286666663742,
      "equity_end": 14569.649999996778,
      "win_rate_pct": 34.75699558173785,
      "pnl_pct": 0.5724135725673957
    },
    {
      "month": "2026-04",
      "signals": 685,
      "wins": 242,
      "losses": 391,
      "no_fills": 52,
      "open": 0,
      "pnl": -1055.3866666671775,
      "trading_pnl": -1055.3866666671775,
      "bonus": 0.0,
      "closed_lots": 24.899999999999665,
      "equity_start": 14430.409999996782,
      "equity_end": 13297.253333329827,
      "win_rate_pct": 38.2306477093207,
      "pnl_pct": -7.313629111490337
    },
    {
      "month": "2026-05",
      "signals": 712,
      "wins": 281,
      "losses": 366,
      "no_fills": 65,
      "open": 0,
      "pnl": 1803.5199999995175,
      "trading_pnl": 1803.5199999995175,
      "bonus": 0.0,
      "closed_lots": 25.59999999999964,