{
  "rank": 10,
  "candidate_id": "948fdd3e29bab0ae",
  "filter_preset": "self_limit",
  "metrics": {
    "candidate_id": "948fdd3e29bab0ae",
    "filter_preset": "self_limit",
    "passes_recommendation_gate": false,
    "passes_dd": false,
    "passes_edge": true,
    "passes_consistency": true,
    "passes_oos": true,
    "score": 10430.432708332464,
    "fixed_no_bonus_profit": 11449.432499999026,
    "fixed_with_bonus_profit": 12226.43249999916,
    "bonus_contribution": 777.0000000001346,
    "concurrent_risk_max_dd_pct": 86.11085638536534,
    "risk_net_profit_with_bonus": 108888439958.58528,
    "stable_months": 13,
    "total_months": 18,
    "stable_fraction": 0.7222222222222222,
    "worst_month_pnl": -382.1149999999843,
    "oos_fixed_no_bonus_profit": 8645.592499999335
  },
  "monthly": [
    {
      "month": "2025-01",
      "signals": 741,
      "wins": 195,
      "losses": 134,
      "no_fills": 267,
      "open": 0,
      "pnl": 72.2899999999986,
      "trading_pnl": 72.2899999999986,
      "bonus": 0.0,
      "closed_lots": 9.08999999999994,
      "equity_start": 1000.0,
      "equity_end": 1072.2899999999986,
      "win_rate_pct": 59.27051671732523,
      "pnl_pct": 7.228999999999861
    },
    {
      "month": "2025-02",
      "signals": 682,
      "wins": 177,
      "losses": 141,
      "no_fills": 186,
      "open": 0,
      "pnl": -19.0975000000235,
      "trading_pnl": -19.0975000000235,
      "bonus": 0.0,
      "closed_lots": 10.669999999999918,
      "equity_start": 1072.2899999999986,
      "equity_end": 1053.192499999975,
      "win_rate_pct": 55.660377358490564,
      "pnl_pct": -1.7810014082033336
    },
    {
      "month": "2025-03",
      "signals": 698,
      "wins": 208,
      "losses": 153,
      "no_fills": 170,
      "open": 0,
      "pnl": 122.33500000003778,
      "trading_pnl": 122.33500000003778,
      "bonus": 0.0,
      "closed_lots": 11.869999999999894,
      "equity_start": 1053.192499999975,
      "equity_end": 1175.5275000000129,
      "win_rate_pct": 57.61772853185596,
      "pnl_pct": 11.615635318333608
    },
    {
      "month": "2025-04",
      "signals": 697,
      "wins": 220,
      "losses": 152,
      "no_fills": 94,
      "open": 0,
      "pnl": 226.4675000000011,
      "trading_pnl": 226.4675000000011,
      "bonus": 0.0,
      "closed_lots": 15.659999999999837,
      "equity_start": 1175.5275000000129,
      "equity_end": 1401.995000000014,
      "win_rate_pct": 59.13978494623656,
      "pnl_pct": 19.265180950679472
    },
    {
      "month": "2025-05",
      "signals": 726,
      "wins": 190,
      "losses": 167,
      "no_fills": 112,
      "open": 0,
      "pnl": -352.1374999999739,
      "trading_pnl": -352.1374999999739,
      "bonus": 0.0,
      "closed_lots": 15.17999999999985,
      "equity_start": 1401.995000000014,
      "equity_end": 1049.85750000004,
      "win_rate_pct": 53.221288515406165,
      "pnl_pct": -25.11688700744085
    },
    {
      "month": "2025-06",
      "signals": 680,
      "wins": 193,
      "losses": 172,
      "no_fills": 127,
      "open": 0,
      "pnl": -382.1149999999843,
      "trading_pnl": -382.1149999999843,
      "bonus": 0.0,
      "closed_lots": 13.359999999999886,
      "equity_start": 1049.85750000004,
      "equity_end": 667.7425000000558,
      "win_rate_pct": 52.87671232876713,
      "pnl_pct": -36.39684433363287
    },
    {
      "month": "2025-07",
      "signals": 774,
      "wins": 240,
      "losses": 151,
      "no_fills": 189,
      "open": 0,
      "pnl": 111.90749999999525,
      "trading_pnl": 111.90749999999525,
      "bonus": 0.0,
      "closed_lots": 12.179999999999877,
      "equity_start": 667.7425000000558,
      "equity_end": 779.650000000051,
      "win_rate_pct": 61.38107416879796,
      "pnl_pct": 16.759080034592063
    },
    {
      "month": "2025-08",
      "signals": 697,
      "wins": 211,
      "losses": 152,
      "no_fills": 167,
      "open": 0,
      "pnl": -71.57750000004626,
      "trading_pnl": -71.57750000004626,
      "bonus": 0.0,
      "closed_lots": 11.319999999999906,
      "equity_start": 779.650000000051,
      "equity_end": 708.0725000000048,
      "win_rate_pct": 58.1267217630854,
      "pnl_pct": -9.18072211890484
    },
    {
      "month": "2025-09",
      "signals": 745,
      "wins": 245,
      "losses": 139,
      "no_fills": 153,
      "open": 0,
      "pnl": 940.8124999999709,
      "trading_pnl": 940.8124999999709,
      "bonus": 0.0,
      "closed_lots": 13.929999999999863,
      "equity_start": 708.0725000000048,
      "equity_end": 1648.8849999999757,
      "win_rate_pct": 63.802083333333336,
      "pnl_pct": 132.8695154804013
    },
    {
      "month": "2025-10",
      "signals": 784,
      "wins": 299,
      "losses": 118,
      "no_fills": 95,
      "open": 0,
      "pnl": 1970.6424999999126,
      "trading_pnl": 1970.6424999999126,
      "bonus": 0.0,
      "closed_lots": 18.069999999999904,
      "equity_start": 1648.8849999999757,
      "equity_end": 3619.5274999998883,
      "win_rate_pct": 71.70263788968825,
      "pnl_pct": 119.51364103621185
    },
    {
      "month": "2025-11",
      "signals": 676,
      "wins": 210,
      "losses": 140,
      "no_fills": 75,
      "open": 0,
      "pnl": 305.7974999999378,
      "trading_pnl": 305.7974999999378,
      "bonus": 0.0,
      "closed_lots": 15.429999999999843,
      "equity_start": 3619.5274999998883,
      "equity_end": 3925.324999999826,
      "win_rate_pct": 60.0,
      "pnl_pct": 8.44854749687486
    },
    {
      "month": "2025-12",
      "signals": 726,
      "wins": 197,
      "losses": 156,
      "no_fills": 99,
      "open": 0,
      "pnl": -121.48500000013883,
      "trading_pnl": -121.48500000013883,
      "bonus": 0.0,
      "closed_lots": 16.039999999999836,
      "equity_start": 3925.324999999826,
      "equity_end": 3803.8399999996873,
      "win_rate_pct": 55.80736543909348,
      "pnl_pct": -3.09490296982146
    },
    {
      "month": "2026-01",
      "signals": 743,
      "wins": 254,
      "losses": 141,
      "no_fills": 94,
      "open": 0,
      "pnl": 1642.9499999997988,
      "trading_pnl": 1642.9499999997988,
      "bonus": 0.0,
      "closed_lots": 17.24999999999989,
      "equity_start": 3803.8399999996873,
      "equity_end": 5446.789999999486,
      "win_rate_pct": 64.30379746835443,
      "pnl_pct": 43.191879784636946
    },
    {
      "month": "2026-02",
      "signals": 668,
      "wins": 260,
      "losses": 113,
      "no_fills": 64,
      "open": 0,
      "pnl": 2787.077499999862,
      "trading_pnl": 2787.077499999862,
      "bonus": 0.0,
      "closed_lots": 17.3299999999999,
      "equity_start": 5446.789999999486,
      "equity_end": 8233.867499999356,
      "win_rate_pct": 69.70509383378017,
      "pnl_pct": 51.16917487180752
    },
    {
      "month": "2026-03",
      "signals": 743,
      "wins": 260,
      "losses": 118,
      "no_fills": 65,
      "open": 0,
      "pnl": 2691.337499999925,
      "trading_pnl": 2691.337499999925,
      "bonus": 0.0,
      "closed_lots": 19.139999999999965,
      "equity_start": 8233.867499999356,
      "equity_end": 10925.204999999278,
      "win_rate_pct": 68.78306878306879,
      "pnl_pct": 32.686189084292835
    },
    {
      "month": "2026-04",
      "signals": 685,
      "wins": 199,
      "losses": 154,
      "no_fills": 52,
      "open": 0,
      "pnl": 772.9399999998841,
      "trading_pnl": 772.9399999998841,
      "bonus": 0.0,
      "closed_lots": 17.289999999999893,
      "equity_start": 10925.204999999278,
      "equity_end": 11698.14499999916,
      "win_rate_pct": 56.37393767705382,
      "pnl_pct": 7.07483292075467
    },
    {
      "month": "2026-05",
      "signals": 712,
      "wins": 228,
      "losses": 144,
      "no_fills": 67,
      "open": 0,
      "pnl": 232.59249999989152,
      "trading_pnl": 232.59249999989152,
      "bonus": 0.0,
      "closed_lots": 17.28999999999988,
      "equity_start": 11698.14499999916,