{
  "rank": 4,
  "candidate_id": "1c12c691874bfbd7",
  "filter_preset": "self_limit",
  "metrics": {
    "candidate_id": "1c12c691874bfbd7",
    "filter_preset": "self_limit",
    "passes_recommendation_gate": false,
    "passes_dd": false,
    "passes_edge": true,
    "passes_consistency": true,
    "passes_oos": true,
    "score": 19889.826666665955,
    "fixed_no_bonus_profit": 19631.329999999147,
    "fixed_with_bonus_profit": 20587.78999999799,
    "bonus_contribution": 956.4599999988422,
    "concurrent_risk_max_dd_pct": 78.58530063875536,
    "risk_net_profit_with_bonus": 1.2079525070345194e+17,
    "stable_months": 15,
    "total_months": 18,
    "stable_fraction": 0.8333333333333334,
    "worst_month_pnl": -389.5500000000161,
    "oos_fixed_no_bonus_profit": 14121.539999999994
  },
  "monthly": [
    {
      "month": "2025-01",
      "signals": 741,
      "wins": 364,
      "losses": 189,
      "no_fills": 188,
      "open": 0,
      "pnl": 3.050000000001546,
      "trading_pnl": 3.050000000001546,
      "bonus": 0.0,
      "closed_lots": 14.769999999999868,
      "equity_start": 1000.0,
      "equity_end": 1003.0500000000015,
      "win_rate_pct": 65.82278481012658,
      "pnl_pct": 0.30500000000015465
    },
    {
      "month": "2025-02",
      "signals": 682,
      "wins": 401,
      "losses": 163,
      "no_fills": 114,
      "open": 0,
      "pnl": 223.08999999987282,
      "trading_pnl": 223.08999999987282,
      "bonus": 0.0,
      "closed_lots": 15.359999999999848,
      "equity_start": 1003.0500000000015,
      "equity_end": 1226.1399999998744,
      "win_rate_pct": 71.09929078014184,
      "pnl_pct": 22.241164448419568
    },
    {
      "month": "2025-03",
      "signals": 698,
      "wins": 384,
      "losses": 206,
      "no_fills": 105,
      "open": 0,
      "pnl": -322.5399999999463,
      "trading_pnl": -322.5399999999463,
      "bonus": 0.0,
      "closed_lots": 16.629999999999857,
      "equity_start": 1226.1399999998744,
      "equity_end": 909.1599999999271,
      "win_rate_pct": 65.08474576271186,
      "pnl_pct": -26.305315869311773
    },
    {
      "month": "2025-04",
      "signals": 697,
      "wins": 467,
      "losses": 163,
      "no_fills": 59,
      "open": 0,
      "pnl": 387.42999999999574,
      "trading_pnl": 387.42999999999574,
      "bonus": 0.0,
      "closed_lots": 18.489999999999945,
      "equity_start": 893.5799999999281,
      "equity_end": 1346.619999999923,
      "win_rate_pct": 74.12698412698413,
      "pnl_pct": 43.357058125744416
    },
    {
      "month": "2025-05",
      "signals": 726,
      "wins": 489,
      "losses": 163,
      "no_fills": 70,
      "open": 0,
      "pnl": 203.6800000001067,
      "trading_pnl": 203.6800000001067,
      "bonus": 0.0,
      "closed_lots": 18.76999999999995,
      "equity_start": 1291.0299999999238,
      "equity_end": 1494.7100000000305,
      "win_rate_pct": 75.0,
      "pnl_pct": 15.776550506194182
    },
    {
      "month": "2025-06",
      "signals": 680,
      "wins": 408,
      "losses": 189,
      "no_fills": 80,
      "open": 0,
      "pnl": -389.5500000000161,
      "trading_pnl": -389.5500000000161,
      "bonus": 0.0,
      "closed_lots": 17.109999999999886,
      "equity_start": 1494.7100000000305,
      "equity_end": 1105.1600000000144,
      "win_rate_pct": 68.34170854271356,
      "pnl_pct": -26.061911675174994
    },
    {
      "month": "2025-07",
      "signals": 774,
      "wins": 463,
      "losses": 190,
      "no_fills": 120,
      "open": 0,
      "pnl": 218.10999999999967,
      "trading_pnl": 218.10999999999967,
      "bonus": 0.0,
      "closed_lots": 17.5999999999999,
      "equity_start": 1105.1600000000144,
      "equity_end": 1338.5300000000143,
      "win_rate_pct": 70.90352220520674,
      "pnl_pct": 19.735603894458436
    },
    {
      "month": "2025-08",
      "signals": 697,
      "wins": 370,
      "losses": 220,
      "no_fills": 107,
      "open": 0,
      "pnl": -255.430000000149,
      "trading_pnl": -255.430000000149,
      "bonus": 0.0,
      "closed_lots": 16.129999999999853,
      "equity_start": 1312.2600000000134,
      "equity_end": 1067.839999999865,
      "win_rate_pct": 62.71186440677966,
      "pnl_pct": -19.464892627996463
    },
    {
      "month": "2025-09",
      "signals": 745,
      "wins": 467,
      "losses": 177,
      "no_fills": 94,
      "open": 0,
      "pnl": 586.5999999998157,
      "trading_pnl": 586.5999999998157,
      "bonus": 0.0,
      "closed_lots": 18.29999999999993,
      "equity_start": 1067.839999999865,
      "equity_end": 1687.1499999996759,
      "win_rate_pct": 72.51552795031056,
      "pnl_pct": 54.933323344310935
    },
    {
      "month": "2025-10",
      "signals": 784,
      "wins": 588,
      "losses": 123,
      "no_fills": 59,
      "open": 0,
      "pnl": 3125.4399999997377,
      "trading_pnl": 3125.4399999997377,
      "bonus": 0.0,
      "closed_lots": 21.040000000000035,
      "equity_start": 1649.8399999996818,
      "equity_end": 4779.879999999419,
      "win_rate_pct": 82.70042194092827,
      "pnl_pct": 189.43897590071404
    },
    {
      "month": "2025-11",
      "signals": 676,
      "wins": 501,
      "losses": 129,
      "no_fills": 45,
      "open": 0,
      "pnl": 1292.9299999998107,
      "trading_pnl": 1292.9299999998107,
      "bonus": 0.0,
      "closed_lots": 18.249999999999922,
      "equity_start": 4779.879999999419,
      "equity_end": 6072.809999999225,
      "win_rate_pct": 79.52380952380952,
      "pnl_pct": 27.049423834907316
    },
    {
      "month": "2025-12",
      "signals": 726,
      "wins": 501,
      "losses": 163,
      "no_fills": 56,
      "open": 0,
      "pnl": 436.9799999998904,
      "trading_pnl": 436.9799999998904,
      "bonus": 0.0,
      "closed_lots": 19.309999999999974,
      "equity_start": 6072.809999999225,
      "equity_end": 6509.789999999115,
      "win_rate_pct": 75.45180722891565,
      "pnl_pct": 7.195680418125155
    },
    {
      "month": "2026-01",
      "signals": 743,
      "wins": 536,
      "losses": 123,
      "no_fills": 55,
      "open": 0,
      "pnl": 2716.1299999998155,
      "trading_pnl": 2716.1299999998155,
      "bonus": 0.0,
      "closed_lots": 19.979999999999997,
      "equity_start": 6509.789999999115,
      "equity_end": 9225.919999998929,
      "win_rate_pct": 81.33535660091047,
      "pnl_pct": 41.72377296349321
    },
    {
      "month": "2026-02",
      "signals": 668,
      "wins": 507,
      "losses": 96,
      "no_fills": 27,
      "open": 0,
      "pnl": 4242.099999999896,
      "trading_pnl": 4242.099999999896,
      "bonus": 0.0,
      "closed_lots": 18.849999999999962,
      "equity_start": 9225.919999998929,
      "equity_end": 13468.01999999884,
      "win_rate_pct": 84.07960199004975,
      "pnl_pct": 45.980238285183354
    },
    {
      "month": "2026-03",
      "signals": 743,
      "wins": 543,
      "losses": 106,
      "no_fills": 38,
      "open": 0,
      "pnl": 4067.210000000073,
      "trading_pnl": 4067.210000000073,
      "bonus": 0.0,
      "closed_lots": 20.78000000000003,
      "equity_start": 13468.01999999884,
      "equity_end": 17536.72999999895,
      "win_rate_pct": 83.66718027734977,
      "pnl_pct": 30.199019603478632
    },
    {
      "month": "2026-04",
      "signals": 685,
      "wins": 505,
      "losses": 127,
      "no_fills": 35,
      "open": 0,
      "pnl": 1298.1800000000676,
      "trading_pnl": 1298.1800000000676,
      "bonus": 0.0,
      "closed_lots": 19.009999999999962,
      "equity_start": 17499.129999998946,
      "equity_end": 18847.92999999906,
      "win_rate_pct": 79.90506329113924,
      "pnl_pct": 7.418540236001137
    },
    {
      "month": "2026-05",
      "signals": 712,
      "wins": 513,
      "losses": 147,
      "no_fills": 44,
      "open": 0,
      "pnl": 944.0000000000791,
      "trading_pnl": 944.0000000000791,
      "bonus": 0.0,
      "closed_lots": 19.569999999999983,