{
  "rank": 13,
  "candidate_id": "2e25fefeaf3b2898",
  "filter_preset": "self_limit",
  "metrics": {
    "candidate_id": "2e25fefeaf3b2898",
    "filter_preset": "self_limit",
    "passes_recommendation_gate": false,
    "passes_dd": false,
    "passes_edge": true,
    "passes_consistency": true,
    "passes_oos": true,
    "score": 8252.390277777316,
    "fixed_no_bonus_profit": 8126.839999999558,
    "fixed_with_bonus_profit": 8452.010000000135,
    "bonus_contribution": 325.1700000005767,
    "concurrent_risk_max_dd_pct": 93.80640273586961,
    "risk_net_profit_with_bonus": 34253713922.09757,
    "stable_months": 16,
    "total_months": 18,
    "stable_fraction": 0.8888888888888888,
    "worst_month_pnl": -147.03000000004295,
    "oos_fixed_no_bonus_profit": 4114.12999999973
  },
  "monthly": [
    {
      "month": "2025-01",
      "signals": 741,
      "wins": 226,
      "losses": 171,
      "no_fills": 226,
      "open": 0,
      "pnl": 305.26999999999407,
      "trading_pnl": 305.26999999999407,
      "bonus": 0.0,
      "closed_lots": 5.149999999999935,
      "equity_start": 1000.0,
      "equity_end": 1305.269999999994,
      "win_rate_pct": 56.92695214105793,
      "pnl_pct": 30.526999999999404
    },
    {
      "month": "2025-02",
      "signals": 682,
      "wins": 232,
      "losses": 190,
      "no_fills": 137,
      "open": 0,
      "pnl": 284.7599999999611,
      "trading_pnl": 284.7599999999611,
      "bonus": 0.0,
      "closed_lots": 5.449999999999928,
      "equity_start": 1305.269999999994,
      "equity_end": 1590.0299999999552,
      "win_rate_pct": 54.976303317535546,
      "pnl_pct": 21.816175963590858
    },
    {
      "month": "2025-03",
      "signals": 698,
      "wins": 251,
      "losses": 208,
      "no_fills": 128,
      "open": 0,
      "pnl": 260.2100000000396,
      "trading_pnl": 260.2100000000396,
      "bonus": 0.0,
      "closed_lots": 5.699999999999923,
      "equity_start": 1590.0299999999552,
      "equity_end": 1850.2399999999948,
      "win_rate_pct": 54.68409586056645,
      "pnl_pct": 16.365100029562143
    },
    {
      "month": "2025-04",
      "signals": 697,
      "wins": 242,
      "losses": 153,
      "no_fills": 72,
      "open": 0,
      "pnl": 311.1900000000146,
      "trading_pnl": 311.1900000000146,
      "bonus": 0.0,
      "closed_lots": 6.249999999999911,
      "equity_start": 1850.2399999999948,
      "equity_end": 2174.150000000009,
      "win_rate_pct": 61.26582278481013,
      "pnl_pct": 16.818899169838264
    },
    {
      "month": "2025-05",
      "signals": 726,
      "wins": 221,
      "losses": 161,
      "no_fills": 94,
      "open": 0,
      "pnl": 36.43000000003303,
      "trading_pnl": 36.43000000003303,
      "bonus": 0.0,
      "closed_lots": 6.31999999999991,
      "equity_start": 2161.4300000000094,
      "equity_end": 2197.8600000000424,
      "win_rate_pct": 57.85340314136126,
      "pnl_pct": 1.6854582382974639
    },
    {
      "month": "2025-06",
      "signals": 680,
      "wins": 229,
      "losses": 184,
      "no_fills": 94,
      "open": 0,
      "pnl": -24.279999999985648,
      "trading_pnl": -24.279999999985648,
      "bonus": 0.0,
      "closed_lots": 5.8599999999999195,
      "equity_start": 2197.8600000000424,
      "equity_end": 2173.5800000000568,
      "win_rate_pct": 55.44794188861986,
      "pnl_pct": -1.1047109461014433
    },
    {
      "month": "2025-07",
      "signals": 774,
      "wins": 258,
      "losses": 199,
      "no_fills": 147,
      "open": 0,
      "pnl": 306.87000000000216,
      "trading_pnl": 306.87000000000216,
      "bonus": 0.0,
      "closed_lots": 6.269999999999911,
      "equity_start": 2173.5800000000568,
      "equity_end": 2480.450000000059,
      "win_rate_pct": 56.455142231947484,
      "pnl_pct": 14.118182905620872
    },
    {
      "month": "2025-08",
      "signals": 697,
      "wins": 229,
      "losses": 208,
      "no_fills": 130,
      "open": 0,
      "pnl": -147.03000000004295,
      "trading_pnl": -147.03000000004295,
      "bonus": 0.0,
      "closed_lots": 5.6699999999999235,
      "equity_start": 2480.450000000059,
      "equity_end": 2333.420000000016,
      "win_rate_pct": 52.40274599542334,
      "pnl_pct": -5.927553468122294
    },
    {
      "month": "2025-09",
      "signals": 745,
      "wins": 257,
      "losses": 157,
      "no_fills": 117,
      "open": 0,
      "pnl": 523.4099999999726,
      "trading_pnl": 523.4099999999726,
      "bonus": 0.0,
      "closed_lots": 6.2799999999999105,
      "equity_start": 2333.420000000016,
      "equity_end": 2870.669999999988,
      "win_rate_pct": 62.07729468599034,
      "pnl_pct": 22.431023990536165
    },
    {
      "month": "2025-10",
      "signals": 784,
      "wins": 277,
      "losses": 93,
      "no_fills": 79,
      "open": 0,
      "pnl": 1443.2599999999452,
      "trading_pnl": 1443.2599999999452,
      "bonus": 0.0,
      "closed_lots": 7.049999999999894,
      "equity_start": 2856.8299999999886,
      "equity_end": 4300.089999999931,
      "win_rate_pct": 74.86486486486487,
      "pnl_pct": 50.5196318996913
    },
    {
      "month": "2025-11",
      "signals": 676,
      "wins": 226,
      "losses": 124,
      "no_fills": 59,
      "open": 0,
      "pnl": 453.3899999999626,
      "trading_pnl": 453.3899999999626,
      "bonus": 0.0,
      "closed_lots": 6.169999999999913,
      "equity_start": 4300.089999999931,
      "equity_end": 4753.479999999886,
      "win_rate_pct": 64.57142857142857,
      "pnl_pct": 10.543732805591741
    },
    {
      "month": "2025-12",
      "signals": 726,
      "wins": 211,
      "losses": 145,
      "no_fills": 71,
      "open": 0,
      "pnl": 259.22999999993135,
      "trading_pnl": 259.22999999993135,
      "bonus": 0.0,
      "closed_lots": 6.549999999999905,
      "equity_start": 4753.479999999886,
      "equity_end": 5012.709999999817,
      "win_rate_pct": 59.269662921348306,
      "pnl_pct": 5.453478293796073
    },
    {
      "month": "2026-01",
      "signals": 743,
      "wins": 228,
      "losses": 106,
      "no_fills": 80,
      "open": 0,
      "pnl": 916.7199999999111,
      "trading_pnl": 916.7199999999111,
      "bonus": 0.0,
      "closed_lots": 6.629999999999903,
      "equity_start": 5012.709999999817,
      "equity_end": 5929.429999999728,
      "win_rate_pct": 68.26347305389223,
      "pnl_pct": 18.287912127371115
    },
    {
      "month": "2026-02",
      "signals": 668,
      "wins": 186,
      "losses": 88,
      "no_fills": 46,
      "open": 0,
      "pnl": 1066.9999999999545,
      "trading_pnl": 1066.9999999999545,
      "bonus": 0.0,
      "closed_lots": 6.219999999999912,
      "equity_start": 5929.429999999728,
      "equity_end": 6996.429999999683,
      "win_rate_pct": 67.88321167883211,
      "pnl_pct": 17.994984340822025
    },
    {
      "month": "2026-03",
      "signals": 743,
      "wins": 190,
      "losses": 109,
      "no_fills": 56,
      "open": 0,
      "pnl": 747.5599999999667,
      "trading_pnl": 747.5599999999667,
      "bonus": 0.0,
      "closed_lots": 6.869999999999898,
      "equity_start": 6996.429999999683,
      "equity_end": 7743.98999999965,
      "win_rate_pct": 63.54515050167224,
      "pnl_pct": 10.68487785913674
    },
    {
      "month": "2026-04",
      "signals": 685,
      "wins": 201,
      "losses": 114,
      "no_fills": 41,
      "open": 0,
      "pnl": 508.24999999995725,
      "trading_pnl": 508.24999999995725,
      "bonus": 0.0,
      "closed_lots": 6.439999999999907,
      "equity_start": 7743.98999999965,
      "equity_end": 8252.239999999605,
      "win_rate_pct": 63.8095238095238,
      "pnl_pct": 6.563154136304157
    },
    {
      "month": "2026-05",
      "signals": 712,
      "wins": 220,
      "losses": 127,
      "no_fills": 54,
      "open": 0,
      "pnl": 430.3599999999569,
      "trading_pnl": 430.3599999999569,
      "bonus": 0.0,
      "closed_lots": 6.579999999999904,
      "equity_start": 8252.239999999605,