{
  "rank": 4,
  "candidate_id": "1c12c691874bfbd7",
  "filter_preset": "self_limit",
  "metrics": {
    "bonus_contribution": 520.6499999997377,
    "candidate_id": "1c12c691874bfbd7",
    "concurrent_risk_max_dd_pct": 73.84635977288868,
    "filter_preset": "self_limit",
    "fixed_no_bonus_profit": 10208.84499999893,
    "fixed_with_bonus_profit": 10729.494999998667,
    "oos_fixed_no_bonus_profit": 7784.034999999369,
    "passes_consistency": true,
    "passes_dd": false,
    "passes_edge": true,
    "passes_oos": true,
    "passes_recommendation_gate": false,
    "risk_net_profit_with_bonus": 5013206433679.415,
    "score": 10453.379583332284,
    "stable_fraction": 0.8333333333333334,
    "stable_months": 15,
    "total_months": 18,
    "worst_month_pnl": -348.8349999999491
  },
  "monthly": [
    {
      "month": "2025-01",
      "signals": 399,
      "wins": 198,
      "losses": 97,
      "no_fills": 104,
      "open": 0,
      "pnl": 166.2250000000099,
      "trading_pnl": 166.2250000000099,
      "bonus": 0.0,
      "closed_lots": 7.930000000000009,
      "equity_start": 1000.0,
      "equity_end": 1166.22500000001,
      "win_rate_pct": 67.11864406779661,
      "pnl_pct": 16.622500000000993
    },
    {
      "month": "2025-02",
      "signals": 365,
      "wins": 222,
      "losses": 78,
      "no_fills": 63,
      "open": 0,
      "pnl": 258.1199999999458,
      "trading_pnl": 258.1199999999458,
      "bonus": 0.0,
      "closed_lots": 8.160000000000005,
      "equity_start": 1166.22500000001,
      "equity_end": 1424.3449999999557,
      "win_rate_pct": 74.0,
      "pnl_pct": 22.13295033119197
    },
    {
      "month": "2025-03",
      "signals": 384,
      "wins": 204,
      "losses": 121,
      "no_fills": 58,
      "open": 0,
      "pnl": -348.8349999999491,
      "trading_pnl": -348.8349999999491,
      "bonus": 0.0,
      "closed_lots": 9.21999999999999,
      "equity_start": 1424.3449999999557,
      "equity_end": 1078.440000000006,
      "win_rate_pct": 62.76923076923077,
      "pnl_pct": -24.49090634642309
    },
    {
      "month": "2025-04",
      "signals": 382,
      "wins": 241,
      "losses": 103,
      "no_fills": 36,
      "open": 0,
      "pnl": 166.77000000002408,
      "trading_pnl": 166.77000000002408,
      "bonus": 0.0,
      "closed_lots": 10.079999999999972,
      "equity_start": 1075.5100000000066,
      "equity_end": 1247.670000000031,
      "win_rate_pct": 70.05813953488372,
      "pnl_pct": 15.506131974600242
    },
    {
      "month": "2025-05",
      "signals": 388,
      "wins": 251,
      "losses": 99,
      "no_fills": 35,
      "open": 0,
      "pnl": 129.73000000007505,
      "trading_pnl": 129.73000000007505,
      "bonus": 0.0,
      "closed_lots": 10.16999999999997,
      "equity_start": 1242.2800000000307,
      "equity_end": 1372.0100000001057,
      "win_rate_pct": 71.71428571428572,
      "pnl_pct": 10.442895321511402
    },
    {
      "month": "2025-06",
      "signals": 372,
      "wins": 214,
      "losses": 109,
      "no_fills": 47,
      "open": 0,
      "pnl": -263.14999999998236,
      "trading_pnl": -263.14999999998236,
      "bonus": 0.0,
      "closed_lots": 9.22999999999999,
      "equity_start": 1372.0100000001057,
      "equity_end": 1108.8600000001234,
      "win_rate_pct": 66.25386996904025,
      "pnl_pct": -19.179889359404235
    },
    {
      "month": "2025-07",
      "signals": 421,
      "wins": 244,
      "losses": 110,
      "no_fills": 66,
      "open": 0,
      "pnl": 20.17500000001337,
      "trading_pnl": 20.17500000001337,
      "bonus": 0.0,
      "closed_lots": 9.629999999999972,
      "equity_start": 1108.8600000001234,
      "equity_end": 1143.0950000001362,
      "win_rate_pct": 68.92655367231639,
      "pnl_pct": 1.8194361776970154
    },
    {
      "month": "2025-08",
      "signals": 388,
      "wins": 201,
      "losses": 127,
      "no_fills": 60,
      "open": 0,
      "pnl": -145.73000000005914,
      "trading_pnl": -145.73000000005914,
      "bonus": 0.0,
      "closed_lots": 9.029999999999989,
      "equity_start": 1123.5150000001363,
      "equity_end": 983.3050000000776,
      "win_rate_pct": 61.28048780487805,
      "pnl_pct": -12.97089936494319
    },
    {
      "month": "2025-09",
      "signals": 402,
      "wins": 239,
      "losses": 109,
      "no_fills": 50,
      "open": 0,
      "pnl": 184.81499999993002,
      "trading_pnl": 184.81499999993002,
      "bonus": 0.0,
      "closed_lots": 9.949999999999969,
      "equity_start": 983.3050000000776,
      "equity_end": 1172.7400000000066,
      "win_rate_pct": 68.67816091954023,
      "pnl_pct": 18.795287321829488
    },
    {
      "month": "2025-10",
      "signals": 424,
      "wins": 296,
      "losses": 85,
      "no_fills": 35,
      "open": 0,
      "pnl": 1466.4799999998572,
      "trading_pnl": 1466.4799999998572,
      "bonus": 0.0,
      "closed_lots": 11.269999999999946,
      "equity_start": 1168.1200000000076,
      "equity_end": 2634.599999999865,
      "win_rate_pct": 77.69028871391076,
      "pnl_pct": 125.54189638049581
    },
    {
      "month": "2025-11",
      "signals": 366,
      "wins": 254,
      "losses": 87,
      "no_fills": 25,
      "open": 0,
      "pnl": 543.284999999878,
      "trading_pnl": 543.284999999878,
      "bonus": 0.0,
      "closed_lots": 9.839999999999979,
      "equity_start": 2634.599999999865,
      "equity_end": 3177.884999999743,
      "win_rate_pct": 74.48680351906158,
      "pnl_pct": 20.621156911861604
    },
    {
      "month": "2025-12",
      "signals": 402,
      "wins": 264,
      "losses": 108,
      "no_fills": 28,
      "open": 0,
      "pnl": 246.9249999998292,
      "trading_pnl": 246.9249999998292,
      "bonus": 0.0,
      "closed_lots": 10.759999999999955,
      "equity_start": 3177.884999999743,
      "equity_end": 3424.809999999572,
      "win_rate_pct": 70.96774193548387,
      "pnl_pct": 7.770104959740494
    },
    {
      "month": "2026-01",
      "signals": 397,
      "wins": 280,
      "losses": 74,
      "no_fills": 30,
      "open": 0,
      "pnl": 1583.0299999997997,
      "trading_pnl": 1583.0299999997997,
      "bonus": 0.0,
      "closed_lots": 10.709999999999958,
      "equity_start": 3424.809999999572,
      "equity_end": 5007.839999999372,
      "win_rate_pct": 79.09604519774011,
      "pnl_pct": 46.22241817794264
    },
    {
      "month": "2026-02",
      "signals": 362,
      "wins": 268,
      "losses": 62,
      "no_fills": 13,
      "open": 0,
      "pnl": 2164.069999999844,
      "trading_pnl": 2164.069999999844,
      "bonus": 0.0,
      "closed_lots": 10.269999999999971,
      "equity_start": 5007.839999999372,
      "equity_end": 7171.909999999216,
      "win_rate_pct": 81.21212121212122,
      "pnl_pct": 43.21364101089723
    },
    {
      "month": "2026-03",
      "signals": 401,
      "wins": 294,
      "losses": 56,
      "no_fills": 17,
      "open": 0,
      "pnl": 2393.0249999999323,
      "trading_pnl": 2393.0249999999323,
      "bonus": 0.0,
      "closed_lots": 11.339999999999947,
      "equity_start": 7171.909999999216,
      "equity_end": 9575.564999999142,
      "win_rate_pct": 84.0,
      "pnl_pct": 33.36663455063148
    },
    {
      "month": "2026-04",
      "signals": 377,
      "wins": 257,
      "losses": 91,
      "no_fills": 18,
      "open": 0,
      "pnl": 684.329999999909,
      "trading_pnl": 684.329999999909,
      "bonus": 0.0,
      "closed_lots": 10.469999999999967,
      "equity_start": 9543.204999999143,
      "equity_end": 10258.014999999048,
      "win_rate_pct": 73.85057471264368,
      "pnl_pct": 7.1708613615653265
    },
    {
      "month": "2026-05",
      "signals": 387,
      "wins": 264,
      "losses": 96,
      "no_fills": 24,
      "open": 0,
      "pnl": 543.6749999999129,
      "trading_pnl": 543.6749999999129,
      "bonus": 0.0,
      "closed_lots": 10.669999999999963,
      "equity_start": 10247.594999999048,