{
  "rank": 10,
  "candidate_id": "1d4ab737d1c577ac",
  "filter_preset": "self_limit",
  "metrics": {
    "candidate_id": "1d4ab737d1c577ac",
    "filter_preset": "self_limit",
    "passes_recommendation_gate": false,
    "passes_dd": false,
    "passes_edge": true,
    "passes_consistency": true,
    "passes_oos": true,
    "score": 5356.933333333615,
    "fixed_no_bonus_profit": 5474.620000000161,
    "fixed_with_bonus_profit": 5939.380000000509,
    "bonus_contribution": 464.76000000034855,
    "concurrent_risk_max_dd_pct": 101.79497407260108,
    "risk_net_profit_with_bonus": -1065.2500000001564,
    "stable_months": 15,
    "total_months": 18,
    "stable_fraction": 0.8333333333333334,
    "worst_month_pnl": -1179.9500000000512,
    "oos_fixed_no_bonus_profit": 3179.0000000005894
  },
  "monthly": [
    {
      "month": "2025-01",
      "signals": 399,
      "wins": 132,
      "losses": 96,
      "no_fills": 171,
      "open": 0,
      "pnl": 301.04999999998927,
      "trading_pnl": 301.04999999998927,
      "bonus": 0.0,
      "closed_lots": 5.809999999999992,
      "equity_start": 1000.0,
      "equity_end": 1301.0499999999893,
      "win_rate_pct": 57.89473684210527,
      "pnl_pct": 30.104999999998928
    },
    {
      "month": "2025-02",
      "signals": 365,
      "wins": 145,
      "losses": 99,
      "no_fills": 121,
      "open": 0,
      "pnl": 120.71999999994159,
      "trading_pnl": 120.71999999994159,
      "bonus": 0.0,
      "closed_lots": 6.57,
      "equity_start": 1301.0499999999893,
      "equity_end": 1421.7699999999309,
      "win_rate_pct": 59.42622950819673,
      "pnl_pct": 9.278659544209876
    },
    {
      "month": "2025-03",
      "signals": 384,
      "wins": 179,
      "losses": 107,
      "no_fills": 98,
      "open": 0,
      "pnl": 502.15000000003283,
      "trading_pnl": 502.15000000003283,
      "bonus": 0.0,
      "closed_lots": 7.860000000000011,
      "equity_start": 1421.7699999999309,
      "equity_end": 1923.9199999999637,
      "win_rate_pct": 62.58741258741259,
      "pnl_pct": 35.31865210266479
    },
    {
      "month": "2025-04",
      "signals": 382,
      "wins": 185,
      "losses": 133,
      "no_fills": 64,
      "open": 0,
      "pnl": 214.5499999999647,
      "trading_pnl": 214.5499999999647,
      "bonus": 0.0,
      "closed_lots": 9.179999999999993,
      "equity_start": 1923.9199999999637,
      "equity_end": 2206.5399999999295,
      "win_rate_pct": 58.17610062893082,
      "pnl_pct": 11.151711089856581
    },
    {
      "month": "2025-05",
      "signals": 388,
      "wins": 195,
      "losses": 127,
      "no_fills": 66,
      "open": 0,
      "pnl": 179.57000000001062,
      "trading_pnl": 179.57000000001062,
      "bonus": 0.0,
      "closed_lots": 9.159999999999988,
      "equity_start": 2138.4699999999284,
      "equity_end": 2318.039999999939,
      "win_rate_pct": 60.55900621118012,
      "pnl_pct": 8.397125047347712
    },
    {
      "month": "2025-06",
      "signals": 372,
      "wins": 164,
      "losses": 128,
      "no_fills": 80,
      "open": 0,
      "pnl": -379.55000000000155,
      "trading_pnl": -379.55000000000155,
      "bonus": 0.0,
      "closed_lots": 8.11000000000001,
      "equity_start": 2318.039999999939,
      "equity_end": 1938.4899999999375,
      "win_rate_pct": 56.16438356164384,
      "pnl_pct": -16.373746786078392
    },
    {
      "month": "2025-07",
      "signals": 421,
      "wins": 146,
      "losses": 141,
      "no_fills": 134,
      "open": 0,
      "pnl": -1179.9500000000512,
      "trading_pnl": -1179.9500000000512,
      "bonus": 0.0,
      "closed_lots": 7.700000000000002,
      "equity_start": 1938.4899999999375,
      "equity_end": 758.5399999998863,
      "win_rate_pct": 50.87108013937283,
      "pnl_pct": -60.86954278846366
    },
    {
      "month": "2025-08",
      "signals": 388,
      "wins": 144,
      "losses": 125,
      "no_fills": 119,
      "open": 0,
      "pnl": 148.8099999999422,
      "trading_pnl": 148.8099999999422,
      "bonus": 0.0,
      "closed_lots": 7.420000000000006,
      "equity_start": 758.5399999998863,
      "equity_end": 907.3499999998285,
      "win_rate_pct": 53.53159851301115,
      "pnl_pct": 19.61795027288798
    },
    {
      "month": "2025-09",
      "signals": 402,
      "wins": 192,
      "losses": 113,
      "no_fills": 97,
      "open": 0,
      "pnl": 639.7399999999079,
      "trading_pnl": 639.7399999999079,
      "bonus": 0.0,
      "closed_lots": 8.460000000000003,
      "equity_start": 907.3499999998285,
      "equity_end": 1565.839999999735,
      "win_rate_pct": 62.95081967213115,
      "pnl_pct": 70.50641979390852
    },
    {
      "month": "2025-10",
      "signals": 424,
      "wins": 215,
      "losses": 141,
      "no_fills": 68,
      "open": 0,
      "pnl": 1178.5599999999,
      "trading_pnl": 1178.5599999999,
      "bonus": 0.0,
      "closed_lots": 10.37999999999997,
      "equity_start": 1547.0899999997364,
      "equity_end": 2725.6499999996363,
      "win_rate_pct": 60.39325842696629,
      "pnl_pct": 76.17914924148567
    },
    {
      "month": "2025-11",
      "signals": 366,
      "wins": 186,
      "losses": 130,
      "no_fills": 50,
      "open": 0,
      "pnl": 0.6599999999612018,
      "trading_pnl": 0.6599999999612018,
      "bonus": 0.0,
      "closed_lots": 9.079999999999995,
      "equity_start": 2725.6499999996363,
      "equity_end": 2726.3099999995975,
      "win_rate_pct": 58.86075949367089,
      "pnl_pct": 0.024214407571085426
    },
    {
      "month": "2025-12",
      "signals": 402,
      "wins": 207,
      "losses": 135,
      "no_fills": 60,
      "open": 0,
      "pnl": 569.309999999974,
      "trading_pnl": 569.309999999974,
      "bonus": 0.0,
      "closed_lots": 9.939999999999973,
      "equity_start": 2726.3099999995975,
      "equity_end": 3295.6199999995715,
      "win_rate_pct": 60.526315789473685,
      "pnl_pct": 20.88207137119616
    },
    {
      "month": "2026-01",
      "signals": 397,
      "wins": 209,
      "losses": 135,
      "no_fills": 53,
      "open": 0,
      "pnl": 1147.379999999992,
      "trading_pnl": 1147.379999999992,
      "bonus": 0.0,
      "closed_lots": 9.999999999999975,
      "equity_start": 3295.6199999995715,
      "equity_end": 4442.999999999563,
      "win_rate_pct": 60.75581395348837,
      "pnl_pct": 34.81530030768539
    },
    {
      "month": "2026-02",
      "signals": 362,
      "wins": 199,
      "losses": 137,
      "no_fills": 26,
      "open": 0,
      "pnl": 1277.9900000001062,
      "trading_pnl": 1277.9900000001062,
      "bonus": 0.0,
      "closed_lots": 9.959999999999978,
      "equity_start": 4442.999999999563,
      "equity_end": 5720.98999999967,
      "win_rate_pct": 59.226190476190474,
      "pnl_pct": 28.76412334009074
    },
    {
      "month": "2026-03",
      "signals": 401,
      "wins": 199,
      "losses": 167,
      "no_fills": 35,
      "open": 0,
      "pnl": 308.5500000001557,
      "trading_pnl": 308.5500000001557,
      "bonus": 0.0,
      "closed_lots": 10.80999999999996,
      "equity_start": 5720.98999999967,
      "equity_end": 6121.049999999827,
      "win_rate_pct": 54.37158469945356,
      "pnl_pct": 5.393297313929469
    },
    {
      "month": "2026-04",
      "signals": 377,
      "wins": 184,
      "losses": 154,
      "no_fills": 39,
      "open": 0,
      "pnl": -439.049999999851,
      "trading_pnl": -439.049999999851,
      "bonus": 0.0,
      "closed_lots": 10.039999999999978,
      "equity_start": 6022.049999999826,
      "equity_end": 5590.489999999974,
      "win_rate_pct": 54.437869822485204,
      "pnl_pct": -7.290706653047778
    },
    {
      "month": "2026-05",
      "signals": 387,
      "wins": 215,
      "losses": 130,
      "no_fills": 42,
      "open": 0,
      "pnl": 708.4700000001367,
      "trading_pnl": 708.4700000001367,
      "bonus": 0.0,
      "closed_lots": 9.979999999999976,
      "equity_start": 5590.489999999974,