{
  "rank": 1,
  "candidate_id": "c436ad8d6ac43780",
  "filter_preset": "self_limit",
  "metrics": {
    "bonus_contribution": 905.6399999999703,
    "candidate_id": "c436ad8d6ac43780",
    "concurrent_risk_max_dd_pct": 85.39612497719831,
    "filter_preset": "self_limit",
    "fixed_no_bonus_profit": 18193.62999999804,
    "fixed_with_bonus_profit": 19099.26999999801,
    "oos_fixed_no_bonus_profit": 4230.539999999221,
    "passes_consistency": true,
    "passes_dd": false,
    "passes_edge": true,
    "passes_oos": true,
    "passes_recommendation_gate": false,
    "risk_net_profit_with_bonus": 3507817.60999912,
    "score": 17229.75055555362,
    "stable_fraction": 0.8888888888888888,
    "stable_months": 16,
    "total_months": 18,
    "worst_month_pnl": -1017.1900000001906
  },
  "monthly": [
    {
      "month": "2025-01",
      "signals": 399,
      "wins": 222,
      "losses": 98,
      "no_fills": 79,
      "open": 0,
      "pnl": 1238.4199999999764,
      "trading_pnl": 1238.4199999999764,
      "bonus": 0.0,
      "closed_lots": 11.809999999999958,
      "equity_start": 1000.0,
      "equity_end": 2238.4199999999764,
      "win_rate_pct": 69.375,
      "pnl_pct": 123.84199999999763
    },
    {
      "month": "2025-02",
      "signals": 365,
      "wins": 217,
      "losses": 96,
      "no_fills": 51,
      "open": 0,
      "pnl": 1223.9299999999394,
      "trading_pnl": 1223.9299999999394,
      "bonus": 0.0,
      "closed_lots": 13.079999999999979,
      "equity_start": 2238.4199999999764,
      "equity_end": 3462.349999999916,
      "win_rate_pct": 69.32907348242811,
      "pnl_pct": 54.678299872229175
    },
    {
      "month": "2025-03",
      "signals": 384,
      "wins": 198,
      "losses": 121,
      "no_fills": 65,
      "open": 0,
      "pnl": 430.90999999996757,
      "trading_pnl": 430.90999999996757,
      "bonus": 0.0,
      "closed_lots": 14.660000000000007,
      "equity_start": 3462.349999999916,
      "equity_end": 3893.2599999998833,
      "win_rate_pct": 62.06896551724138,
      "pnl_pct": 12.445593310900922
    },
    {
      "month": "2025-04",
      "signals": 382,
      "wins": 209,
      "losses": 133,
      "no_fills": 40,
      "open": 0,
      "pnl": 833.7899999998849,
      "trading_pnl": 833.7899999998849,
      "bonus": 0.0,
      "closed_lots": 17.87999999999998,
      "equity_start": 3893.2599999998833,
      "equity_end": 4727.049999999768,
      "win_rate_pct": 61.111111111111114,
      "pnl_pct": 21.416242429221523
    },
    {
      "month": "2025-05",
      "signals": 388,
      "wins": 221,
      "losses": 129,
      "no_fills": 38,
      "open": 0,
      "pnl": 1330.9699999999084,
      "trading_pnl": 1330.9699999999084,
      "bonus": 0.0,
      "closed_lots": 17.550000000000004,
      "equity_start": 4727.049999999768,
      "equity_end": 6058.019999999675,
      "win_rate_pct": 63.142857142857146,
      "pnl_pct": 28.15646121788375
    },
    {
      "month": "2025-06",
      "signals": 372,
      "wins": 210,
      "losses": 114,
      "no_fills": 48,
      "open": 0,
      "pnl": 424.9199999999323,
      "trading_pnl": 424.9199999999323,
      "bonus": 0.0,
      "closed_lots": 15.670000000000012,
      "equity_start": 6058.019999999675,
      "equity_end": 6482.939999999606,
      "win_rate_pct": 64.81481481481481,
      "pnl_pct": 7.014172947595999
    },
    {
      "month": "2025-07",
      "signals": 421,
      "wins": 247,
      "losses": 118,
      "no_fills": 56,
      "open": 0,
      "pnl": 733.0399999999481,
      "trading_pnl": 733.0399999999481,
      "bonus": 0.0,
      "closed_lots": 15.369999999999994,
      "equity_start": 6482.939999999606,
      "equity_end": 7215.979999999557,
      "win_rate_pct": 67.67123287671232,
      "pnl_pct": 11.307215553437063
    },
    {
      "month": "2025-08",
      "signals": 388,
      "wins": 220,
      "losses": 119,
      "no_fills": 49,
      "open": 0,
      "pnl": 581.4399999998973,
      "trading_pnl": 581.4399999998973,
      "bonus": 0.0,
      "closed_lots": 14.549999999999983,
      "equity_start": 7215.979999999557,
      "equity_end": 7797.419999999458,
      "win_rate_pct": 64.89675516224189,
      "pnl_pct": 8.057672000198629
    },
    {
      "month": "2025-09",
      "signals": 402,
      "wins": 234,
      "losses": 114,
      "no_fills": 54,
      "open": 0,
      "pnl": 1941.8199999999156,
      "trading_pnl": 1941.8199999999156,
      "bonus": 0.0,
      "closed_lots": 16.669999999999998,
      "equity_start": 7797.419999999458,
      "equity_end": 9739.239999999376,
      "win_rate_pct": 67.24137931034483,
      "pnl_pct": 24.903365472169646
    },
    {
      "month": "2025-10",
      "signals": 424,
      "wins": 251,
      "losses": 136,
      "no_fills": 37,
      "open": 0,
      "pnl": 2497.1499999998673,
      "trading_pnl": 2497.1499999998673,
      "bonus": 0.0,
      "closed_lots": 20.499999999999957,
      "equity_start": 9739.239999999376,
      "equity_end": 12236.389999999237,
      "win_rate_pct": 64.85788113695091,
      "pnl_pct": 25.640091013262094
    },
    {
      "month": "2025-11",
      "signals": 366,
      "wins": 214,
      "losses": 127,
      "no_fills": 25,
      "open": 0,
      "pnl": 1060.3499999999003,
      "trading_pnl": 1060.3499999999003,
      "bonus": 0.0,
      "closed_lots": 17.85,
      "equity_start": 12236.389999999237,
      "equity_end": 13296.739999999147,
      "win_rate_pct": 62.75659824046921,
      "pnl_pct": 8.665545965762504
    },
    {
      "month": "2025-12",
      "signals": 402,
      "wins": 231,
      "losses": 138,
      "no_fills": 33,
      "open": 0,
      "pnl": 1666.3499999998912,
      "trading_pnl": 1666.3499999998912,
      "bonus": 0.0,
      "closed_lots": 18.87999999999997,
      "equity_start": 13296.739999999147,
      "equity_end": 14963.089999999036,
      "win_rate_pct": 62.601626016260155,
      "pnl_pct": 12.532019126492644
    },
    {
      "month": "2026-01",
      "signals": 397,
      "wins": 224,
      "losses": 140,
      "no_fills": 33,
      "open": 0,
      "pnl": 1648.8399999998765,
      "trading_pnl": 1648.8399999998765,
      "bonus": 0.0,
      "closed_lots": 19.579999999999963,
      "equity_start": 14963.089999999036,
      "equity_end": 16611.92999999891,
      "win_rate_pct": 61.53846153846154,
      "pnl_pct": 11.019381691883044
    },
    {
      "month": "2026-02",
      "signals": 362,
      "wins": 195,
      "losses": 146,
      "no_fills": 21,
      "open": 0,
      "pnl": 663.7399999998515,
      "trading_pnl": 663.7399999998515,
      "bonus": 0.0,
      "closed_lots": 19.31999999999997,
      "equity_start": 16611.92999999891,
      "equity_end": 17275.669999998652,
      "win_rate_pct": 57.18475073313783,
      "pnl_pct": 3.9955622254602274
    },
    {
      "month": "2026-03",
      "signals": 401,
      "wins": 195,
      "losses": 181,
      "no_fills": 25,
      "open": 0,
      "pnl": -1017.1900000001906,
      "trading_pnl": -1017.1900000001906,
      "bonus": 0.0,
      "closed_lots": 20.959999999999937,
      "equity_start": 17275.669999998652,
      "equity_end": 16258.479999998433,
      "win_rate_pct": 51.86170212765957,
      "pnl_pct": -5.88799160901007
    },
    {
      "month": "2026-04",
      "signals": 377,
      "wins": 200,
      "losses": 159,
      "no_fills": 18,
      "open": 0,
      "pnl": -167.55000000014843,
      "trading_pnl": -167.55000000014843,
      "bonus": 0.0,
      "closed_lots": 19.56999999999997,
      "equity_start": 16258.479999998433,
      "equity_end": 16090.929999998249,
      "win_rate_pct": 55.71030640668524,
      "pnl_pct": -1.0305391401912392
    },
    {
      "month": "2026-05",
      "signals": 387,
      "wins": 221,
      "losses": 133,
      "no_fills": 33,
      "open": 0,
      "pnl": 2448.7799999998797,
      "trading_pnl": 2448.7799999998797,
      "bonus": 0.0,
      "closed_lots": 19.389999999999965,
      "equity_start": 16090.929999998249,