{
  "rank": 8,
  "candidate_id": "c1613545ffd859dd",
  "filter_preset": "self_limit",
  "metrics": {
    "bonus_contribution": 582.5700000001889,
    "candidate_id": "c1613545ffd859dd",
    "concurrent_risk_max_dd_pct": 80.78987475978101,
    "filter_preset": "self_limit",
    "fixed_no_bonus_profit": 7612.135000000619,
    "fixed_with_bonus_profit": 8194.705000000808,
    "oos_fixed_no_bonus_profit": 7075.845000000362,
    "passes_consistency": true,
    "passes_dd": false,
    "passes_edge": true,
    "passes_oos": true,
    "passes_recommendation_gate": false,
    "risk_net_profit_with_bonus": 36596749.34001703,
    "score": 6843.717916667169,
    "stable_fraction": 0.6666666666666666,
    "stable_months": 12,
    "total_months": 18,
    "worst_month_pnl": -304.3799999998673
  },
  "monthly": [
    {
      "month": "2025-01",
      "signals": 399,
      "wins": 104,
      "losses": 96,
      "no_fills": 199,
      "open": 0,
      "pnl": 93.70000000001801,
      "trading_pnl": 93.70000000001801,
      "bonus": 0.0,
      "closed_lots": 6.590000000000002,
      "equity_start": 1000.0,
      "equity_end": 1093.700000000018,
      "win_rate_pct": 52.0,
      "pnl_pct": 9.3700000000018
    },
    {
      "month": "2025-02",
      "signals": 365,
      "wins": 115,
      "losses": 104,
      "no_fills": 144,
      "open": 0,
      "pnl": -84.49500000003536,
      "trading_pnl": -84.49500000003536,
      "bonus": 0.0,
      "closed_lots": 7.700000000000003,
      "equity_start": 1093.700000000018,
      "equity_end": 1009.2049999999826,
      "win_rate_pct": 52.51141552511416,
      "pnl_pct": -7.725610313617443
    },
    {
      "month": "2025-03",
      "signals": 384,
      "wins": 132,
      "losses": 123,
      "no_fills": 129,
      "open": 0,
      "pnl": -194.11499999989928,
      "trading_pnl": -194.11499999989928,
      "bonus": 0.0,
      "closed_lots": 9.139999999999977,
      "equity_start": 1009.2049999999826,
      "equity_end": 815.0900000000834,
      "win_rate_pct": 51.76470588235295,
      "pnl_pct": -19.23444691612731
    },
    {
      "month": "2025-04",
      "signals": 382,
      "wins": 157,
      "losses": 153,
      "no_fills": 72,
      "open": 0,
      "pnl": 271.0700000000943,
      "trading_pnl": 271.0700000000943,
      "bonus": 0.0,
      "closed_lots": 11.759999999999925,
      "equity_start": 815.0900000000834,
      "equity_end": 1086.1600000001777,
      "win_rate_pct": 50.645161290322584,
      "pnl_pct": 33.25645020796066
    },
    {
      "month": "2025-05",
      "signals": 388,
      "wins": 154,
      "losses": 151,
      "no_fills": 83,
      "open": 0,
      "pnl": -304.3799999998673,
      "trading_pnl": -304.3799999998673,
      "bonus": 0.0,
      "closed_lots": 11.379999999999932,
      "equity_start": 1086.1600000001777,
      "equity_end": 781.7800000003103,
      "win_rate_pct": 50.49180327868853,
      "pnl_pct": -28.02349561757177
    },
    {
      "month": "2025-06",
      "signals": 372,
      "wins": 134,
      "losses": 135,
      "no_fills": 103,
      "open": 0,
      "pnl": -131.89499999993086,
      "trading_pnl": -131.89499999993086,
      "bonus": 0.0,
      "closed_lots": 9.989999999999963,
      "equity_start": 781.7800000003103,
      "equity_end": 649.8850000003795,
      "win_rate_pct": 49.814126394052046,
      "pnl_pct": -16.871114635815513
    },
    {
      "month": "2025-07",
      "signals": 421,
      "wins": 139,
      "losses": 126,
      "no_fills": 156,
      "open": 0,
      "pnl": -50.779999999983374,
      "trading_pnl": -50.779999999983374,
      "bonus": 0.0,
      "closed_lots": 9.119999999999974,
      "equity_start": 649.8850000003795,
      "equity_end": 599.1050000003961,
      "win_rate_pct": 52.45283018867924,
      "pnl_pct": -7.813690114397735
    },
    {
      "month": "2025-08",
      "signals": 388,
      "wins": 126,
      "losses": 117,
      "no_fills": 145,
      "open": 0,
      "pnl": 120.31499999996595,
      "trading_pnl": 120.31499999996595,
      "bonus": 0.0,
      "closed_lots": 8.64999999999999,
      "equity_start": 599.1050000003961,
      "equity_end": 719.420000000362,
      "win_rate_pct": 51.85185185185185,
      "pnl_pct": 20.082456330674322
    },
    {
      "month": "2025-09",
      "signals": 402,
      "wins": 166,
      "losses": 130,
      "no_fills": 106,
      "open": 0,
      "pnl": 286.4449999999606,
      "trading_pnl": 286.4449999999606,
      "bonus": 0.0,
      "closed_lots": 10.589999999999947,
      "equity_start": 719.420000000362,
      "equity_end": 1005.8650000003227,
      "win_rate_pct": 56.08108108108109,
      "pnl_pct": 39.81610185980602
    },
    {
      "month": "2025-10",
      "signals": 424,
      "wins": 190,
      "losses": 166,
      "no_fills": 68,
      "open": 0,
      "pnl": 556.1049999999827,
      "trading_pnl": 556.1049999999827,
      "bonus": 0.0,
      "closed_lots": 13.539999999999885,
      "equity_start": 1005.8650000003227,
      "equity_end": 1561.9700000003054,
      "win_rate_pct": 53.37078651685393,
      "pnl_pct": 55.28624616621558
    },
    {
      "month": "2025-11",
      "signals": 366,
      "wins": 155,
      "losses": 153,
      "no_fills": 58,
      "open": 0,
      "pnl": 133.31999999999925,
      "trading_pnl": 133.31999999999925,
      "bonus": 0.0,
      "closed_lots": 11.759999999999925,
      "equity_start": 1561.9700000003054,
      "equity_end": 1695.2900000003046,
      "win_rate_pct": 50.324675324675326,
      "pnl_pct": 8.535375199265875
    },
    {
      "month": "2025-12",
      "signals": 402,
      "wins": 169,
      "losses": 157,
      "no_fills": 76,
      "open": 0,
      "pnl": -159.0000000000491,
      "trading_pnl": -159.0000000000491,
      "bonus": 0.0,
      "closed_lots": 12.169999999999915,
      "equity_start": 1695.2900000003046,
      "equity_end": 1536.2900000002555,
      "win_rate_pct": 51.84049079754601,
      "pnl_pct": -9.378926319391995
    },
    {
      "month": "2026-01",
      "signals": 397,
      "wins": 182,
      "losses": 157,
      "no_fills": 58,
      "open": 0,
      "pnl": 1912.424999999952,
      "trading_pnl": 1912.424999999952,
      "bonus": 0.0,
      "closed_lots": 12.959999999999898,
      "equity_start": 1536.2900000002555,
      "equity_end": 3448.7150000002075,
      "win_rate_pct": 53.687315634218294,
      "pnl_pct": 124.48333322482303
    },
    {
      "month": "2026-02",
      "signals": 362,
      "wins": 167,
      "losses": 161,
      "no_fills": 34,
      "open": 0,
      "pnl": 1994.4800000000569,
      "trading_pnl": 1994.4800000000569,
      "bonus": 0.0,
      "closed_lots": 12.9199999999999,
      "equity_start": 3448.7150000002075,
      "equity_end": 5443.195000000264,
      "win_rate_pct": 50.91463414634146,
      "pnl_pct": 57.83255502411585
    },
    {
      "month": "2026-03",
      "signals": 401,
      "wins": 198,
      "losses": 168,
      "no_fills": 35,
      "open": 0,
      "pnl": 2224.6850000001004,
      "trading_pnl": 2224.6850000001004,
      "bonus": 0.0,
      "closed_lots": 14.229999999999873,
      "equity_start": 5443.195000000264,
      "equity_end": 7667.880000000365,
      "win_rate_pct": 54.09836065573771,
      "pnl_pct": 40.87094068832721
    },
    {
      "month": "2026-04",
      "signals": 377,
      "wins": 163,
      "losses": 171,
      "no_fills": 43,
      "open": 0,
      "pnl": 458.465000000112,
      "trading_pnl": 458.465000000112,
      "bonus": 0.0,
      "closed_lots": 12.9399999999999,
      "equity_start": 7667.880000000365,
      "equity_end": 8126.345000000476,
      "win_rate_pct": 48.80239520958084,
      "pnl_pct": 5.979032014065037
    },
    {
      "month": "2026-05",
      "signals": 387,
      "wins": 174,
      "losses": 166,
      "no_fills": 47,
      "open": 0,
      "pnl": 255.3800000000938,
      "trading_pnl": 255.3800000000938,
      "bonus": 0.0,
      "closed_lots": 13.069999999999897,
      "equity_start": 8126.345000000476,