{
  "rank": 5,
  "candidate_id": "0e86921b1c5e32b7",
  "filter_preset": "self_limit",
  "metrics": {
    "candidate_id": "0e86921b1c5e32b7",
    "filter_preset": "self_limit",
    "passes_recommendation_gate": false,
    "passes_dd": false,
    "passes_edge": true,
    "passes_consistency": true,
    "passes_oos": true,
    "score": 10308.114722222246,
    "fixed_no_bonus_profit": 11267.065000000039,
    "fixed_with_bonus_profit": 11787.714999999393,
    "bonus_contribution": 520.6499999993539,
    "concurrent_risk_max_dd_pct": 92.11139109190162,
    "risk_net_profit_with_bonus": 362246589066141.7,
    "stable_months": 13,
    "total_months": 18,
    "stable_fraction": 0.7222222222222222,
    "worst_month_pnl": -323.09999999991805,
    "oos_fixed_no_bonus_profit": 8683.159999999989
  },
  "monthly": [
    {
      "month": "2025-01",
      "signals": 399,
      "wins": 185,
      "losses": 110,
      "no_fills": 104,
      "open": 0,
      "pnl": 343.6750000000179,
      "trading_pnl": 343.6750000000179,
      "bonus": 0.0,
      "closed_lots": 7.930000000000009,
      "equity_start": 1000.0,
      "equity_end": 1343.675000000018,
      "win_rate_pct": 62.71186440677966,
      "pnl_pct": 34.3675000000018
    },
    {
      "month": "2025-02",
      "signals": 365,
      "wins": 196,
      "losses": 103,
      "no_fills": 63,
      "open": 0,
      "pnl": 322.7249999999599,
      "trading_pnl": 322.7249999999599,
      "bonus": 0.0,
      "closed_lots": 8.160000000000005,
      "equity_start": 1343.675000000018,
      "equity_end": 1666.3999999999778,
      "win_rate_pct": 65.55183946488295,
      "pnl_pct": 24.018084730307223
    },
    {
      "month": "2025-03",
      "signals": 384,
      "wins": 176,
      "losses": 149,
      "no_fills": 58,
      "open": 0,
      "pnl": -323.09999999991805,
      "trading_pnl": -323.09999999991805,
      "bonus": 0.0,
      "closed_lots": 9.21999999999999,
      "equity_start": 1666.3999999999778,
      "equity_end": 1352.3000000000588,
      "win_rate_pct": 54.15384615384615,
      "pnl_pct": -19.38910225635636
    },
    {
      "month": "2025-04",
      "signals": 382,
      "wins": 214,
      "losses": 132,
      "no_fills": 36,
      "open": 0,
      "pnl": 114.81500000004917,
      "trading_pnl": 114.81500000004917,
      "bonus": 0.0,
      "closed_lots": 10.079999999999972,
      "equity_start": 1343.3000000000598,
      "equity_end": 1459.5450000001092,
      "win_rate_pct": 61.849710982658955,
      "pnl_pct": 8.54723442269367
    },
    {
      "month": "2025-05",
      "signals": 388,
      "wins": 218,
      "losses": 133,
      "no_fills": 35,
      "open": 0,
      "pnl": -118.17499999989059,
      "trading_pnl": -118.17499999989059,
      "bonus": 0.0,
      "closed_lots": 10.16999999999997,
      "equity_start": 1458.115000000109,
      "equity_end": 1339.9400000002183,
      "win_rate_pct": 62.10826210826211,
      "pnl_pct": -8.104641952101293
    },
    {
      "month": "2025-06",
      "signals": 372,
      "wins": 196,
      "losses": 129,
      "no_fills": 47,
      "open": 0,
      "pnl": -239.8499999999567,
      "trading_pnl": -239.8499999999567,
      "bonus": 0.0,
      "closed_lots": 9.22999999999999,
      "equity_start": 1339.9400000002183,
      "equity_end": 1100.0900000002616,
      "win_rate_pct": 60.30769230769231,
      "pnl_pct": -17.900055226347273
    },
    {
      "month": "2025-07",
      "signals": 421,
      "wins": 221,
      "losses": 133,
      "no_fills": 66,
      "open": 0,
      "pnl": -20.669999999974607,
      "trading_pnl": -20.669999999974607,
      "bonus": 0.0,
      "closed_lots": 9.629999999999972,
      "equity_start": 1100.0900000002616,
      "equity_end": 1094.1000000002864,
      "win_rate_pct": 62.42937853107344,
      "pnl_pct": -1.8789371778645103
    },
    {
      "month": "2025-08",
      "signals": 388,
      "wins": 188,
      "losses": 140,
      "no_fills": 60,
      "open": 0,
      "pnl": -109.9650000000338,
      "trading_pnl": -109.9650000000338,
      "bonus": 0.0,
      "closed_lots": 9.029999999999989,
      "equity_start": 1073.6300000002866,
      "equity_end": 969.4550000002532,
      "win_rate_pct": 57.3170731707317,
      "pnl_pct": -10.24235537382566
    },
    {
      "month": "2025-09",
      "signals": 402,
      "wins": 222,
      "losses": 129,
      "no_fills": 50,
      "open": 0,
      "pnl": 97.31999999995924,
      "trading_pnl": 97.31999999995924,
      "bonus": 0.0,
      "closed_lots": 9.949999999999969,
      "equity_start": 969.4550000002532,
      "equity_end": 1093.085000000212,
      "win_rate_pct": 63.24786324786324,
      "pnl_pct": 10.038629951873352
    },
    {
      "month": "2025-10",
      "signals": 424,
      "wins": 273,
      "losses": 113,
      "no_fills": 35,
      "open": 0,
      "pnl": 1749.9499999999157,
      "trading_pnl": 1749.9499999999157,
      "bonus": 0.0,
      "closed_lots": 11.269999999999946,
      "equity_start": 1066.7750000002125,
      "equity_end": 2816.725000000128,
      "win_rate_pct": 70.72538860103627,
      "pnl_pct": 164.04115207045226
    },
    {
      "month": "2025-11",
      "signals": 366,
      "wins": 223,
      "losses": 118,
      "no_fills": 25,
      "open": 0,
      "pnl": 498.14999999994143,
      "trading_pnl": 498.14999999994143,
      "bonus": 0.0,
      "closed_lots": 9.839999999999979,
      "equity_start": 2816.725000000128,
      "equity_end": 3314.8750000000696,
      "win_rate_pct": 65.39589442815249,
      "pnl_pct": 17.68543255021057
    },
    {
      "month": "2025-12",
      "signals": 402,
      "wins": 240,
      "losses": 134,
      "no_fills": 28,
      "open": 0,
      "pnl": 269.02999999996064,
      "trading_pnl": 269.02999999996064,
      "bonus": 0.0,
      "closed_lots": 10.759999999999955,
      "equity_start": 3314.8750000000696,
      "equity_end": 3583.90500000003,
      "win_rate_pct": 64.1711229946524,
      "pnl_pct": 8.115841472150684
    },
    {
      "month": "2026-01",
      "signals": 397,
      "wins": 266,
      "losses": 95,
      "no_fills": 30,
      "open": 0,
      "pnl": 1681.4099999998953,
      "trading_pnl": 1681.4099999998953,
      "bonus": 0.0,
      "closed_lots": 10.709999999999958,
      "equity_start": 3583.90500000003,
      "equity_end": 5265.314999999925,
      "win_rate_pct": 73.68421052631578,
      "pnl_pct": 46.915585095025705
    },
    {
      "month": "2026-02",
      "signals": 362,
      "wins": 254,
      "losses": 81,
      "no_fills": 13,
      "open": 0,
      "pnl": 2523.119999999937,
      "trading_pnl": 2523.119999999937,
      "bonus": 0.0,
      "closed_lots": 10.269999999999971,
      "equity_start": 5265.314999999925,
      "equity_end": 7788.434999999862,
      "win_rate_pct": 75.82089552238806,
      "pnl_pct": 47.91964013548996
    },
    {
      "month": "2026-03",
      "signals": 401,
      "wins": 299,
      "losses": 73,
      "no_fills": 17,
      "open": 0,
      "pnl": 2824.5049999999983,
      "trading_pnl": 2824.5049999999983,
      "bonus": 0.0,
      "closed_lots": 11.339999999999947,
      "equity_start": 7788.434999999862,
      "equity_end": 10679.429999999878,
      "win_rate_pct": 80.3763440860215,
      "pnl_pct": 36.2653729536171
    },
    {
      "month": "2026-04",
      "signals": 377,
      "wins": 234,
      "losses": 121,
      "no_fills": 18,
      "open": 0,
      "pnl": 714.7700000000259,
      "trading_pnl": 714.7700000000259,
      "bonus": 0.0,
      "closed_lots": 10.469999999999967,
      "equity_start": 10573.169999999875,
      "equity_end": 11335.149999999949,
      "win_rate_pct": 65.91549295774648,
      "pnl_pct": 6.760224227928184
    },
    {
      "month": "2026-05",
      "signals": 387,
      "wins": 233,
      "losses": 129,
      "no_fills": 24,
      "open": 0,
      "pnl": 490.5300000000352,
      "trading_pnl": 490.5300000000352,
      "bonus": 0.0,
      "closed_lots": 10.669999999999963,