{
  "rank": 3,
  "candidate_id": "bb3451562613809b",
  "filter_preset": "self_limit",
  "metrics": {
    "candidate_id": "bb3451562613809b",
    "filter_preset": "self_limit",
    "passes_recommendation_gate": false,
    "passes_dd": false,
    "passes_edge": true,
    "passes_consistency": true,
    "passes_oos": true,
    "score": 11764.960000000152,
    "fixed_no_bonus_profit": 13019.40000000002,
    "fixed_with_bonus_profit": 13712.070000000533,
    "bonus_contribution": 692.670000000513,
    "concurrent_risk_max_dd_pct": 89.75280275411191,
    "risk_net_profit_with_bonus": 73852679571.53394,
    "stable_months": 13,
    "total_months": 18,
    "stable_fraction": 0.7222222222222222,
    "worst_month_pnl": -441.49999999995816,
    "oos_fixed_no_bonus_profit": 9448.240000000547
  },
  "monthly": [
    {
      "month": "2025-01",
      "signals": 399,
      "wins": 168,
      "losses": 128,
      "no_fills": 103,
      "open": 0,
      "pnl": 413.1299999999833,
      "trading_pnl": 413.1299999999833,
      "bonus": 0.0,
      "closed_lots": 10.599999999999946,
      "equity_start": 1000.0,
      "equity_end": 1413.1299999999833,
      "win_rate_pct": 56.75675675675676,
      "pnl_pct": 41.312999999998326
    },
    {
      "month": "2025-02",
      "signals": 365,
      "wins": 177,
      "losses": 121,
      "no_fills": 64,
      "open": 0,
      "pnl": 59.6999999999025,
      "trading_pnl": 59.6999999999025,
      "bonus": 0.0,
      "closed_lots": 10.88999999999994,
      "equity_start": 1413.1299999999833,
      "equity_end": 1472.8299999998858,
      "win_rate_pct": 59.395973154362416,
      "pnl_pct": 4.224664397465428
    },
    {
      "month": "2025-03",
      "signals": 384,
      "wins": 173,
      "losses": 151,
      "no_fills": 59,
      "open": 0,
      "pnl": -441.49999999995816,
      "trading_pnl": -441.49999999995816,
      "bonus": 0.0,
      "closed_lots": 12.259999999999911,
      "equity_start": 1472.8299999998858,
      "equity_end": 1085.0799999999263,
      "win_rate_pct": 53.39506172839506,
      "pnl_pct": -29.976304121995913
    },
    {
      "month": "2025-04",
      "signals": 382,
      "wins": 205,
      "losses": 140,
      "no_fills": 36,
      "open": 0,
      "pnl": 1089.2099999999546,
      "trading_pnl": 1089.2099999999546,
      "bonus": 0.0,
      "closed_lots": 13.429999999999888,
      "equity_start": 1031.3299999999276,
      "equity_end": 2164.8799999998814,
      "win_rate_pct": 59.42028985507246,
      "pnl_pct": 105.61217069221598
    },
    {
      "month": "2025-05",
      "signals": 388,
      "wins": 201,
      "losses": 149,
      "no_fills": 36,
      "open": 0,
      "pnl": -145.25999999996384,
      "trading_pnl": -145.25999999996384,
      "bonus": 0.0,
      "closed_lots": 13.539999999999887,
      "equity_start": 2120.539999999882,
      "equity_end": 1975.2799999999183,
      "win_rate_pct": 57.42857142857143,
      "pnl_pct": -6.850141944974955
    },
    {
      "month": "2025-06",
      "signals": 372,
      "wins": 180,
      "losses": 145,
      "no_fills": 47,
      "open": 0,
      "pnl": -11.900000000023283,
      "trading_pnl": -11.900000000023283,
      "bonus": 0.0,
      "closed_lots": 12.289999999999912,
      "equity_start": 1975.2799999999183,
      "equity_end": 1963.379999999895,
      "win_rate_pct": 55.38461538461539,
      "pnl_pct": -0.6024462354716179
    },
    {
      "month": "2025-07",
      "signals": 421,
      "wins": 200,
      "losses": 154,
      "no_fills": 66,
      "open": 0,
      "pnl": -182.7600000000357,
      "trading_pnl": -182.7600000000357,
      "bonus": 0.0,
      "closed_lots": 12.7499999999999,
      "equity_start": 1963.379999999895,
      "equity_end": 1830.9399999998586,
      "win_rate_pct": 56.49717514124294,
      "pnl_pct": -9.308437490452457
    },
    {
      "month": "2025-08",
      "signals": 388,
      "wins": 182,
      "losses": 145,
      "no_fills": 61,
      "open": 0,
      "pnl": -192.3800000001229,
      "trading_pnl": -192.3800000001229,
      "bonus": 0.0,
      "closed_lots": 12.039999999999917,
      "equity_start": 1776.6999999998593,
      "equity_end": 1588.2399999997365,
      "win_rate_pct": 55.65749235474006,
      "pnl_pct": -10.827939438292235
    },
    {
      "month": "2025-09",
      "signals": 402,
      "wins": 211,
      "losses": 138,
      "no_fills": 51,
      "open": 0,
      "pnl": 21.299999999867396,
      "trading_pnl": 21.299999999867396,
      "bonus": 0.0,
      "closed_lots": 13.24999999999989,
      "equity_start": 1588.2399999997365,
      "equity_end": 1630.039999999602,
      "win_rate_pct": 60.458452722063036,
      "pnl_pct": 1.3411071374522068
    },
    {
      "month": "2025-10",
      "signals": 424,
      "wins": 248,
      "losses": 134,
      "no_fills": 37,
      "open": 0,
      "pnl": 2073.6899999998614,
      "trading_pnl": 2073.6899999998614,
      "bonus": 0.0,
      "closed_lots": 14.989999999999855,
      "equity_start": 1609.5399999996039,
      "equity_end": 3683.2299999994652,
      "win_rate_pct": 64.92146596858639,
      "pnl_pct": 128.83743181283918
    },
    {
      "month": "2025-11",
      "signals": 366,
      "wins": 210,
      "losses": 130,
      "no_fills": 26,
      "open": 0,
      "pnl": 716.7599999999479,
      "trading_pnl": 716.7599999999479,
      "bonus": 0.0,
      "closed_lots": 13.079999999999895,
      "equity_start": 3683.2299999994652,
      "equity_end": 4399.989999999413,
      "win_rate_pct": 61.76470588235294,
      "pnl_pct": 19.460093450586903
    },
    {
      "month": "2025-12",
      "signals": 402,
      "wins": 217,
      "losses": 156,
      "no_fills": 28,
      "open": 0,
      "pnl": 171.17000000006283,
      "trading_pnl": 171.17000000006283,
      "bonus": 0.0,
      "closed_lots": 14.34999999999987,
      "equity_start": 4399.989999999413,
      "equity_end": 4571.159999999476,
      "win_rate_pct": 58.17694369973191,
      "pnl_pct": 3.8902361141749338
    },
    {
      "month": "2026-01",
      "signals": 397,
      "wins": 231,
      "losses": 122,
      "no_fills": 33,
      "open": 0,
      "pnl": 2007.33,
      "trading_pnl": 2007.33,
      "bonus": 0.0,
      "closed_lots": 14.209999999999873,
      "equity_start": 4571.159999999476,
      "equity_end": 6578.489999999476,
      "win_rate_pct": 65.43909348441926,
      "pnl_pct": 43.912923634268545
    },
    {
      "month": "2026-02",
      "signals": 362,
      "wins": 222,
      "losses": 113,
      "no_fills": 16,
      "open": 0,
      "pnl": 2244.9800000000578,
      "trading_pnl": 2244.9800000000578,
      "bonus": 0.0,
      "closed_lots": 13.639999999999885,
      "equity_start": 6578.489999999476,
      "equity_end": 8823.469999999534,
      "win_rate_pct": 66.26865671641791,
      "pnl_pct": 34.12606844428184
    },
    {
      "month": "2026-03",
      "signals": 401,
      "wins": 255,
      "losses": 110,
      "no_fills": 18,
      "open": 0,
      "pnl": 2989.9900000001007,
      "trading_pnl": 2989.9900000001007,
      "bonus": 0.0,
      "closed_lots": 15.069999999999855,
      "equity_start": 8823.469999999534,
      "equity_end": 11893.159999999632,
      "win_rate_pct": 69.86301369863014,
      "pnl_pct": 33.88678150433173
    },
    {
      "month": "2026-04",
      "signals": 377,
      "wins": 213,
      "losses": 141,
      "no_fills": 18,
      "open": 0,
      "pnl": 616.4600000001547,
      "trading_pnl": 616.4600000001547,
      "bonus": 0.0,
      "closed_lots": 13.969999999999876,
      "equity_start": 11773.209999999628,
      "equity_end": 12414.119999999784,
      "win_rate_pct": 60.16949152542372,
      "pnl_pct": 5.236125066996801
    },
    {
      "month": "2026-05",
      "signals": 387,
      "wins": 223,
      "losses": 137,
      "no_fills": 25,
      "open": 0,
      "pnl": 1054.2300000001687,
      "trading_pnl": 1054.2300000001687,
      "bonus": 0.0,
      "closed_lots": 14.179999999999874,