{
  "rank": 9,
  "candidate_id": "e8f04604221f8280",
  "filter_preset": "self_limit",
  "metrics": {
    "bonus_contribution": 493.20000000014807,
    "candidate_id": "e8f04604221f8280",
    "concurrent_risk_max_dd_pct": 93.92280914756883,
    "filter_preset": "self_limit",
    "fixed_no_bonus_profit": 6929.8100000002505,
    "fixed_with_bonus_profit": 7423.010000000399,
    "oos_fixed_no_bonus_profit": 5879.020000000621,
    "passes_consistency": true,
    "passes_dd": false,
    "passes_edge": true,
    "passes_oos": true,
    "passes_recommendation_gate": false,
    "risk_net_profit_with_bonus": 50733811.01002863,
    "score": 5704.638888889198,
    "stable_fraction": 0.6111111111111112,
    "stable_months": 11,
    "total_months": 18,
    "worst_month_pnl": -308.7899999999863
  },
  "monthly": [
    {
      "month": "2025-01",
      "signals": 399,
      "wins": 136,
      "losses": 127,
      "no_fills": 136,
      "open": 0,
      "pnl": 76.44999999999573,
      "trading_pnl": 76.44999999999573,
      "bonus": 0.0,
      "closed_lots": 6.839999999999992,
      "equity_start": 1000.0,
      "equity_end": 1076.4499999999957,
      "win_rate_pct": 51.71102661596958,
      "pnl_pct": 7.644999999999573
    },
    {
      "month": "2025-02",
      "signals": 365,
      "wins": 146,
      "losses": 122,
      "no_fills": 94,
      "open": 0,
      "pnl": -1.8900000000771797,
      "trading_pnl": -1.8900000000771797,
      "bonus": 0.0,
      "closed_lots": 7.350000000000005,
      "equity_start": 1076.4499999999957,
      "equity_end": 1074.5599999999185,
      "win_rate_pct": 54.47761194029851,
      "pnl_pct": -0.17557712853148658
    },
    {
      "month": "2025-03",
      "signals": 384,
      "wins": 158,
      "losses": 149,
      "no_fills": 77,
      "open": 0,
      "pnl": -207.7199999999525,
      "trading_pnl": -207.7199999999525,
      "bonus": 0.0,
      "closed_lots": 8.600000000000001,
      "equity_start": 1074.5599999999185,
      "equity_end": 899.0899999999647,
      "win_rate_pct": 51.465798045602604,
      "pnl_pct": -19.330702799282335
    },
    {
      "month": "2025-04",
      "signals": 382,
      "wins": 174,
      "losses": 162,
      "no_fills": 46,
      "open": 0,
      "pnl": 577.749999999975,
      "trading_pnl": 577.749999999975,
      "bonus": 0.0,
      "closed_lots": 9.659999999999975,
      "equity_start": 845.339999999967,
      "equity_end": 1471.0599999999422,
      "win_rate_pct": 51.78571428571429,
      "pnl_pct": 68.34528118863388
    },
    {
      "month": "2025-05",
      "signals": 388,
      "wins": 171,
      "losses": 167,
      "no_fills": 50,
      "open": 0,
      "pnl": -65.63999999996804,
      "trading_pnl": -65.63999999996804,
      "bonus": 0.0,
      "closed_lots": 9.669999999999979,
      "equity_start": 1444.589999999941,
      "equity_end": 1378.949999999973,
      "win_rate_pct": 50.591715976331365,
      "pnl_pct": -4.543849812055374
    },
    {
      "month": "2025-06",
      "signals": 372,
      "wins": 149,
      "losses": 155,
      "no_fills": 66,
      "open": 0,
      "pnl": -187.4699999999957,
      "trading_pnl": -187.4699999999957,
      "bonus": 0.0,
      "closed_lots": 8.68,
      "equity_start": 1378.949999999973,
      "equity_end": 1191.4799999999773,
      "win_rate_pct": 49.01315789473684,
      "pnl_pct": -13.595126726857346
    },
    {
      "month": "2025-07",
      "signals": 421,
      "wins": 163,
      "losses": 156,
      "no_fills": 102,
      "open": 0,
      "pnl": -195.75000000001546,
      "trading_pnl": -195.75000000001546,
      "bonus": 0.0,
      "closed_lots": 8.629999999999997,
      "equity_start": 1191.4799999999773,
      "equity_end": 1005.8399999999615,
      "win_rate_pct": 51.09717868338558,
      "pnl_pct": -16.429146943299024
    },
    {
      "month": "2025-08",
      "signals": 388,
      "wins": 140,
      "losses": 156,
      "no_fills": 92,
      "open": 0,
      "pnl": -186.6000000000904,
      "trading_pnl": -186.6000000000904,
      "bonus": 0.0,
      "closed_lots": 8.200000000000005,
      "equity_start": 985.9699999999616,
      "equity_end": 809.1299999998714,
      "win_rate_pct": 47.2972972972973,
      "pnl_pct": -18.925525117406988
    },
    {
      "month": "2025-09",
      "signals": 402,
      "wins": 177,
      "losses": 157,
      "no_fills": 68,
      "open": 0,
      "pnl": 283.66999999989457,
      "trading_pnl": 283.66999999989457,
      "bonus": 0.0,
      "closed_lots": 9.319999999999984,
      "equity_start": 809.1299999998714,
      "equity_end": 1103.749999999765,
      "win_rate_pct": 52.99401197604791,
      "pnl_pct": 35.05864323408348
    },
    {
      "month": "2025-10",
      "signals": 424,
      "wins": 212,
      "losses": 164,
      "no_fills": 48,
      "open": 0,
      "pnl": 921.489999999907,
      "trading_pnl": 921.489999999907,
      "bonus": 0.0,
      "closed_lots": 10.869999999999957,
      "equity_start": 1092.799999999766,
      "equity_end": 2014.289999999673,
      "win_rate_pct": 56.38297872340425,
      "pnl_pct": 84.32375549049272
    },
    {
      "month": "2025-11",
      "signals": 366,
      "wins": 163,
      "losses": 163,
      "no_fills": 40,
      "open": 0,
      "pnl": 345.2899999999431,
      "trading_pnl": 345.2899999999431,
      "bonus": 0.0,
      "closed_lots": 9.459999999999987,
      "equity_start": 2014.289999999673,
      "equity_end": 2359.579999999616,
      "win_rate_pct": 50.0,
      "pnl_pct": 17.14202026520507
    },
    {
      "month": "2025-12",
      "signals": 402,
      "wins": 174,
      "losses": 184,
      "no_fills": 44,
      "open": 0,
      "pnl": -308.7899999999863,
      "trading_pnl": -308.7899999999863,
      "bonus": 0.0,
      "closed_lots": 10.299999999999967,
      "equity_start": 2359.579999999616,
      "equity_end": 2050.78999999963,
      "win_rate_pct": 48.60335195530726,
      "pnl_pct": -13.086651014165088
    },
    {
      "month": "2026-01",
      "signals": 397,
      "wins": 198,
      "losses": 157,
      "no_fills": 42,
      "open": 0,
      "pnl": 1372.8300000000172,
      "trading_pnl": 1372.8300000000172,
      "bonus": 0.0,
      "closed_lots": 10.329999999999968,
      "equity_start": 2050.78999999963,
      "equity_end": 3423.619999999647,
      "win_rate_pct": 55.774647887323944,
      "pnl_pct": 66.94152009714622
    },
    {
      "month": "2026-02",
      "signals": 362,
      "wins": 182,
      "losses": 158,
      "no_fills": 22,
      "open": 0,
      "pnl": 1641.1800000000958,
      "trading_pnl": 1641.1800000000958,
      "bonus": 0.0,
      "closed_lots": 10.119999999999974,
      "equity_start": 3423.619999999647,
      "equity_end": 5064.799999999743,
      "win_rate_pct": 53.529411764705884,
      "pnl_pct": 47.93697898716169
    },
    {
      "month": "2026-03",
      "signals": 401,
      "wins": 212,
      "losses": 166,
      "no_fills": 23,
      "open": 0,
      "pnl": 1859.6300000001556,
      "trading_pnl": 1859.6300000001556,
      "bonus": 0.0,
      "closed_lots": 11.139999999999953,
      "equity_start": 5064.799999999743,
      "equity_end": 7003.399999999901,
      "win_rate_pct": 56.08465608465608,
      "pnl_pct": 36.71675090823429
    },
    {
      "month": "2026-04",
      "signals": 377,
      "wins": 166,
      "losses": 182,
      "no_fills": 29,
      "open": 0,
      "pnl": 210.78000000015345,
      "trading_pnl": 210.78000000015345,
      "bonus": 0.0,
      "closed_lots": 10.239999999999972,
      "equity_start": 6888.139999999898,
      "equity_end": 7145.470000000052,
      "win_rate_pct": 47.701149425287355,
      "pnl_pct": 3.0600423336366074
    },
    {
      "month": "2026-05",
      "signals": 387,
      "wins": 184,
      "losses": 171,
      "no_fills": 32,
      "open": 0,
      "pnl": 719.340000000142,
      "trading_pnl": 719.340000000142,
      "bonus": 0.0,
      "closed_lots": 10.369999999999969,
      "equity_start": 7135.210000000052,