{
  "rank": 13,
  "candidate_id": "11108a6c658afafe",
  "filter_preset": "self_limit",
  "metrics": {
    "candidate_id": "11108a6c658afafe",
    "filter_preset": "self_limit",
    "passes_recommendation_gate": false,
    "passes_dd": false,
    "passes_edge": true,
    "passes_consistency": true,
    "passes_oos": true,
    "score": 3923.386388888735,
    "fixed_no_bonus_profit": 4239.67999999982,
    "fixed_with_bonus_profit": 4420.60999999965,
    "bonus_contribution": 180.92999999983022,
    "concurrent_risk_max_dd_pct": 98.05105669851841,
    "risk_net_profit_with_bonus": 541009391.730001,
    "stable_months": 14,
    "total_months": 18,
    "stable_fraction": 0.7777777777777778,
    "worst_month_pnl": -184.9800000000232,
    "oos_fixed_no_bonus_profit": 2503.4299999999444
  },
  "monthly": [
    {
      "month": "2025-01",
      "signals": 399,
      "wins": 169,
      "losses": 113,
      "no_fills": 103,
      "open": 0,
      "pnl": 252.1599999999935,
      "trading_pnl": 252.1599999999935,
      "bonus": 0.0,
      "closed_lots": 2.959999999999981,
      "equity_start": 1000.0,
      "equity_end": 1252.1599999999935,
      "win_rate_pct": 59.9290780141844,
      "pnl_pct": 25.21599999999935
    },
    {
      "month": "2025-02",
      "signals": 365,
      "wins": 148,
      "losses": 124,
      "no_fills": 64,
      "open": 0,
      "pnl": 245.23999999998068,
      "trading_pnl": 245.23999999998068,
      "bonus": 0.0,
      "closed_lots": 3.00999999999998,
      "equity_start": 1252.1599999999935,
      "equity_end": 1497.3999999999742,
      "win_rate_pct": 54.41176470588235,
      "pnl_pct": 19.585356503959712
    },
    {
      "month": "2025-03",
      "signals": 384,
      "wins": 156,
      "losses": 146,
      "no_fills": 59,
      "open": 0,
      "pnl": -66.87999999997965,
      "trading_pnl": -66.87999999997965,
      "bonus": 0.0,
      "closed_lots": 3.2499999999999747,
      "equity_start": 1497.3999999999742,
      "equity_end": 1459.9599999999941,
      "win_rate_pct": 51.65562913907284,
      "pnl_pct": -4.466408441296968
    },
    {
      "month": "2025-04",
      "signals": 382,
      "wins": 183,
      "losses": 120,
      "no_fills": 42,
      "open": 0,
      "pnl": 294.33999999999924,
      "trading_pnl": 294.33999999999924,
      "bonus": 0.0,
      "closed_lots": 3.3999999999999715,
      "equity_start": 1423.1299999999942,
      "equity_end": 1743.9799999999937,
      "win_rate_pct": 60.396039603960396,
      "pnl_pct": 20.682579947018223
    },
    {
      "month": "2025-05",
      "signals": 388,
      "wins": 158,
      "losses": 138,
      "no_fills": 39,
      "open": 0,
      "pnl": -73.77999999998474,
      "trading_pnl": -73.77999999998474,
      "bonus": 0.0,
      "closed_lots": 3.4899999999999696,
      "equity_start": 1724.8599999999938,
      "equity_end": 1651.080000000009,
      "win_rate_pct": 53.37837837837838,
      "pnl_pct": -4.277448604523556
    },
    {
      "month": "2025-06",
      "signals": 372,
      "wins": 160,
      "losses": 128,
      "no_fills": 47,
      "open": 0,
      "pnl": -26.19999999999891,
      "trading_pnl": -26.19999999999891,
      "bonus": 0.0,
      "closed_lots": 3.2499999999999747,
      "equity_start": 1651.080000000009,
      "equity_end": 1632.1400000000103,
      "win_rate_pct": 55.55555555555556,
      "pnl_pct": -1.586840128885261
    },
    {
      "month": "2025-07",
      "signals": 421,
      "wins": 167,
      "losses": 157,
      "no_fills": 66,
      "open": 0,
      "pnl": 24.66999999999598,
      "trading_pnl": 24.66999999999598,
      "bonus": 0.0,
      "closed_lots": 3.5499999999999683,
      "equity_start": 1624.88000000001,
      "equity_end": 1664.8400000000056,
      "win_rate_pct": 51.54320987654321,
      "pnl_pct": 1.5182659642555651
    },
    {
      "month": "2025-08",
      "signals": 388,
      "wins": 141,
      "losses": 158,
      "no_fills": 61,
      "open": 0,
      "pnl": -184.9800000000232,
      "trading_pnl": -184.9800000000232,
      "bonus": 0.0,
      "closed_lots": 3.2699999999999743,
      "equity_start": 1649.550000000006,
      "equity_end": 1464.5699999999829,
      "win_rate_pct": 47.15719063545151,
      "pnl_pct": -11.213967445668366
    },
    {
      "month": "2025-09",
      "signals": 402,
      "wins": 177,
      "losses": 129,
      "no_fills": 53,
      "open": 0,
      "pnl": 80.10999999997875,
      "trading_pnl": 80.10999999997875,
      "bonus": 0.0,
      "closed_lots": 3.4899999999999696,
      "equity_start": 1464.5699999999829,
      "equity_end": 1567.3399999999606,
      "win_rate_pct": 57.84313725490197,
      "pnl_pct": 5.469864875013123
    },
    {
      "month": "2025-10",
      "signals": 424,
      "wins": 227,
      "losses": 101,
      "no_fills": 38,
      "open": 0,
      "pnl": 811.9099999999594,
      "trading_pnl": 811.9099999999594,
      "bonus": 0.0,
      "closed_lots": 3.8599999999999617,
      "equity_start": 1544.6799999999616,
      "equity_end": 2356.589999999921,
      "win_rate_pct": 69.20731707317073,
      "pnl_pct": 52.56169562627726
    },
    {
      "month": "2025-11",
      "signals": 366,
      "wins": 168,
      "losses": 117,
      "no_fills": 29,
      "open": 0,
      "pnl": 274.779999999977,
      "trading_pnl": 274.779999999977,
      "bonus": 0.0,
      "closed_lots": 3.369999999999972,
      "equity_start": 2356.589999999921,
      "equity_end": 2631.369999999898,
      "win_rate_pct": 58.94736842105262,
      "pnl_pct": 11.660068149316862
    },
    {
      "month": "2025-12",
      "signals": 402,
      "wins": 188,
      "losses": 129,
      "no_fills": 29,
      "open": 0,
      "pnl": 104.87999999997828,
      "trading_pnl": 104.87999999997828,
      "bonus": 0.0,
      "closed_lots": 3.7299999999999645,
      "equity_start": 2631.369999999898,
      "equity_end": 2736.2499999998763,
      "win_rate_pct": 59.305993690851736,
      "pnl_pct": 3.9857564690629723
    },
    {
      "month": "2026-01",
      "signals": 397,
      "wins": 200,
      "losses": 105,
      "no_fills": 36,
      "open": 0,
      "pnl": 693.5499999999493,
      "trading_pnl": 693.5499999999493,
      "bonus": 0.0,
      "closed_lots": 3.609999999999967,
      "equity_start": 2736.2499999998763,
      "equity_end": 3429.7999999998256,
      "win_rate_pct": 65.57377049180327,
      "pnl_pct": 25.346733668341
    },
    {
      "month": "2026-02",
      "signals": 362,
      "wins": 183,
      "losses": 82,
      "no_fills": 17,
      "open": 0,
      "pnl": 726.1799999999903,
      "trading_pnl": 726.1799999999903,
      "bonus": 0.0,
      "closed_lots": 3.4499999999999704,
      "equity_start": 3429.7999999998256,
      "equity_end": 4155.979999999816,
      "win_rate_pct": 69.0566037735849,
      "pnl_pct": 21.172663129046217
    },
    {
      "month": "2026-03",
      "signals": 401,
      "wins": 200,
      "losses": 104,
      "no_fills": 20,
      "open": 0,
      "pnl": 713.6200000000063,
      "trading_pnl": 713.6200000000063,
      "bonus": 0.0,
      "closed_lots": 3.8099999999999627,
      "equity_start": 4155.979999999816,
      "equity_end": 4869.599999999822,
      "win_rate_pct": 65.78947368421053,
      "pnl_pct": 17.17091997555421
    },
    {
      "month": "2026-04",
      "signals": 377,
      "wins": 172,
      "losses": 128,
      "no_fills": 20,
      "open": 0,
      "pnl": 56.74999999999727,
      "trading_pnl": 56.74999999999727,
      "bonus": 0.0,
      "closed_lots": 3.569999999999968,
      "equity_start": 4869.599999999822,
      "equity_end": 4926.349999999819,
      "win_rate_pct": 57.333333333333336,
      "pnl_pct": 1.1653934614752617
    },
    {
      "month": "2026-05",
      "signals": 387,
      "wins": 174,
      "losses": 120,
      "no_fills": 28,
      "open": 0,
      "pnl": 175.17999999999665,
      "trading_pnl": 175.17999999999665,
      "bonus": 0.0,
      "closed_lots": 3.5899999999999674,