{
  "rank": 7,
  "candidate_id": "64173564b2c411b1",
  "filter_preset": "self_limit",
  "metrics": {
    "bonus_contribution": 529.499999999789,
    "candidate_id": "64173564b2c411b1",
    "concurrent_risk_max_dd_pct": 73.03186166128302,
    "filter_preset": "self_limit",
    "fixed_no_bonus_profit": 9483.4199999995,
    "fixed_with_bonus_profit": 10012.919999999289,
    "oos_fixed_no_bonus_profit": 7401.2600000000275,
    "passes_consistency": true,
    "passes_dd": false,
    "passes_edge": true,
    "passes_oos": true,
    "passes_recommendation_gate": false,
    "risk_net_profit_with_bonus": 113484020.96000758,
    "score": 9226.308333332952,
    "stable_fraction": 0.7777777777777778,
    "stable_months": 14,
    "total_months": 18,
    "worst_month_pnl": -507.9200000001024
  },
  "monthly": [
    {
      "month": "2025-01",
      "signals": 399,
      "wins": 183,
      "losses": 128,
      "no_fills": 88,
      "open": 0,
      "pnl": 404.58000000000584,
      "trading_pnl": 404.58000000000584,
      "bonus": 0.0,
      "closed_lots": 8.569999999999999,
      "equity_start": 1000.0,
      "equity_end": 1404.5800000000058,
      "win_rate_pct": 58.842443729903536,
      "pnl_pct": 40.45800000000058
    },
    {
      "month": "2025-02",
      "signals": 365,
      "wins": 180,
      "losses": 129,
      "no_fills": 56,
      "open": 0,
      "pnl": 36.22999999990316,
      "trading_pnl": 36.22999999990316,
      "bonus": 0.0,
      "closed_lots": 8.660000000000004,
      "equity_start": 1404.5800000000058,
      "equity_end": 1440.809999999909,
      "win_rate_pct": 58.252427184466015,
      "pnl_pct": 2.579418758625568
    },
    {
      "month": "2025-03",
      "signals": 384,
      "wins": 174,
      "losses": 160,
      "no_fills": 50,
      "open": 0,
      "pnl": -259.25999999992973,
      "trading_pnl": -259.25999999992973,
      "bonus": 0.0,
      "closed_lots": 9.519999999999982,
      "equity_start": 1440.809999999909,
      "equity_end": 1201.0699999999774,
      "win_rate_pct": 52.09580838323353,
      "pnl_pct": -17.994045016341232
    },
    {
      "month": "2025-04",
      "signals": 382,
      "wins": 216,
      "losses": 126,
      "no_fills": 40,
      "open": 0,
      "pnl": 303.13999999999396,
      "trading_pnl": 303.13999999999396,
      "bonus": 0.0,
      "closed_lots": 10.029999999999974,
      "equity_start": 1171.9099999999794,
      "equity_end": 1559.8099999999736,
      "win_rate_pct": 63.1578947368421,
      "pnl_pct": 25.867174100400142
    },
    {
      "month": "2025-05",
      "signals": 388,
      "wins": 220,
      "losses": 133,
      "no_fills": 35,
      "open": 0,
      "pnl": 300.470000000068,
      "trading_pnl": 300.470000000068,
      "bonus": 0.0,
      "closed_lots": 10.239999999999972,
      "equity_start": 1484.6899999999732,
      "equity_end": 1785.1600000000412,
      "win_rate_pct": 62.3229461756374,
      "pnl_pct": 20.2378947793865
    },
    {
      "month": "2025-06",
      "signals": 372,
      "wins": 187,
      "losses": 140,
      "no_fills": 45,
      "open": 0,
      "pnl": -231.92999999998437,
      "trading_pnl": -231.92999999998437,
      "bonus": 0.0,
      "closed_lots": 9.459999999999985,
      "equity_start": 1785.1600000000412,
      "equity_end": 1552.1300000000574,
      "win_rate_pct": 57.18654434250765,
      "pnl_pct": -12.992112751796983
    },
    {
      "month": "2025-07",
      "signals": 421,
      "wins": 201,
      "losses": 161,
      "no_fills": 59,
      "open": 0,
      "pnl": -192.92999999999938,
      "trading_pnl": -192.92999999999938,
      "bonus": 0.0,
      "closed_lots": 10.04999999999997,
      "equity_start": 1553.2300000000569,
      "equity_end": 1412.9000000000592,
      "win_rate_pct": 55.52486187845304,
      "pnl_pct": -12.421212569934417
    },
    {
      "month": "2025-08",
      "signals": 388,
      "wins": 161,
      "losses": 176,
      "no_fills": 51,
      "open": 0,
      "pnl": -507.9200000001024,
      "trading_pnl": -507.9200000001024,
      "bonus": 0.0,
      "closed_lots": 9.619999999999978,
      "equity_start": 1346.130000000057,
      "equity_end": 852.3799999999551,
      "win_rate_pct": 47.774480712166174,
      "pnl_pct": -37.731868393103255
    },
    {
      "month": "2025-09",
      "signals": 402,
      "wins": 215,
      "losses": 140,
      "no_fills": 47,
      "open": 0,
      "pnl": 279.4699999998702,
      "trading_pnl": 279.4699999998702,
      "bonus": 0.0,
      "closed_lots": 10.199999999999969,
      "equity_start": 852.3799999999551,
      "equity_end": 1185.7999999998224,
      "win_rate_pct": 60.56338028169014,
      "pnl_pct": 32.787019873751724
    },
    {
      "month": "2025-10",
      "signals": 424,
      "wins": 273,
      "losses": 108,
      "no_fills": 43,
      "open": 0,
      "pnl": 1095.5299999998683,
      "trading_pnl": 1095.5299999998683,
      "bonus": 0.0,
      "closed_lots": 11.19999999999995,
      "equity_start": 1120.1099999998264,
      "equity_end": 2227.3799999996936,
      "win_rate_pct": 71.65354330708661,
      "pnl_pct": 97.8055726669736
    },
    {
      "month": "2025-11",
      "signals": 366,
      "wins": 230,
      "losses": 112,
      "no_fills": 24,
      "open": 0,
      "pnl": 379.6299999998969,
      "trading_pnl": 379.6299999998969,
      "bonus": 0.0,
      "closed_lots": 10.039999999999976,
      "equity_start": 2227.3799999996936,
      "equity_end": 2607.0099999995905,
      "win_rate_pct": 67.2514619883041,
      "pnl_pct": 17.04379136025057
    },
    {
      "month": "2025-12",
      "signals": 402,
      "wins": 242,
      "losses": 131,
      "no_fills": 29,
      "open": 0,
      "pnl": 475.14999999987594,
      "trading_pnl": 475.14999999987594,
      "bonus": 0.0,
      "closed_lots": 10.899999999999956,
      "equity_start": 2607.0099999995905,
      "equity_end": 3082.1599999994664,
      "win_rate_pct": 64.87935656836461,
      "pnl_pct": 18.225860276713576
    },
    {
      "month": "2026-01",
      "signals": 397,
      "wins": 259,
      "losses": 102,
      "no_fills": 36,
      "open": 0,
      "pnl": 1667.459999999891,
      "trading_pnl": 1667.459999999891,
      "bonus": 0.0,
      "closed_lots": 10.66999999999996,
      "equity_start": 3082.1599999994664,
      "equity_end": 4749.619999999358,
      "win_rate_pct": 71.74515235457064,
      "pnl_pct": 54.10037116827743
    },
    {
      "month": "2026-02",
      "signals": 362,
      "wins": 266,
      "losses": 79,
      "no_fills": 17,
      "open": 0,
      "pnl": 2234.6699999999564,
      "trading_pnl": 2234.6699999999564,
      "bonus": 0.0,
      "closed_lots": 10.249999999999972,
      "equity_start": 4749.619999999358,
      "equity_end": 6984.289999999314,
      "win_rate_pct": 77.10144927536233,
      "pnl_pct": 47.04944816638507
    },
    {
      "month": "2026-03",
      "signals": 401,
      "wins": 282,
      "losses": 92,
      "no_fills": 27,
      "open": 0,
      "pnl": 1892.1900000000442,
      "trading_pnl": 1892.1900000000442,
      "bonus": 0.0,
      "closed_lots": 11.119999999999951,
      "equity_start": 6984.289999999314,
      "equity_end": 8940.719999999372,
      "win_rate_pct": 75.40106951871658,
      "pnl_pct": 27.092088100583307
    },
    {
      "month": "2026-04",
      "signals": 377,
      "wins": 235,
      "losses": 121,
      "no_fills": 21,
      "open": 0,
      "pnl": 301.29000000005544,
      "trading_pnl": 301.29000000005544,
      "bonus": 0.0,
      "closed_lots": 10.479999999999967,
      "equity_start": 8861.729999999367,
      "equity_end": 9157.849999999416,
      "win_rate_pct": 66.01123595505618,
      "pnl_pct": 3.3999004709021485
    },
    {
      "month": "2026-05",
      "signals": 387,
      "wins": 251,
      "losses": 107,
      "no_fills": 29,
      "open": 0,
      "pnl": 979.0000000000473,
      "trading_pnl": 979.0000000000473,
      "bonus": 0.0,
      "closed_lots": 10.639999999999965,