{
  "rank": 14,
  "candidate_id": "97cd547d4798d6d3",
  "filter_preset": "self_limit",
  "metrics": {
    "candidate_id": "97cd547d4798d6d3",
    "filter_preset": "self_limit",
    "passes_recommendation_gate": false,
    "passes_dd": false,
    "passes_edge": true,
    "passes_consistency": true,
    "passes_oos": true,
    "score": 3425.5733333317753,
    "fixed_no_bonus_profit": 4245.2299999981815,
    "fixed_with_bonus_profit": 4866.079999997709,
    "bonus_contribution": 620.8499999995274,
    "concurrent_risk_max_dd_pct": 100.00573381836968,
    "risk_net_profit_with_bonus": -1000.9566666665445,
    "stable_months": 12,
    "total_months": 18,
    "stable_fraction": 0.6666666666666666,
    "worst_month_pnl": -992.6150000003172,
    "oos_fixed_no_bonus_profit": 2381.6799999986174
  },
  "monthly": [
    {
      "month": "2025-01",
      "signals": 399,
      "wins": 133,
      "losses": 95,
      "no_fills": 171,
      "open": 0,
      "pnl": 300.98666666667805,
      "trading_pnl": 300.98666666667805,
      "bonus": 0.0,
      "closed_lots": 7.779999999999997,
      "equity_start": 1000.0,
      "equity_end": 1300.986666666678,
      "win_rate_pct": 58.333333333333336,
      "pnl_pct": 30.098666666667807
    },
    {
      "month": "2025-02",
      "signals": 365,
      "wins": 144,
      "losses": 100,
      "no_fills": 121,
      "open": 0,
      "pnl": 288.97499999998263,
      "trading_pnl": 288.97499999998263,
      "bonus": 0.0,
      "closed_lots": 8.759999999999984,
      "equity_start": 1300.986666666678,
      "equity_end": 1589.9616666666607,
      "win_rate_pct": 59.01639344262295,
      "pnl_pct": 22.211987824623883
    },
    {
      "month": "2025-03",
      "signals": 384,
      "wins": 174,
      "losses": 112,
      "no_fills": 98,
      "open": 0,
      "pnl": 983.5283333333905,
      "trading_pnl": 983.5283333333905,
      "bonus": 0.0,
      "closed_lots": 10.44999999999995,
      "equity_start": 1589.9616666666607,
      "equity_end": 2573.490000000051,
      "win_rate_pct": 60.83916083916085,
      "pnl_pct": 61.858619232962276
    },
    {
      "month": "2025-04",
      "signals": 382,
      "wins": 181,
      "losses": 141,
      "no_fills": 60,
      "open": 0,
      "pnl": 714.6450000000323,
      "trading_pnl": 714.6450000000323,
      "bonus": 0.0,
      "closed_lots": 12.28999999999991,
      "equity_start": 2573.490000000051,
      "equity_end": 3324.130000000085,
      "win_rate_pct": 56.2111801242236,
      "pnl_pct": 27.769488127018878
    },
    {
      "month": "2025-05",
      "signals": 388,
      "wins": 170,
      "losses": 152,
      "no_fills": 66,
      "open": 0,
      "pnl": 153.24000000009164,
      "trading_pnl": 153.24000000009164,
      "bonus": 0.0,
      "closed_lots": 12.259999999999915,
      "equity_start": 3288.1350000000834,
      "equity_end": 3441.3750000001746,
      "win_rate_pct": 52.79503105590062,
      "pnl_pct": 4.660392593372467
    },
    {
      "month": "2025-06",
      "signals": 372,
      "wins": 164,
      "losses": 128,
      "no_fills": 80,
      "open": 0,
      "pnl": -245.4949999999585,
      "trading_pnl": -245.4949999999585,
      "bonus": 0.0,
      "closed_lots": 10.799999999999944,
      "equity_start": 3441.3750000001746,
      "equity_end": 3195.880000000216,
      "win_rate_pct": 56.16438356164384,
      "pnl_pct": -7.133631179396202
    },
    {
      "month": "2025-07",
      "signals": 421,
      "wins": 138,
      "losses": 148,
      "no_fills": 135,
      "open": 0,
      "pnl": -882.3799999999956,
      "trading_pnl": -882.3799999999956,
      "bonus": 0.0,
      "closed_lots": 10.199999999999955,
      "equity_start": 3195.880000000216,
      "equity_end": 2313.5000000002206,
      "win_rate_pct": 48.25174825174825,
      "pnl_pct": -27.609922775571544
    },
    {
      "month": "2025-08",
      "signals": 388,
      "wins": 145,
      "losses": 123,
      "no_fills": 120,
      "open": 0,
      "pnl": 238.71833333331733,
      "trading_pnl": 238.71833333331733,
      "bonus": 0.0,
      "closed_lots": 9.869999999999962,
      "equity_start": 2313.5000000002206,
      "equity_end": 2552.218333333538,
      "win_rate_pct": 54.1044776119403,
      "pnl_pct": 10.31849290396778
    },
    {
      "month": "2025-09",
      "signals": 402,
      "wins": 180,
      "losses": 126,
      "no_fills": 96,
      "open": 0,
      "pnl": 676.0866666666338,
      "trading_pnl": 676.0866666666338,
      "bonus": 0.0,
      "closed_lots": 11.309999999999931,
      "equity_start": 2552.218333333538,
      "equity_end": 3253.30500000017,
      "win_rate_pct": 58.82352941176471,
      "pnl_pct": 26.490157908378254
    },
    {
      "month": "2025-10",
      "signals": 424,
      "wins": 205,
      "losses": 153,
      "no_fills": 66,
      "open": 0,
      "pnl": 839.1766666665035,
      "trading_pnl": 839.1766666665035,
      "bonus": 0.0,
      "closed_lots": 13.909999999999881,
      "equity_start": 3228.3050000001717,
      "equity_end": 4067.4816666666743,
      "win_rate_pct": 57.262569832402235,
      "pnl_pct": 25.994342748484385
    },
    {
      "month": "2025-11",
      "signals": 366,
      "wins": 175,
      "losses": 142,
      "no_fills": 49,
      "open": 0,
      "pnl": -211.31666666679303,
      "trading_pnl": -211.31666666679303,
      "bonus": 0.0,
      "closed_lots": 12.089999999999916,
      "equity_start": 4067.4816666666743,
      "equity_end": 3856.1649999998817,
      "win_rate_pct": 55.20504731861199,
      "pnl_pct": -5.195270292145368
    },
    {
      "month": "2025-12",
      "signals": 402,
      "wins": 174,
      "losses": 168,
      "no_fills": 60,
      "open": 0,
      "pnl": -992.6150000003172,
      "trading_pnl": -992.6150000003172,
      "bonus": 0.0,
      "closed_lots": 13.249999999999892,
      "equity_start": 3856.1649999998817,
      "equity_end": 2863.5499999995645,
      "win_rate_pct": 50.877192982456144,
      "pnl_pct": -25.74098878031276
    },
    {
      "month": "2026-01",
      "signals": 397,
      "wins": 189,
      "losses": 155,
      "no_fills": 53,
      "open": 0,
      "pnl": 744.7349999996486,
      "trading_pnl": 744.7349999996486,
      "bonus": 0.0,
      "closed_lots": 13.339999999999892,
      "equity_start": 2863.5499999995645,
      "equity_end": 3608.284999999213,
      "win_rate_pct": 54.94186046511628,
      "pnl_pct": 26.007403397871936
    },
    {
      "month": "2026-02",
      "signals": 362,
      "wins": 199,
      "losses": 138,
      "no_fills": 25,
      "open": 0,
      "pnl": 1221.33999999972,
      "trading_pnl": 1221.33999999972,
      "bonus": 0.0,
      "closed_lots": 13.35999999999989,
      "equity_start": 3608.284999999213,
      "equity_end": 4829.624999998933,
      "win_rate_pct": 59.05044510385756,
      "pnl_pct": 33.84821320932206
    },
    {
      "month": "2026-03",
      "signals": 401,
      "wins": 204,
      "losses": 166,
      "no_fills": 31,
      "open": 0,
      "pnl": 559.4649999997746,
      "trading_pnl": 559.4649999997746,
      "bonus": 0.0,
      "closed_lots": 14.559999999999865,
      "equity_start": 4829.624999998933,
      "equity_end": 5504.373333332039,
      "win_rate_pct": 55.13513513513514,
      "pnl_pct": 11.58402567486913
    },
    {
      "month": "2026-04",
      "signals": 377,
      "wins": 177,
      "losses": 162,
      "no_fills": 38,
      "open": 0,
      "pnl": 26.271666666431877,
      "trading_pnl": 26.271666666431877,
      "bonus": 0.0,
      "closed_lots": 13.41999999999989,
      "equity_start": 5385.859999998707,
      "equity_end": 5415.36166666514,
      "win_rate_pct": 52.21238938053098,
      "pnl_pct": 0.48778963185894514
    },
    {
      "month": "2026-05",
      "signals": 387,
      "wins": 185,
      "losses": 161,
      "no_fills": 41,
      "open": 0,
      "pnl": -104.67500000020027,
      "trading_pnl": -104.67500000020027,
      "bonus": 0.0,
      "closed_lots": 13.319999999999892,