{
  "rank": 6,
  "candidate_id": "26d667c3ddd88f0d",
  "filter_preset": "self_limit",
  "metrics": {
    "candidate_id": "26d667c3ddd88f0d",
    "filter_preset": "self_limit",
    "passes_recommendation_gate": false,
    "passes_dd": false,
    "passes_edge": true,
    "passes_consistency": true,
    "passes_oos": true,
    "score": 9691.072499999518,
    "fixed_no_bonus_profit": 10441.619999999406,
    "fixed_with_bonus_profit": 10754.369999999159,
    "bonus_contribution": 312.7499999997526,
    "concurrent_risk_max_dd_pct": 79.42053944354964,
    "risk_net_profit_with_bonus": 16356932496599.854,
    "stable_months": 13,
    "total_months": 18,
    "stable_fraction": 0.7222222222222222,
    "worst_month_pnl": -266.08000000006405,
    "oos_fixed_no_bonus_profit": 8599.60999999979
  },
  "monthly": [
    {
      "month": "2025-01",
      "signals": 399,
      "wins": 131,
      "losses": 122,
      "no_fills": 146,
      "open": 0,
      "pnl": 78.02999999999702,
      "trading_pnl": 78.02999999999702,
      "bonus": 0.0,
      "closed_lots": 4.2399999999999896,
      "equity_start": 1000.0,
      "equity_end": 1078.029999999997,
      "win_rate_pct": 51.77865612648221,
      "pnl_pct": 7.8029999999997015
    },
    {
      "month": "2025-02",
      "signals": 365,
      "wins": 138,
      "losses": 128,
      "no_fills": 99,
      "open": 0,
      "pnl": -37.08000000005222,
      "trading_pnl": -37.08000000005222,
      "bonus": 0.0,
      "closed_lots": 4.589999999999984,
      "equity_start": 1078.029999999997,
      "equity_end": 1040.9499999999448,
      "win_rate_pct": 51.8796992481203,
      "pnl_pct": -3.4396074320800283
    },
    {
      "month": "2025-03",
      "signals": 384,
      "wins": 119,
      "losses": 163,
      "no_fills": 102,
      "open": 0,
      "pnl": -260.09999999994716,
      "trading_pnl": -260.09999999994716,
      "bonus": 0.0,
      "closed_lots": 5.139999999999975,
      "equity_start": 1040.9499999999448,
      "equity_end": 780.8499999999976,
      "win_rate_pct": 42.198581560283685,
      "pnl_pct": -24.986790912143807
    },
    {
      "month": "2025-04",
      "signals": 382,
      "wins": 185,
      "losses": 134,
      "no_fills": 63,
      "open": 0,
      "pnl": 448.5400000000004,
      "trading_pnl": 448.5400000000004,
      "bonus": 0.0,
      "closed_lots": 6.0799999999999566,
      "equity_start": 780.8499999999976,
      "equity_end": 1241.0799999999977,
      "win_rate_pct": 57.993730407523515,
      "pnl_pct": 57.442530575654956
    },
    {
      "month": "2025-05",
      "signals": 388,
      "wins": 179,
      "losses": 141,
      "no_fills": 68,
      "open": 0,
      "pnl": 152.25000000005002,
      "trading_pnl": 152.25000000005002,
      "bonus": 0.0,
      "closed_lots": 6.009999999999957,
      "equity_start": 1229.389999999998,
      "equity_end": 1381.640000000048,
      "win_rate_pct": 55.93749999999999,
      "pnl_pct": 12.38419053352071
    },
    {
      "month": "2025-06",
      "signals": 372,
      "wins": 155,
      "losses": 140,
      "no_fills": 77,
      "open": 0,
      "pnl": 2.5300000000083855,
      "trading_pnl": 2.5300000000083855,
      "bonus": 0.0,
      "closed_lots": 5.499999999999968,
      "equity_start": 1381.640000000048,
      "equity_end": 1384.1700000000565,
      "win_rate_pct": 52.54237288135594,
      "pnl_pct": 0.18311571755365344
    },
    {
      "month": "2025-07",
      "signals": 421,
      "wins": 144,
      "losses": 170,
      "no_fills": 107,
      "open": 0,
      "pnl": -198.7600000000084,
      "trading_pnl": -198.7600000000084,
      "bonus": 0.0,
      "closed_lots": 5.479999999999965,
      "equity_start": 1384.1700000000565,
      "equity_end": 1185.410000000048,
      "win_rate_pct": 45.85987261146497,
      "pnl_pct": -14.359507863918472
    },
    {
      "month": "2025-08",
      "signals": 388,
      "wins": 137,
      "losses": 157,
      "no_fills": 94,
      "open": 0,
      "pnl": -266.08000000006405,
      "trading_pnl": -266.08000000006405,
      "bonus": 0.0,
      "closed_lots": 5.109999999999973,
      "equity_start": 1185.410000000048,
      "equity_end": 919.329999999984,
      "win_rate_pct": 46.59863945578231,
      "pnl_pct": -22.446242228431785
    },
    {
      "month": "2025-09",
      "signals": 402,
      "wins": 161,
      "losses": 156,
      "no_fills": 85,
      "open": 0,
      "pnl": -122.19000000007509,
      "trading_pnl": -122.19000000007509,
      "bonus": 0.0,
      "closed_lots": 5.799999999999959,
      "equity_start": 919.329999999984,
      "equity_end": 797.1399999999089,
      "win_rate_pct": 50.78864353312302,
      "pnl_pct": -13.291201200882949
    },
    {
      "month": "2025-10",
      "signals": 424,
      "wins": 220,
      "losses": 143,
      "no_fills": 61,
      "open": 0,
      "pnl": 1044.4499999998889,
      "trading_pnl": 1044.4499999998889,
      "bonus": 0.0,
      "closed_lots": 6.939999999999937,
      "equity_start": 797.1399999999089,
      "equity_end": 1841.5899999997978,
      "win_rate_pct": 60.60606060606061,
      "pnl_pct": 131.02466317083676
    },
    {
      "month": "2025-11",
      "signals": 366,
      "wins": 192,
      "losses": 128,
      "no_fills": 46,
      "open": 0,
      "pnl": 449.3199999999156,
      "trading_pnl": 449.3199999999156,
      "bonus": 0.0,
      "closed_lots": 6.119999999999957,
      "equity_start": 1841.5899999997978,
      "equity_end": 2290.9099999997134,
      "win_rate_pct": 60.0,
      "pnl_pct": 24.398481746749543
    },
    {
      "month": "2025-12",
      "signals": 402,
      "wins": 207,
      "losses": 142,
      "no_fills": 53,
      "open": 0,
      "pnl": 551.0999999998876,
      "trading_pnl": 551.0999999998876,
      "bonus": 0.0,
      "closed_lots": 6.529999999999947,
      "equity_start": 2290.9099999997134,
      "equity_end": 2842.009999999601,
      "win_rate_pct": 59.31232091690545,
      "pnl_pct": 24.055942834941423
    },
    {
      "month": "2026-01",
      "signals": 397,
      "wins": 214,
      "losses": 134,
      "no_fills": 49,
      "open": 0,
      "pnl": 1659.629999999881,
      "trading_pnl": 1659.629999999881,
      "bonus": 0.0,
      "closed_lots": 6.6899999999999435,
      "equity_start": 2842.009999999601,
      "equity_end": 4501.639999999482,
      "win_rate_pct": 61.49425287356321,
      "pnl_pct": 58.39634624790603
    },
    {
      "month": "2026-02",
      "signals": 362,
      "wins": 220,
      "losses": 115,
      "no_fills": 27,
      "open": 0,
      "pnl": 2431.6099999999424,
      "trading_pnl": 2431.6099999999424,
      "bonus": 0.0,
      "closed_lots": 6.569999999999947,
      "equity_start": 4501.639999999482,
      "equity_end": 6933.249999999424,
      "win_rate_pct": 65.67164179104478,
      "pnl_pct": 54.01609191317436
    },
    {
      "month": "2026-03",
      "signals": 401,
      "wins": 229,
      "losses": 135,
      "no_fills": 37,
      "open": 0,
      "pnl": 2330.7199999999802,
      "trading_pnl": 2330.7199999999802,
      "bonus": 0.0,
      "closed_lots": 7.129999999999935,
      "equity_start": 6933.249999999424,
      "equity_end": 9263.969999999412,
      "win_rate_pct": 62.91208791208791,
      "pnl_pct": 33.61655789132332
    },
    {
      "month": "2026-04",
      "signals": 377,
      "wins": 201,
      "losses": 144,
      "no_fills": 32,
      "open": 0,
      "pnl": 880.7199999999802,
      "trading_pnl": 880.7199999999802,
      "bonus": 0.0,
      "closed_lots": 6.649999999999945,
      "equity_start": 9263.969999999412,
      "equity_end": 10144.689999999395,
      "win_rate_pct": 58.26086956521739,
      "pnl_pct": 9.50693924958777
    },
    {
      "month": "2026-05",
      "signals": 387,
      "wins": 217,
      "losses": 130,
      "no_fills": 40,
      "open": 0,
      "pnl": 1086.4799999999786,
      "trading_pnl": 1086.4799999999786,
      "bonus": 0.0,
      "closed_lots": 6.729999999999944,