{
  "rank": 12,
  "candidate_id": "948fdd3e29bab0ae",
  "filter_preset": "self_limit",
  "metrics": {
    "candidate_id": "948fdd3e29bab0ae",
    "filter_preset": "self_limit",
    "passes_recommendation_gate": false,
    "passes_dd": false,
    "passes_edge": true,
    "passes_consistency": true,
    "passes_oos": true,
    "score": 5026.258958333592,
    "fixed_no_bonus_profit": 5756.487500000281,
    "fixed_with_bonus_profit": 6202.557500000447,
    "bonus_contribution": 446.07000000016615,
    "concurrent_risk_max_dd_pct": 88.05852413704757,
    "risk_net_profit_with_bonus": 178837837.5475891,
    "stable_months": 12,
    "total_months": 18,
    "stable_fraction": 0.6666666666666666,
    "worst_month_pnl": -308.28499999999804,
    "oos_fixed_no_bonus_profit": 4754.402500000288
  },
  "monthly": [
    {
      "month": "2025-01",
      "signals": 399,
      "wins": 111,
      "losses": 70,
      "no_fills": 146,
      "open": 0,
      "pnl": 161.02749999999605,
      "trading_pnl": 161.02749999999605,
      "bonus": 0.0,
      "closed_lots": 5.469999999999978,
      "equity_start": 1000.0,
      "equity_end": 1161.027499999996,
      "win_rate_pct": 61.32596685082873,
      "pnl_pct": 16.102749999999606
    },
    {
      "month": "2025-02",
      "signals": 365,
      "wins": 97,
      "losses": 78,
      "no_fills": 98,
      "open": 0,
      "pnl": 52.54749999998194,
      "trading_pnl": 52.54749999998194,
      "bonus": 0.0,
      "closed_lots": 6.219999999999988,
      "equity_start": 1161.027499999996,
      "equity_end": 1213.574999999978,
      "win_rate_pct": 55.42857142857143,
      "pnl_pct": 4.525947921128665
    },
    {
      "month": "2025-03",
      "signals": 384,
      "wins": 111,
      "losses": 106,
      "no_fills": 102,
      "open": 0,
      "pnl": -142.85499999998046,
      "trading_pnl": -142.85499999998046,
      "bonus": 0.0,
      "closed_lots": 7.039999999999999,
      "equity_start": 1213.574999999978,
      "equity_end": 1070.7199999999975,
      "win_rate_pct": 51.1520737327189,
      "pnl_pct": -11.771419154150593
    },
    {
      "month": "2025-04",
      "signals": 382,
      "wins": 109,
      "losses": 95,
      "no_fills": 60,
      "open": 0,
      "pnl": 128.37499999999045,
      "trading_pnl": 128.37499999999045,
      "bonus": 0.0,
      "closed_lots": 8.839999999999991,
      "equity_start": 1070.7199999999975,
      "equity_end": 1199.094999999988,
      "win_rate_pct": 53.431372549019606,
      "pnl_pct": 11.989595786012286
    },
    {
      "month": "2025-05",
      "signals": 388,
      "wins": 100,
      "losses": 99,
      "no_fills": 64,
      "open": 0,
      "pnl": -296.8999999999951,
      "trading_pnl": -296.8999999999951,
      "bonus": 0.0,
      "closed_lots": 8.639999999999993,
      "equity_start": 1199.094999999988,
      "equity_end": 902.1949999999929,
      "win_rate_pct": 50.25125628140703,
      "pnl_pct": -24.760340089817575
    },
    {
      "month": "2025-06",
      "signals": 372,
      "wins": 103,
      "losses": 97,
      "no_fills": 76,
      "open": 0,
      "pnl": -308.28499999999804,
      "trading_pnl": -308.28499999999804,
      "bonus": 0.0,
      "closed_lots": 7.659999999999999,
      "equity_start": 902.1949999999929,
      "equity_end": 593.9099999999949,
      "win_rate_pct": 51.5,
      "pnl_pct": -34.17055071242918
    },
    {
      "month": "2025-07",
      "signals": 421,
      "wins": 132,
      "losses": 87,
      "no_fills": 107,
      "open": 0,
      "pnl": -52.53250000001526,
      "trading_pnl": -52.53250000001526,
      "bonus": 0.0,
      "closed_lots": 7.30999999999999,
      "equity_start": 593.9099999999949,
      "equity_end": 541.3774999999796,
      "win_rate_pct": 60.273972602739725,
      "pnl_pct": -8.845195399979074
    },
    {
      "month": "2025-08",
      "signals": 388,
      "wins": 123,
      "losses": 92,
      "no_fills": 94,
      "open": 0,
      "pnl": -47.66250000001992,
      "trading_pnl": -47.66250000001992,
      "bonus": 0.0,
      "closed_lots": 7.0099999999999865,
      "equity_start": 541.3774999999796,
      "equity_end": 493.7149999999597,
      "win_rate_pct": 57.20930232558139,
      "pnl_pct": -8.80393071378506
    },
    {
      "month": "2025-09",
      "signals": 402,
      "wins": 131,
      "losses": 87,
      "no_fills": 85,
      "open": 0,
      "pnl": 357.00249999997595,
      "trading_pnl": 357.00249999997595,
      "bonus": 0.0,
      "closed_lots": 8.159999999999997,
      "equity_start": 493.7149999999597,
      "equity_end": 850.7174999999356,
      "win_rate_pct": 60.09174311926605,
      "pnl_pct": 72.30942952918285
    },
    {
      "month": "2025-10",
      "signals": 424,
      "wins": 157,
      "losses": 81,
      "no_fills": 56,
      "open": 0,
      "pnl": 878.5224999999841,
      "trading_pnl": 878.5224999999841,
      "bonus": 0.0,
      "closed_lots": 10.159999999999968,
      "equity_start": 850.7174999999356,
      "equity_end": 1729.2399999999197,
      "win_rate_pct": 65.96638655462185,
      "pnl_pct": 103.26841754166931
    },
    {
      "month": "2025-11",
      "signals": 366,
      "wins": 107,
      "losses": 93,
      "no_fills": 41,
      "open": 0,
      "pnl": 165.60250000001815,
      "trading_pnl": 165.60250000001815,
      "bonus": 0.0,
      "closed_lots": 8.849999999999993,
      "equity_start": 1729.2399999999197,
      "equity_end": 1894.842499999938,
      "win_rate_pct": 53.5,
      "pnl_pct": 9.57660590779914
    },
    {
      "month": "2025-12",
      "signals": 402,
      "wins": 127,
      "losses": 96,
      "no_fills": 50,
      "open": 0,
      "pnl": 107.24250000005486,
      "trading_pnl": 107.24250000005486,
      "bonus": 0.0,
      "closed_lots": 9.319999999999977,
      "equity_start": 1894.842499999938,
      "equity_end": 2002.0849999999928,
      "win_rate_pct": 56.95067264573991,
      "pnl_pct": 5.659705226163038
    },
    {
      "month": "2026-01",
      "signals": 397,
      "wins": 129,
      "losses": 78,
      "no_fills": 47,
      "open": 0,
      "pnl": 1024.1749999999975,
      "trading_pnl": 1024.1749999999975,
      "bonus": 0.0,
      "closed_lots": 9.689999999999978,
      "equity_start": 2002.0849999999928,
      "equity_end": 3026.25999999999,
      "win_rate_pct": 62.31884057971014,
      "pnl_pct": 51.155420474155754
    },
    {
      "month": "2026-02",
      "signals": 362,
      "wins": 139,
      "losses": 61,
      "no_fills": 25,
      "open": 0,
      "pnl": 1882.1375000000317,
      "trading_pnl": 1882.1375000000317,
      "bonus": 0.0,
      "closed_lots": 9.759999999999977,
      "equity_start": 3026.25999999999,
      "equity_end": 4908.397500000022,
      "win_rate_pct": 69.5,
      "pnl_pct": 62.19351608916741
    },
    {
      "month": "2026-03",
      "signals": 401,
      "wins": 140,
      "losses": 67,
      "no_fills": 30,
      "open": 0,
      "pnl": 1462.2500000000637,
      "trading_pnl": 1462.2500000000637,
      "bonus": 0.0,
      "closed_lots": 10.629999999999956,
      "equity_start": 4908.397500000022,
      "equity_end": 6370.6475000000855,
      "win_rate_pct": 67.6328502415459,
      "pnl_pct": 29.79078202203585
    },
    {
      "month": "2026-04",
      "signals": 377,
      "wins": 99,
      "losses": 92,
      "no_fills": 29,
      "open": 0,
      "pnl": 347.69000000007964,
      "trading_pnl": 347.69000000007964,
      "bonus": 0.0,
      "closed_lots": 9.819999999999975,
      "equity_start": 6370.6475000000855,
      "equity_end": 6718.337500000165,
      "win_rate_pct": 51.832460732984295,
      "pnl_pct": 5.457686993356248
    },
    {
      "month": "2026-05",
      "signals": 387,
      "wins": 109,
      "losses": 95,
      "no_fills": 39,
      "open": 0,
      "pnl": -30.649999999916872,
      "trading_pnl": -30.649999999916872,
      "bonus": 0.0,
      "closed_lots": 9.769999999999973,
      "equity_start": 6718.337500000165,
      "equity_end": 6687.687500000248,