{
  "rank": 11,
  "candidate_id": "616763d46776b319",
  "filter_preset": "self_limit",
  "metrics": {
    "candidate_id": "616763d46776b319",
    "filter_preset": "self_limit",
    "passes_recommendation_gate": false,
    "passes_dd": false,
    "passes_edge": true,
    "passes_consistency": true,
    "passes_oos": true,
    "score": 5224.004166666595,
    "fixed_no_bonus_profit": 5193.979999999846,
    "fixed_with_bonus_profit": 5536.400000000217,
    "bonus_contribution": 342.42000000037115,
    "concurrent_risk_max_dd_pct": 81.28488520312966,
    "risk_net_profit_with_bonus": 1363099.6400002567,
    "stable_months": 15,
    "total_months": 18,
    "stable_fraction": 0.8333333333333334,
    "worst_month_pnl": -237.85999999999376,
    "oos_fixed_no_bonus_profit": 3582.7500000002265
  },
  "monthly": [
    {
      "month": "2025-01",
      "signals": 399,
      "wins": 158,
      "losses": 128,
      "no_fills": 113,
      "open": 0,
      "pnl": 263.13000000000466,
      "trading_pnl": 263.13000000000466,
      "bonus": 0.0,
      "closed_lots": 5.039999999999974,
      "equity_start": 1000.0,
      "equity_end": 1263.1300000000047,
      "win_rate_pct": 55.24475524475524,
      "pnl_pct": 26.313000000000464
    },
    {
      "month": "2025-02",
      "signals": 365,
      "wins": 157,
      "losses": 134,
      "no_fills": 74,
      "open": 0,
      "pnl": 106.83999999994239,
      "trading_pnl": 106.83999999994239,
      "bonus": 0.0,
      "closed_lots": 5.37999999999997,
      "equity_start": 1263.1300000000047,
      "equity_end": 1369.969999999947,
      "win_rate_pct": 53.95189003436426,
      "pnl_pct": 8.458353455300879
    },
    {
      "month": "2025-03",
      "signals": 384,
      "wins": 180,
      "losses": 136,
      "no_fills": 68,
      "open": 0,
      "pnl": 40.82000000004382,
      "trading_pnl": 40.82000000004382,
      "bonus": 0.0,
      "closed_lots": 5.979999999999957,
      "equity_start": 1369.969999999947,
      "equity_end": 1416.3899999999899,
      "win_rate_pct": 56.9620253164557,
      "pnl_pct": 2.9796272911118784
    },
    {
      "month": "2025-04",
      "signals": 382,
      "wins": 207,
      "losses": 134,
      "no_fills": 41,
      "open": 0,
      "pnl": 95.5199999999827,
      "trading_pnl": 95.5199999999827,
      "bonus": 0.0,
      "closed_lots": 6.569999999999945,
      "equity_start": 1401.4499999999912,
      "equity_end": 1564.6299999999733,
      "win_rate_pct": 60.70381231671554,
      "pnl_pct": 6.815797923577958
    },
    {
      "month": "2025-05",
      "signals": 388,
      "wins": 203,
      "losses": 139,
      "no_fills": 46,
      "open": 0,
      "pnl": 139.6300000000283,
      "trading_pnl": 139.6300000000283,
      "bonus": 0.0,
      "closed_lots": 6.609999999999946,
      "equity_start": 1506.3099999999736,
      "equity_end": 1645.9400000000019,
      "win_rate_pct": 59.356725146198826,
      "pnl_pct": 9.26967224542297
    },
    {
      "month": "2025-06",
      "signals": 372,
      "wins": 174,
      "losses": 141,
      "no_fills": 56,
      "open": 0,
      "pnl": -237.85999999999376,
      "trading_pnl": -237.85999999999376,
      "bonus": 0.0,
      "closed_lots": 6.049999999999958,
      "equity_start": 1645.9400000000019,
      "equity_end": 1408.080000000008,
      "win_rate_pct": 55.23809523809524,
      "pnl_pct": -14.451316572900197
    },
    {
      "month": "2025-07",
      "signals": 421,
      "wins": 185,
      "losses": 148,
      "no_fills": 87,
      "open": 0,
      "pnl": -146.95000000001664,
      "trading_pnl": -146.95000000001664,
      "bonus": 0.0,
      "closed_lots": 6.179999999999953,
      "equity_start": 1408.080000000008,
      "equity_end": 1300.7499999999923,
      "win_rate_pct": 55.55555555555556,
      "pnl_pct": -10.436196807000723
    },
    {
      "month": "2025-08",
      "signals": 388,
      "wins": 168,
      "losses": 150,
      "no_fills": 70,
      "open": 0,
      "pnl": -176.49000000006936,
      "trading_pnl": -176.49000000006936,
      "bonus": 0.0,
      "closed_lots": 5.979999999999958,
      "equity_start": 1256.029999999991,
      "equity_end": 1084.639999999922,
      "win_rate_pct": 52.83018867924528,
      "pnl_pct": -14.05141596936941
    },
    {
      "month": "2025-09",
      "signals": 402,
      "wins": 205,
      "losses": 140,
      "no_fills": 57,
      "open": 0,
      "pnl": 358.7699999999186,
      "trading_pnl": 358.7699999999186,
      "bonus": 0.0,
      "closed_lots": 6.539999999999946,
      "equity_start": 1084.639999999922,
      "equity_end": 1481.469999999838,
      "win_rate_pct": 59.42028985507246,
      "pnl_pct": 33.07733441510034
    },
    {
      "month": "2025-10",
      "signals": 424,
      "wins": 254,
      "losses": 126,
      "no_fills": 44,
      "open": 0,
      "pnl": 756.4199999999123,
      "trading_pnl": 756.4199999999123,
      "bonus": 0.0,
      "closed_lots": 7.4399999999999284,
      "equity_start": 1435.3299999998412,
      "equity_end": 2199.829999999753,
      "win_rate_pct": 66.84210526315789,
      "pnl_pct": 52.700075940724155
    },
    {
      "month": "2025-11",
      "signals": 366,
      "wins": 202,
      "losses": 135,
      "no_fills": 29,
      "open": 0,
      "pnl": 340.97999999993226,
      "trading_pnl": 340.97999999993226,
      "bonus": 0.0,
      "closed_lots": 6.559999999999947,
      "equity_start": 2199.829999999753,
      "equity_end": 2540.8099999996853,
      "win_rate_pct": 59.940652818991104,
      "pnl_pct": 15.50028865866774
    },
    {
      "month": "2025-12",
      "signals": 402,
      "wins": 222,
      "losses": 147,
      "no_fills": 33,
      "open": 0,
      "pnl": 70.41999999993459,
      "trading_pnl": 70.41999999993459,
      "bonus": 0.0,
      "closed_lots": 7.179999999999933,
      "equity_start": 2540.8099999996853,
      "equity_end": 2611.22999999962,
      "win_rate_pct": 60.16260162601627,
      "pnl_pct": 2.7715571018668577
    },
    {
      "month": "2026-01",
      "signals": 397,
      "wins": 241,
      "losses": 119,
      "no_fills": 37,
      "open": 0,
      "pnl": 946.7399999999534,
      "trading_pnl": 946.7399999999534,
      "bonus": 0.0,
      "closed_lots": 7.039999999999937,
      "equity_start": 2611.22999999962,
      "equity_end": 3557.9699999995732,
      "win_rate_pct": 66.94444444444444,
      "pnl_pct": 36.25647683276047
    },
    {
      "month": "2026-02",
      "signals": 362,
      "wins": 236,
      "losses": 108,
      "no_fills": 18,
      "open": 0,
      "pnl": 1260.7800000000198,
      "trading_pnl": 1260.7800000000198,
      "bonus": 0.0,
      "closed_lots": 6.849999999999942,
      "equity_start": 3557.9699999995732,
      "equity_end": 4818.749999999593,
      "win_rate_pct": 68.6046511627907,
      "pnl_pct": 35.43537466589575
    },
    {
      "month": "2026-03",
      "signals": 401,
      "wins": 242,
      "losses": 138,
      "no_fills": 21,
      "open": 0,
      "pnl": 520.0000000000837,
      "trading_pnl": 520.0000000000837,
      "bonus": 0.0,
      "closed_lots": 7.489999999999928,
      "equity_start": 4818.749999999593,
      "equity_end": 5372.589999999676,
      "win_rate_pct": 63.68421052631579,
      "pnl_pct": 10.791180285346357
    },
    {
      "month": "2026-04",
      "signals": 377,
      "wins": 219,
      "losses": 136,
      "no_fills": 22,
      "open": 0,
      "pnl": 36.85000000008222,
      "trading_pnl": 36.85000000008222,
      "bonus": 0.0,
      "closed_lots": 6.989999999999939,
      "equity_start": 5307.489999999675,
      "equity_end": 5371.579999999759,
      "win_rate_pct": 61.69014084507042,
      "pnl_pct": 0.6943018262885936
    },
    {
      "month": "2026-05",
      "signals": 387,
      "wins": 233,
      "losses": 126,
      "no_fills": 28,
      "open": 0,
      "pnl": 589.8600000000642,
      "trading_pnl": 589.8600000000642,
      "bonus": 0.0,
      "closed_lots": 7.049999999999938,
      "equity_start": 5371.0599999997585,