{
  "rank": 2,
  "candidate_id": "459c9cf43bdad985",
  "filter_preset": "self_limit",
  "metrics": {
    "candidate_id": "459c9cf43bdad985",
    "filter_preset": "self_limit",
    "passes_recommendation_gate": false,
    "passes_dd": false,
    "passes_edge": true,
    "passes_consistency": true,
    "passes_oos": true,
    "score": 12336.561111110503,
    "fixed_no_bonus_profit": 13712.899999999252,
    "fixed_with_bonus_profit": 14160.829999999138,
    "bonus_contribution": 447.9299999998857,
    "concurrent_risk_max_dd_pct": 76.17208898834878,
    "risk_net_profit_with_bonus": 2479791840933.8677,
    "stable_months": 13,
    "total_months": 18,
    "stable_fraction": 0.7222222222222222,
    "worst_month_pnl": -302.06000000007907,
    "oos_fixed_no_bonus_profit": 9731.199999999728
  },
  "monthly": [
    {
      "month": "2025-01",
      "signals": 399,
      "wins": 143,
      "losses": 108,
      "no_fills": 148,
      "open": 0,
      "pnl": 189.73000000000275,
      "trading_pnl": 189.73000000000275,
      "bonus": 0.0,
      "closed_lots": 5.429999999999978,
      "equity_start": 1000.0,
      "equity_end": 1189.7300000000027,
      "win_rate_pct": 56.97211155378486,
      "pnl_pct": 18.973000000000276
    },
    {
      "month": "2025-02",
      "signals": 365,
      "wins": 162,
      "losses": 107,
      "no_fills": 96,
      "open": 0,
      "pnl": -42.06000000007725,
      "trading_pnl": -42.06000000007725,
      "bonus": 0.0,
      "closed_lots": 6.209999999999988,
      "equity_start": 1189.7300000000027,
      "equity_end": 1147.6699999999255,
      "win_rate_pct": 60.223048327137555,
      "pnl_pct": -3.5352558984036007
    },
    {
      "month": "2025-03",
      "signals": 384,
      "wins": 137,
      "losses": 146,
      "no_fills": 101,
      "open": 0,
      "pnl": -240.7699999999395,
      "trading_pnl": -240.7699999999395,
      "bonus": 0.0,
      "closed_lots": 7.019999999999998,
      "equity_start": 1147.6699999999255,
      "equity_end": 906.899999999986,
      "win_rate_pct": 48.409893992932865,
      "pnl_pct": -20.97902707223811
    },
    {
      "month": "2025-04",
      "signals": 382,
      "wins": 212,
      "losses": 120,
      "no_fills": 50,
      "open": 0,
      "pnl": 966.4600000000169,
      "trading_pnl": 966.4600000000169,
      "bonus": 0.0,
      "closed_lots": 8.999999999999986,
      "equity_start": 906.899999999986,
      "equity_end": 1882.9800000000027,
      "win_rate_pct": 63.85542168674698,
      "pnl_pct": 106.56742750027917
    },
    {
      "month": "2025-05",
      "signals": 388,
      "wins": 188,
      "losses": 141,
      "no_fills": 59,
      "open": 0,
      "pnl": 375.920000000071,
      "trading_pnl": 375.920000000071,
      "bonus": 0.0,
      "closed_lots": 8.71999999999999,
      "equity_start": 1873.3600000000029,
      "equity_end": 2249.280000000074,
      "win_rate_pct": 57.14285714285714,
      "pnl_pct": 20.06661826878285
    },
    {
      "month": "2025-06",
      "signals": 372,
      "wins": 167,
      "losses": 129,
      "no_fills": 76,
      "open": 0,
      "pnl": -123.45999999998594,
      "trading_pnl": -123.45999999998594,
      "bonus": 0.0,
      "closed_lots": 7.649999999999999,
      "equity_start": 2249.280000000074,
      "equity_end": 2125.820000000088,
      "win_rate_pct": 56.41891891891891,
      "pnl_pct": -5.488867548725898
    },
    {
      "month": "2025-07",
      "signals": 421,
      "wins": 160,
      "losses": 153,
      "no_fills": 108,
      "open": 0,
      "pnl": -231.19000000001142,
      "trading_pnl": -231.19000000001142,
      "bonus": 0.0,
      "closed_lots": 7.23999999999999,
      "equity_start": 2125.820000000088,
      "equity_end": 1894.6300000000765,
      "win_rate_pct": 51.118210862619804,
      "pnl_pct": -10.87533281274999
    },
    {
      "month": "2025-08",
      "signals": 388,
      "wins": 144,
      "losses": 150,
      "no_fills": 93,
      "open": 0,
      "pnl": -302.06000000007907,
      "trading_pnl": -302.06000000007907,
      "bonus": 0.0,
      "closed_lots": 6.969999999999986,
      "equity_start": 1894.6300000000765,
      "equity_end": 1592.5699999999974,
      "win_rate_pct": 48.97959183673469,
      "pnl_pct": -15.942954561052389
    },
    {
      "month": "2025-09",
      "signals": 402,
      "wins": 186,
      "losses": 133,
      "no_fills": 83,
      "open": 0,
      "pnl": 308.5499999998988,
      "trading_pnl": 308.5499999998988,
      "bonus": 0.0,
      "closed_lots": 8.139999999999997,
      "equity_start": 1592.5699999999974,
      "equity_end": 1901.1199999998962,
      "win_rate_pct": 58.307210031347964,
      "pnl_pct": 19.374344612789347
    },
    {
      "month": "2025-10",
      "signals": 424,
      "wins": 254,
      "losses": 119,
      "no_fills": 51,
      "open": 0,
      "pnl": 1849.1799999998498,
      "trading_pnl": 1849.1799999998498,
      "bonus": 0.0,
      "closed_lots": 10.219999999999967,
      "equity_start": 1901.1199999998962,
      "equity_end": 3750.299999999746,
      "win_rate_pct": 68.09651474530831,
      "pnl_pct": 97.26792627503528
    },
    {
      "month": "2025-11",
      "signals": 366,
      "wins": 199,
      "losses": 130,
      "no_fills": 37,
      "open": 0,
      "pnl": 700.1199999998739,
      "trading_pnl": 700.1199999998739,
      "bonus": 0.0,
      "closed_lots": 8.91999999999999,
      "equity_start": 3750.299999999746,
      "equity_end": 4450.419999999617,
      "win_rate_pct": 60.48632218844985,
      "pnl_pct": 18.668373196808822
    },
    {
      "month": "2025-12",
      "signals": 402,
      "wins": 220,
      "losses": 135,
      "no_fills": 47,
      "open": 0,
      "pnl": 531.279999999877,
      "trading_pnl": 531.279999999877,
      "bonus": 0.0,
      "closed_lots": 9.359999999999976,
      "equity_start": 4450.419999999617,
      "equity_end": 4981.699999999494,
      "win_rate_pct": 61.97183098591549,
      "pnl_pct": 11.937749695532617
    },
    {
      "month": "2026-01",
      "signals": 397,
      "wins": 238,
      "losses": 117,
      "no_fills": 41,
      "open": 0,
      "pnl": 1969.519999999844,
      "trading_pnl": 1969.519999999844,
      "bonus": 0.0,
      "closed_lots": 9.809999999999972,
      "equity_start": 4981.699999999494,
      "equity_end": 6951.219999999338,
      "win_rate_pct": 67.04225352112675,
      "pnl_pct": 39.535098460365816
    },
    {
      "month": "2026-02",
      "signals": 362,
      "wins": 225,
      "losses": 118,
      "no_fills": 19,
      "open": 0,
      "pnl": 2979.279999999906,
      "trading_pnl": 2979.279999999906,
      "bonus": 0.0,
      "closed_lots": 9.809999999999976,
      "equity_start": 6951.219999999338,
      "equity_end": 9930.499999999252,
      "win_rate_pct": 65.59766763848397,
      "pnl_pct": 42.859814536156094
    },
    {
      "month": "2026-03",
      "signals": 401,
      "wins": 243,
      "losses": 133,
      "no_fills": 25,
      "open": 0,
      "pnl": 2398.109999999976,
      "trading_pnl": 2398.109999999976,
      "bonus": 0.0,
      "closed_lots": 10.739999999999954,
      "equity_start": 9930.499999999252,
      "equity_end": 12328.609999999251,
      "win_rate_pct": 64.62765957446808,
      "pnl_pct": 24.14893509893919
    },
    {
      "month": "2026-04",
      "signals": 377,
      "wins": 204,
      "losses": 148,
      "no_fills": 25,
      "open": 0,
      "pnl": 625.6699999999882,
      "trading_pnl": 625.6699999999882,
      "bonus": 0.0,
      "closed_lots": 9.849999999999975,
      "equity_start": 12328.609999999251,
      "equity_end": 12954.279999999264,
      "win_rate_pct": 57.95454545454546,
      "pnl_pct": 5.07494356622544
    },
    {
      "month": "2026-05",
      "signals": 387,
      "wins": 226,
      "losses": 125,
      "no_fills": 36,
      "open": 0,
      "pnl": 1241.8099999999858,
      "trading_pnl": 1241.8099999999858,
      "bonus": 0.0,
      "closed_lots": 9.819999999999972,