{
  "rank": 6,
  "candidate_id": "1c12c691874bfbd7",
  "filter_preset": "self_limit",
  "metrics": {
    "candidate_id": "1c12c691874bfbd7",
    "filter_preset": "self_limit",
    "passes_recommendation_gate": false,
    "passes_dd": false,
    "passes_edge": true,
    "passes_consistency": true,
    "passes_oos": true,
    "score": 13645.172916665344,
    "fixed_no_bonus_profit": 13619.824999998653,
    "fixed_with_bonus_profit": 14270.614999998214,
    "bonus_contribution": 650.7899999995607,
    "concurrent_risk_max_dd_pct": 87.8823711895192,
    "risk_net_profit_with_bonus": 2636132351516289.0,
    "stable_months": 15,
    "total_months": 18,
    "stable_fraction": 0.8333333333333334,
    "worst_month_pnl": -560.4399999999168,
    "oos_fixed_no_bonus_profit": 9181.2749999992
  },
  "monthly": [
    {
      "month": "2025-01",
      "signals": 543,
      "wins": 274,
      "losses": 140,
      "no_fills": 129,
      "open": 0,
      "pnl": 177.44000000002097,
      "trading_pnl": 177.44000000002097,
      "bonus": 0.0,
      "closed_lots": 11.049999999999944,
      "equity_start": 1000.0,
      "equity_end": 1177.440000000021,
      "win_rate_pct": 66.18357487922705,
      "pnl_pct": 17.744000000002096
    },
    {
      "month": "2025-02",
      "signals": 495,
      "wins": 283,
      "losses": 114,
      "no_fills": 94,
      "open": 0,
      "pnl": 200.62999999994145,
      "trading_pnl": 200.62999999994145,
      "bonus": 0.0,
      "closed_lots": 10.81999999999995,
      "equity_start": 1177.440000000021,
      "equity_end": 1378.0699999999624,
      "win_rate_pct": 71.28463476070529,
      "pnl_pct": 17.03950944421269
    },
    {
      "month": "2025-03",
      "signals": 503,
      "wins": 245,
      "losses": 169,
      "no_fills": 86,
      "open": 0,
      "pnl": -560.4399999999168,
      "trading_pnl": -560.4399999999168,
      "bonus": 0.0,
      "closed_lots": 11.64999999999993,
      "equity_start": 1378.0699999999624,
      "equity_end": 823.1900000000446,
      "win_rate_pct": 59.17874396135265,
      "pnl_pct": -40.66847112265212
    },
    {
      "month": "2025-04",
      "signals": 486,
      "wins": 314,
      "losses": 122,
      "no_fills": 43,
      "open": 0,
      "pnl": 328.85500000003776,
      "trading_pnl": 328.85500000003776,
      "bonus": 0.0,
      "closed_lots": 12.759999999999913,
      "equity_start": 805.630000000046,
      "equity_end": 1192.845000000083,
      "win_rate_pct": 72.01834862385321,
      "pnl_pct": 40.81960701562988
    },
    {
      "month": "2025-05",
      "signals": 452,
      "wins": 293,
      "losses": 107,
      "no_fills": 49,
      "open": 0,
      "pnl": 288.56500000009373,
      "trading_pnl": 288.56500000009373,
      "bonus": 0.0,
      "closed_lots": 11.469999999999944,
      "equity_start": 1146.4850000000833,
      "equity_end": 1435.050000000177,
      "win_rate_pct": 73.25,
      "pnl_pct": 25.16953994165408
    },
    {
      "month": "2025-06",
      "signals": 441,
      "wins": 250,
      "losses": 131,
      "no_fills": 59,
      "open": 0,
      "pnl": -411.4849999999765,
      "trading_pnl": -411.4849999999765,
      "bonus": 0.0,
      "closed_lots": 10.849999999999957,
      "equity_start": 1435.050000000177,
      "equity_end": 1023.5650000002006,
      "win_rate_pct": 65.61679790026247,
      "pnl_pct": -28.673913800907684
    },
    {
      "month": "2025-07",
      "signals": 501,
      "wins": 301,
      "losses": 124,
      "no_fills": 76,
      "open": 0,
      "pnl": -15.279999999972006,
      "trading_pnl": -15.279999999972006,
      "bonus": 0.0,
      "closed_lots": 11.339999999999934,
      "equity_start": 1023.5650000002006,
      "equity_end": 1002.6200000002291,
      "win_rate_pct": 70.82352941176471,
      "pnl_pct": -1.4928216576347386
    },
    {
      "month": "2025-08",
      "signals": 496,
      "wins": 265,
      "losses": 160,
      "no_fills": 71,
      "open": 0,
      "pnl": 92.19999999991842,
      "trading_pnl": 92.19999999991842,
      "bonus": 0.0,
      "closed_lots": 11.639999999999935,
      "equity_start": 993.6850000002282,
      "equity_end": 1100.485000000147,
      "win_rate_pct": 62.35294117647059,
      "pnl_pct": 9.278594323140355
    },
    {
      "month": "2025-09",
      "signals": 551,
      "wins": 341,
      "losses": 132,
      "no_fills": 74,
      "open": 0,
      "pnl": 542.6449999998927,
      "trading_pnl": 542.6449999998927,
      "bonus": 0.0,
      "closed_lots": 13.229999999999901,
      "equity_start": 1100.485000000147,
      "equity_end": 1663.5400000000345,
      "win_rate_pct": 72.09302325581395,
      "pnl_pct": 49.30962257548446
    },
    {
      "month": "2025-10",
      "signals": 565,
      "wins": 416,
      "losses": 93,
      "no_fills": 48,
      "open": 0,
      "pnl": 2445.019999999798,
      "trading_pnl": 2445.019999999798,
      "bonus": 0.0,
      "closed_lots": 14.929999999999868,
      "equity_start": 1638.5300000000407,
      "equity_end": 4088.1499999998373,
      "win_rate_pct": 81.72888015717092,
      "pnl_pct": 149.2203377417403
    },
    {
      "month": "2025-11",
      "signals": 445,
      "wins": 319,
      "losses": 93,
      "no_fills": 33,
      "open": 0,
      "pnl": 966.8849999998256,
      "trading_pnl": 966.8849999998256,
      "bonus": 0.0,
      "closed_lots": 11.869999999999935,
      "equity_start": 4088.1499999998373,
      "equity_end": 5055.034999999672,
      "win_rate_pct": 77.42718446601941,
      "pnl_pct": 23.650917896844884
    },
    {
      "month": "2025-12",
      "signals": 495,
      "wins": 323,
      "losses": 126,
      "no_fills": 40,
      "open": 0,
      "pnl": 383.5149999997784,
      "trading_pnl": 383.5149999997784,
      "bonus": 0.0,
      "closed_lots": 13.099999999999907,
      "equity_start": 5055.034999999672,
      "equity_end": 5438.549999999451,
      "win_rate_pct": 71.93763919821826,
      "pnl_pct": 7.586792178487454
    },
    {
      "month": "2026-01",
      "signals": 556,
      "wins": 372,
      "losses": 115,
      "no_fills": 46,
      "open": 0,
      "pnl": 1770.6299999996781,
      "trading_pnl": 1770.6299999996781,
      "bonus": 0.0,
      "closed_lots": 14.809999999999873,
      "equity_start": 5438.549999999451,
      "equity_end": 7209.179999999129,
      "win_rate_pct": 76.38603696098562,
      "pnl_pct": 32.55702347132704
    },
    {
      "month": "2026-02",
      "signals": 434,
      "wins": 315,
      "losses": 77,
      "no_fills": 18,
      "open": 0,
      "pnl": 2847.7449999998407,
      "trading_pnl": 2847.7449999998407,
      "bonus": 0.0,
      "closed_lots": 12.179999999999929,
      "equity_start": 7209.179999999129,
      "equity_end": 10056.924999998979,
      "win_rate_pct": 80.35714285714286,
      "pnl_pct": 39.50164928605174
    },
    {
      "month": "2026-03",
      "signals": 505,
      "wins": 359,
      "losses": 82,
      "no_fills": 24,
      "open": 0,
      "pnl": 2685.404999999926,
      "trading_pnl": 2685.404999999926,
      "bonus": 0.0,
      "closed_lots": 14.149999999999888,
      "equity_start": 10056.924999998979,
      "equity_end": 12748.1799999989,
      "win_rate_pct": 81.40589569160997,
      "pnl_pct": 26.702048588412445
    },
    {
      "month": "2026-04",
      "signals": 427,
      "wins": 294,
      "losses": 98,
      "no_fills": 21,
      "open": 0,
      "pnl": 896.7049999999053,
      "trading_pnl": 896.7049999999053,
      "bonus": 0.0,
      "closed_lots": 11.899999999999936,
      "equity_start": 12716.2299999989,
      "equity_end": 13639.034999998816,
      "win_rate_pct": 75.0,
      "pnl_pct": 7.051657606067072
    },
    {
      "month": "2026-05",
      "signals": 487,
      "wins": 325,
      "losses": 130,
      "no_fills": 28,
      "open": 0,
      "pnl": 407.8399999998974,
      "trading_pnl": 407.8399999998974,
      "bonus": 0.0,
      "closed_lots": 13.439999999999902,
      "equity_start": 13639.034999998816,