{
  "rank": 1,
  "candidate_id": "c436ad8d6ac43780",
  "filter_preset": "self_limit",
  "metrics": {
    "candidate_id": "c436ad8d6ac43780",
    "filter_preset": "self_limit",
    "passes_recommendation_gate": false,
    "passes_dd": false,
    "passes_edge": true,
    "passes_consistency": true,
    "passes_oos": false,
    "score": 21546.689166664364,
    "fixed_no_bonus_profit": 26157.019999997374,
    "fixed_with_bonus_profit": 27289.249999997068,
    "bonus_contribution": 1132.229999999694,
    "concurrent_risk_max_dd_pct": 99.13638079660679,
    "risk_net_profit_with_bonus": 7076474.1099763,
    "stable_months": 15,
    "total_months": 18,
    "stable_fraction": 0.8333333333333334,
    "worst_month_pnl": -1835.1200000002455,
    "oos_fixed_no_bonus_profit": -1003.3100000004624
  },
  "monthly": [
    {
      "month": "2025-01",
      "signals": 543,
      "wins": 315,
      "losses": 133,
      "no_fills": 95,
      "open": 0,
      "pnl": 1763.5699999999774,
      "trading_pnl": 1763.5699999999774,
      "bonus": 0.0,
      "closed_lots": 16.52999999999994,
      "equity_start": 1000.0,
      "equity_end": 2763.5699999999774,
      "win_rate_pct": 70.3125,
      "pnl_pct": 176.35699999999775
    },
    {
      "month": "2025-02",
      "signals": 495,
      "wins": 279,
      "losses": 138,
      "no_fills": 78,
      "open": 0,
      "pnl": 714.059999999894,
      "trading_pnl": 714.059999999894,
      "bonus": 0.0,
      "closed_lots": 17.459999999999994,
      "equity_start": 2763.5699999999774,
      "equity_end": 3477.6299999998714,
      "win_rate_pct": 66.90647482014388,
      "pnl_pct": 25.838317828023165
    },
    {
      "month": "2025-03",
      "signals": 503,
      "wins": 265,
      "losses": 151,
      "no_fills": 87,
      "open": 0,
      "pnl": 967.6899999999573,
      "trading_pnl": 967.6899999999573,
      "bonus": 0.0,
      "closed_lots": 18.639999999999986,
      "equity_start": 3477.6299999998714,
      "equity_end": 4470.319999999829,
      "win_rate_pct": 63.70192307692307,
      "pnl_pct": 27.826134465138413
    },
    {
      "month": "2025-04",
      "signals": 486,
      "wins": 280,
      "losses": 161,
      "no_fills": 45,
      "open": 0,
      "pnl": 1834.0199999998495,
      "trading_pnl": 1834.0199999998495,
      "bonus": 0.0,
      "closed_lots": 23.0599999999999,
      "equity_start": 4438.319999999829,
      "equity_end": 6381.319999999678,
      "win_rate_pct": 63.49206349206349,
      "pnl_pct": 41.3223922565277
    },
    {
      "month": "2025-05",
      "signals": 452,
      "wins": 262,
      "losses": 142,
      "no_fills": 48,
      "open": 0,
      "pnl": 2074.0099999999065,
      "trading_pnl": 2074.0099999999065,
      "bonus": 0.0,
      "closed_lots": 20.099999999999945,
      "equity_start": 6279.339999999677,
      "equity_end": 8353.34999999959,
      "win_rate_pct": 64.85148514851485,
      "pnl_pct": 33.02910815467889
    },
    {
      "month": "2025-06",
      "signals": 441,
      "wins": 248,
      "losses": 143,
      "no_fills": 50,
      "open": 0,
      "pnl": 193.68999999991956,
      "trading_pnl": 193.68999999991956,
      "bonus": 0.0,
      "closed_lots": 18.799999999999986,
      "equity_start": 8353.34999999959,
      "equity_end": 8547.039999999506,
      "win_rate_pct": 63.42710997442455,
      "pnl_pct": 2.3187104574802815
    },
    {
      "month": "2025-07",
      "signals": 501,
      "wins": 289,
      "losses": 138,
      "no_fills": 74,
      "open": 0,
      "pnl": 1294.1599999999394,
      "trading_pnl": 1294.1599999999394,
      "bonus": 0.0,
      "closed_lots": 18.27999999999996,
      "equity_start": 8547.039999999506,
      "equity_end": 9841.19999999943,
      "win_rate_pct": 67.68149882903981,
      "pnl_pct": 15.14161627885226
    },
    {
      "month": "2025-08",
      "signals": 496,
      "wins": 287,
      "losses": 143,
      "no_fills": 66,
      "open": 0,
      "pnl": 2270.1899999998923,
      "trading_pnl": 2270.1899999998923,
      "bonus": 0.0,
      "closed_lots": 18.479999999999986,
      "equity_start": 9841.19999999943,
      "equity_end": 12111.38999999932,
      "win_rate_pct": 66.74418604651163,
      "pnl_pct": 23.068223387392024
    },
    {
      "month": "2025-09",
      "signals": 551,
      "wins": 349,
      "losses": 133,
      "no_fills": 69,
      "open": 0,
      "pnl": 4181.639999999923,
      "trading_pnl": 4181.639999999923,
      "bonus": 0.0,
      "closed_lots": 22.259999999999902,
      "equity_start": 12111.38999999932,
      "equity_end": 16293.029999999238,
      "win_rate_pct": 72.40663900414937,
      "pnl_pct": 34.52650769234711
    },
    {
      "month": "2025-10",
      "signals": 565,
      "wins": 368,
      "losses": 148,
      "no_fills": 49,
      "open": 0,
      "pnl": 6361.119999999845,
      "trading_pnl": 6361.119999999845,
      "bonus": 0.0,
      "closed_lots": 26.739999999999835,
      "equity_start": 16293.029999999238,
      "equity_end": 22654.14999999902,
      "win_rate_pct": 71.31782945736434,
      "pnl_pct": 39.04197070772068
    },
    {
      "month": "2025-11",
      "signals": 445,
      "wins": 262,
      "losses": 147,
      "no_fills": 36,
      "open": 0,
      "pnl": 1767.8599999998737,
      "trading_pnl": 1767.8599999998737,
      "bonus": 0.0,
      "closed_lots": 21.319999999999947,
      "equity_start": 22654.14999999902,
      "equity_end": 24422.009999998845,
      "win_rate_pct": 64.05867970660147,
      "pnl_pct": 7.803691597345079
    },
    {
      "month": "2025-12",
      "signals": 495,
      "wins": 282,
      "losses": 170,
      "no_fills": 43,
      "open": 0,
      "pnl": 1509.0899999998564,
      "trading_pnl": 1509.0899999998564,
      "bonus": 0.0,
      "closed_lots": 23.0299999999999,
      "equity_start": 24422.009999998845,
      "equity_end": 25931.09999999866,
      "win_rate_pct": 62.38938053097345,
      "pnl_pct": 6.179221120619998
    },
    {
      "month": "2026-01",
      "signals": 556,
      "wins": 312,
      "losses": 194,
      "no_fills": 50,
      "open": 0,
      "pnl": 2116.569999999828,
      "trading_pnl": 2116.569999999828,
      "bonus": 0.0,
      "closed_lots": 26.599999999999817,
      "equity_start": 25931.09999999866,
      "equity_end": 28047.669999998405,
      "win_rate_pct": 61.6600790513834,
      "pnl_pct": 8.162283898484588
    },
    {
      "month": "2026-02",
      "signals": 434,
      "wins": 215,
      "losses": 189,
      "no_fills": 30,
      "open": 0,
      "pnl": -1323.5700000001825,
      "trading_pnl": -1323.5700000001825,
      "bonus": 0.0,
      "closed_lots": 22.369999999999916,
      "equity_start": 28047.669999998405,
      "equity_end": 26724.099999998147,
      "win_rate_pct": 53.21782178217822,
      "pnl_pct": -4.719001614038734
    },
    {
      "month": "2026-03",
      "signals": 505,
      "wins": 241,
      "losses": 233,
      "no_fills": 31,
      "open": 0,
      "pnl": -1835.1200000002455,
      "trading_pnl": -1835.1200000002455,
      "bonus": 0.0,
      "closed_lots": 26.119999999999852,
      "equity_start": 26724.099999998147,
      "equity_end": 24888.97999999783,
      "win_rate_pct": 50.84388185654009,
      "pnl_pct": -6.866910391745177
    },
    {
      "month": "2026-04",
      "signals": 427,
      "wins": 229,
      "losses": 178,
      "no_fills": 20,
      "open": 0,
      "pnl": -421.51000000015756,
      "trading_pnl": -421.51000000015756,
      "bonus": 0.0,
      "closed_lots": 22.27999999999993,
      "equity_start": 24888.97999999783,
      "equity_end": 24467.469999997636,
      "win_rate_pct": 56.26535626535627,
      "pnl_pct": -1.6935607646444102
    },
    {
      "month": "2026-05",
      "signals": 487,
      "wins": 268,
      "losses": 183,
      "no_fills": 36,
      "open": 0,
      "pnl": 1100.5799999998117,
      "trading_pnl": 1100.5799999998117,
      "bonus": 0.0,
      "closed_lots": 24.729999999999873,