{
  "rank": 13,
  "candidate_id": "97cd547d4798d6d3",
  "filter_preset": "self_limit",
  "metrics": {
    "candidate_id": "97cd547d4798d6d3",
    "filter_preset": "self_limit",
    "passes_recommendation_gate": false,
    "passes_dd": false,
    "passes_edge": true,
    "passes_consistency": true,
    "passes_oos": true,
    "score": 7738.2100925903815,
    "fixed_no_bonus_profit": 8993.79333333106,
    "fixed_with_bonus_profit": 9764.253333332257,
    "bonus_contribution": 770.4600000011978,
    "concurrent_risk_max_dd_pct": 100.1326330592303,
    "risk_net_profit_with_bonus": -1021.123333330953,
    "stable_months": 14,
    "total_months": 18,
    "stable_fraction": 0.7777777777777778,
    "worst_month_pnl": -1223.1600000004028,
    "oos_fixed_no_bonus_profit": 2972.149999998228
  },
  "monthly": [
    {
      "month": "2025-01",
      "signals": 543,
      "wins": 198,
      "losses": 121,
      "no_fills": 224,
      "open": 0,
      "pnl": 1068.8633333333646,
      "trading_pnl": 1068.8633333333646,
      "bonus": 0.0,
      "closed_lots": 11.039999999999937,
      "equity_start": 1000.0,
      "equity_end": 2068.8633333333646,
      "win_rate_pct": 62.06896551724138,
      "pnl_pct": 106.88633333333645
    },
    {
      "month": "2025-02",
      "signals": 495,
      "wins": 188,
      "losses": 134,
      "no_fills": 173,
      "open": 0,
      "pnl": 98.54999999998472,
      "trading_pnl": 98.54999999998472,
      "bonus": 0.0,
      "closed_lots": 11.769999999999921,
      "equity_start": 2068.8633333333646,
      "equity_end": 2167.4133333333493,
      "win_rate_pct": 58.38509316770186,
      "pnl_pct": 4.76348526324358
    },
    {
      "month": "2025-03",
      "signals": 503,
      "wins": 222,
      "losses": 135,
      "no_fills": 146,
      "open": 0,
      "pnl": 1086.6616666667728,
      "trading_pnl": 1086.6616666667728,
      "bonus": 0.0,
      "closed_lots": 13.099999999999895,
      "equity_start": 2167.4133333333493,
      "equity_end": 3254.075000000122,
      "win_rate_pct": 62.18487394957983,
      "pnl_pct": 50.136337631343885
    },
    {
      "month": "2025-04",
      "signals": 486,
      "wins": 231,
      "losses": 174,
      "no_fills": 81,
      "open": 0,
      "pnl": 829.9166666667143,
      "trading_pnl": 829.9166666667143,
      "bonus": 0.0,
      "closed_lots": 15.619999999999845,
      "equity_start": 3254.075000000122,
      "equity_end": 4158.6666666668425,
      "win_rate_pct": 57.03703703703704,
      "pnl_pct": 25.503919444594338
    },
    {
      "month": "2025-05",
      "signals": 452,
      "wins": 192,
      "losses": 170,
      "no_fills": 90,
      "open": 0,
      "pnl": 611.965000000122,
      "trading_pnl": 611.965000000122,
      "bonus": 0.0,
      "closed_lots": 13.789999999999882,
      "equity_start": 4083.991666666839,
      "equity_end": 4695.956666666962,
      "win_rate_pct": 53.03867403314917,
      "pnl_pct": 14.984482093705614
    },
    {
      "month": "2025-06",
      "signals": 441,
      "wins": 180,
      "losses": 158,
      "no_fills": 103,
      "open": 0,
      "pnl": -13.109999999977845,
      "trading_pnl": -13.109999999977845,
      "bonus": 0.0,
      "closed_lots": 12.809999999999903,
      "equity_start": 4695.956666666962,
      "equity_end": 4682.846666666996,
      "win_rate_pct": 53.25443786982249,
      "pnl_pct": -0.2791763410645546
    },
    {
      "month": "2025-07",
      "signals": 501,
      "wins": 170,
      "losses": 166,
      "no_fills": 165,
      "open": 0,
      "pnl": -840.3133333333067,
      "trading_pnl": -840.3133333333067,
      "bonus": 0.0,
      "closed_lots": 12.119999999999914,
      "equity_start": 4682.846666666996,
      "equity_end": 3785.593333333699,
      "win_rate_pct": 50.595238095238095,
      "pnl_pct": -17.944498147136592
    },
    {
      "month": "2025-08",
      "signals": 496,
      "wins": 186,
      "losses": 158,
      "no_fills": 152,
      "open": 0,
      "pnl": 965.4566666666483,
      "trading_pnl": 965.4566666666483,
      "bonus": 0.0,
      "closed_lots": 12.579999999999908,
      "equity_start": 3846.0933333336934,
      "equity_end": 4807.99000000035,
      "win_rate_pct": 54.06976744186046,
      "pnl_pct": 25.102268275684708
    },
    {
      "month": "2025-09",
      "signals": 551,
      "wins": 252,
      "losses": 145,
      "no_fills": 154,
      "open": 0,
      "pnl": 1428.2799999999506,
      "trading_pnl": 1428.2799999999506,
      "bonus": 0.0,
      "closed_lots": 14.509999999999863,
      "equity_start": 4807.99000000035,
      "equity_end": 6263.6700000003075,
      "win_rate_pct": 63.476070528967256,
      "pnl_pct": 29.706384580663574
    },
    {
      "month": "2025-10",
      "signals": 565,
      "wins": 288,
      "losses": 185,
      "no_fills": 92,
      "open": 0,
      "pnl": 1872.7416666664603,
      "trading_pnl": 1872.7416666664603,
      "bonus": 0.0,
      "closed_lots": 18.28999999999979,
      "equity_start": 6236.2700000003115,
      "equity_end": 8109.011666666768,
      "win_rate_pct": 60.887949260042284,
      "pnl_pct": 30.029836210849865
    },
    {
      "month": "2025-11",
      "signals": 445,
      "wins": 208,
      "losses": 168,
      "no_fills": 69,
      "open": 0,
      "pnl": 135.7916666664737,
      "trading_pnl": 135.7916666664737,
      "bonus": 0.0,
      "closed_lots": 14.409999999999867,
      "equity_start": 8109.011666666768,
      "equity_end": 8244.803333333246,
      "win_rate_pct": 55.319148936170215,
      "pnl_pct": 1.6745772758555082
    },
    {
      "month": "2025-12",
      "signals": 495,
      "wins": 211,
      "losses": 204,
      "no_fills": 80,
      "open": 0,
      "pnl": -1223.1600000004028,
      "trading_pnl": -1223.1600000004028,
      "bonus": 0.0,
      "closed_lots": 16.099999999999834,
      "equity_start": 8244.803333333246,
      "equity_end": 7021.643333332844,
      "win_rate_pct": 50.84337349397591,
      "pnl_pct": -14.835526701470734
    },
    {
      "month": "2026-01",
      "signals": 556,
      "wins": 260,
      "losses": 205,
      "no_fills": 91,
      "open": 0,
      "pnl": 661.6783333327912,
      "trading_pnl": 661.6783333327912,
      "bonus": 0.0,
      "closed_lots": 17.979999999999794,
      "equity_start": 7021.643333332844,
      "equity_end": 7683.321666665635,
      "win_rate_pct": 55.91397849462365,
      "pnl_pct": 9.42341132868
    },
    {
      "month": "2026-02",
      "signals": 434,
      "wins": 225,
      "losses": 171,
      "no_fills": 38,
      "open": 0,
      "pnl": 994.9199999996745,
      "trading_pnl": 994.9199999996745,
      "bonus": 0.0,
      "closed_lots": 15.619999999999843,
      "equity_start": 7683.321666665635,
      "equity_end": 8678.241666665312,
      "win_rate_pct": 56.81818181818182,
      "pnl_pct": 12.949086907504736
    },
    {
      "month": "2026-03",
      "signals": 505,
      "wins": 258,
      "losses": 197,
      "no_fills": 50,
      "open": 0,
      "pnl": 1463.324999999757,
      "trading_pnl": 1463.324999999757,
      "bonus": 0.0,
      "closed_lots": 17.9499999999998,
      "equity_start": 8678.241666665312,
      "equity_end": 10348.561666665055,
      "win_rate_pct": 56.7032967032967,
      "pnl_pct": 16.861998734382468
    },
    {
      "month": "2026-04",
      "signals": 427,
      "wins": 207,
      "losses": 177,
      "no_fills": 43,
      "open": 0,
      "pnl": 74.95333333305916,
      "trading_pnl": 74.95333333305916,
      "bonus": 0.0,
      "closed_lots": 15.149999999999855,
      "equity_start": 10122.026666665057,
      "equity_end": 10216.519999998127,
      "win_rate_pct": 53.90625,
      "pnl_pct": 0.7404972917123753
    },
    {
      "month": "2026-05",
      "signals": 487,
      "wins": 230,
      "losses": 206,
      "no_fills": 51,
      "open": 0,
      "pnl": -422.44666666696503,
      "trading_pnl": -422.44666666696503,
      "bonus": 0.0,
      "closed_lots": 16.77999999999982,