{
  "rank": 14,
  "candidate_id": "948fdd3e29bab0ae",
  "filter_preset": "self_limit",
  "metrics": {
    "candidate_id": "948fdd3e29bab0ae",
    "filter_preset": "self_limit",
    "passes_recommendation_gate": false,
    "passes_dd": false,
    "passes_edge": true,
    "passes_consistency": true,
    "passes_oos": true,
    "score": 7501.630972222524,
    "fixed_no_bonus_profit": 8297.492500000304,
    "fixed_with_bonus_profit": 8855.342500000526,
    "bonus_contribution": 557.8500000002223,
    "concurrent_risk_max_dd_pct": 101.11994177632404,
    "risk_net_profit_with_bonus": -1016.8500000000497,
    "stable_months": 13,
    "total_months": 18,
    "stable_fraction": 0.7222222222222222,
    "worst_month_pnl": -478.38750000000437,
    "oos_fixed_no_bonus_profit": 6035.99000000033
  },
  "monthly": [
    {
      "month": "2025-01",
      "signals": 543,
      "wins": 152,
      "losses": 101,
      "no_fills": 189,
      "open": 0,
      "pnl": 64.25249999999369,
      "trading_pnl": 64.25249999999369,
      "bonus": 0.0,
      "closed_lots": 7.699999999999974,
      "equity_start": 1000.0,
      "equity_end": 1064.2524999999937,
      "win_rate_pct": 60.079051383399204,
      "pnl_pct": 6.425249999999369
    },
    {
      "month": "2025-02",
      "signals": 495,
      "wins": 124,
      "losses": 111,
      "no_fills": 148,
      "open": 0,
      "pnl": 28.20749999997315,
      "trading_pnl": 28.20749999997315,
      "bonus": 0.0,
      "closed_lots": 8.319999999999988,
      "equity_start": 1064.2524999999937,
      "equity_end": 1092.4599999999668,
      "win_rate_pct": 52.76595744680851,
      "pnl_pct": 2.650451842957693
    },
    {
      "month": "2025-03",
      "signals": 503,
      "wins": 143,
      "losses": 131,
      "no_fills": 138,
      "open": 0,
      "pnl": -290.2524999999778,
      "trading_pnl": -290.2524999999778,
      "bonus": 0.0,
      "closed_lots": 8.849999999999977,
      "equity_start": 1092.4599999999668,
      "equity_end": 802.2074999999891,
      "win_rate_pct": 52.18978102189781,
      "pnl_pct": -26.568707321090617
    },
    {
      "month": "2025-04",
      "signals": 486,
      "wins": 151,
      "losses": 123,
      "no_fills": 64,
      "open": 0,
      "pnl": 364.1399999999894,
      "trading_pnl": 364.1399999999894,
      "bonus": 0.0,
      "closed_lots": 11.519999999999932,
      "equity_start": 802.2074999999891,
      "equity_end": 1195.1174999999785,
      "win_rate_pct": 55.1094890510949,
      "pnl_pct": 45.39224577182267
    },
    {
      "month": "2025-05",
      "signals": 452,
      "wins": 129,
      "losses": 114,
      "no_fills": 73,
      "open": 0,
      "pnl": -111.67249999998603,
      "trading_pnl": -111.67249999998603,
      "bonus": 0.0,
      "closed_lots": 10.00999999999996,
      "equity_start": 1166.3474999999785,
      "equity_end": 1054.6749999999925,
      "win_rate_pct": 53.086419753086425,
      "pnl_pct": -9.574547894172886
    },
    {
      "month": "2025-06",
      "signals": 441,
      "wins": 124,
      "losses": 128,
      "no_fills": 83,
      "open": 0,
      "pnl": -478.38750000000437,
      "trading_pnl": -478.38750000000437,
      "bonus": 0.0,
      "closed_lots": 9.189999999999978,
      "equity_start": 1054.6749999999925,
      "equity_end": 576.2874999999881,
      "win_rate_pct": 49.2063492063492,
      "pnl_pct": -45.358759807524386
    },
    {
      "month": "2025-07",
      "signals": 501,
      "wins": 166,
      "losses": 115,
      "no_fills": 118,
      "open": 0,
      "pnl": -36.540000000008604,
      "trading_pnl": -36.540000000008604,
      "bonus": 0.0,
      "closed_lots": 8.779999999999971,
      "equity_start": 576.2874999999881,
      "equity_end": 539.7474999999795,
      "win_rate_pct": 59.07473309608541,
      "pnl_pct": -6.340585211376156
    },
    {
      "month": "2025-08",
      "signals": 496,
      "wins": 176,
      "losses": 119,
      "no_fills": 116,
      "open": 0,
      "pnl": 264.37749999997186,
      "trading_pnl": 264.37749999997186,
      "bonus": 0.0,
      "closed_lots": 9.029999999999967,
      "equity_start": 539.7474999999795,
      "equity_end": 804.1249999999513,
      "win_rate_pct": 59.66101694915255,
      "pnl_pct": 48.98169977628093
    },
    {
      "month": "2025-09",
      "signals": 551,
      "wins": 188,
      "losses": 107,
      "no_fills": 114,
      "open": 0,
      "pnl": 705.5974999999712,
      "trading_pnl": 705.5974999999712,
      "bonus": 0.0,
      "closed_lots": 10.829999999999929,
      "equity_start": 804.1249999999513,
      "equity_end": 1509.7224999999225,
      "win_rate_pct": 63.72881355932203,
      "pnl_pct": 87.74724078967995
    },
    {
      "month": "2025-10",
      "signals": 565,
      "wins": 214,
      "losses": 78,
      "no_fills": 79,
      "open": 0,
      "pnl": 1724.87499999996,
      "trading_pnl": 1724.87499999996,
      "bonus": 0.0,
      "closed_lots": 13.189999999999896,
      "equity_start": 1509.7224999999225,
      "equity_end": 3234.5974999998825,
      "win_rate_pct": 73.28767123287672,
      "pnl_pct": 114.25112893263818
    },
    {
      "month": "2025-11",
      "signals": 445,
      "wins": 129,
      "losses": 102,
      "no_fills": 54,
      "open": 0,
      "pnl": 246.60250000001406,
      "trading_pnl": 246.60250000001406,
      "bonus": 0.0,
      "closed_lots": 10.609999999999959,
      "equity_start": 3234.5974999998825,
      "equity_end": 3481.1999999998966,
      "win_rate_pct": 55.84415584415584,
      "pnl_pct": 7.623900655337272
    },
    {
      "month": "2025-12",
      "signals": 495,
      "wins": 123,
      "losses": 114,
      "no_fills": 71,
      "open": 0,
      "pnl": -219.6974999999402,
      "trading_pnl": -219.6974999999402,
      "bonus": 0.0,
      "closed_lots": 11.319999999999935,
      "equity_start": 3481.1999999998966,
      "equity_end": 3261.5024999999564,
      "win_rate_pct": 51.89873417721519,
      "pnl_pct": -6.310970355048452
    },
    {
      "month": "2026-01",
      "signals": 556,
      "wins": 177,
      "losses": 119,
      "no_fills": 74,
      "open": 0,
      "pnl": 1007.3900000000058,
      "trading_pnl": 1007.3900000000058,
      "bonus": 0.0,
      "closed_lots": 13.189999999999895,
      "equity_start": 3261.5024999999564,
      "equity_end": 4268.892499999962,
      "win_rate_pct": 59.797297297297305,
      "pnl_pct": 30.88729810877101
    },
    {
      "month": "2026-02",
      "signals": 434,
      "wins": 157,
      "losses": 70,
      "no_fills": 46,
      "open": 0,
      "pnl": 1942.3875000000307,
      "trading_pnl": 1942.3875000000307,
      "bonus": 0.0,
      "closed_lots": 11.189999999999946,
      "equity_start": 4268.892499999962,
      "equity_end": 6211.2799999999925,
      "win_rate_pct": 69.16299559471366,
      "pnl_pct": 45.50097009938873
    },
    {
      "month": "2026-03",
      "signals": 505,
      "wins": 167,
      "losses": 96,
      "no_fills": 43,
      "open": 0,
      "pnl": 1849.9225000000897,
      "trading_pnl": 1849.9225000000897,
      "bonus": 0.0,
      "closed_lots": 13.199999999999902,
      "equity_start": 6211.2799999999925,
      "equity_end": 8061.202500000082,
      "win_rate_pct": 63.49809885931559,
      "pnl_pct": 29.783273334966253
    },
    {
      "month": "2026-04",
      "signals": 427,
      "wins": 127,
      "losses": 100,
      "no_fills": 29,
      "open": 0,
      "pnl": 658.9275000000789,
      "trading_pnl": 658.9275000000789,
      "bonus": 0.0,
      "closed_lots": 11.209999999999948,
      "equity_start": 8061.202500000082,
      "equity_end": 8720.130000000157,
      "win_rate_pct": 55.947136563876654,
      "pnl_pct": 8.174059639366114
    },
    {
      "month": "2026-05",
      "signals": 487,
      "wins": 162,
      "losses": 123,
      "no_fills": 43,
      "open": 0,
      "pnl": 124.7275000000991,
      "trading_pnl": 124.7275000000991,
      "bonus": 0.0,
      "closed_lots": 12.469999999999914,