{
  "rank": 15,
  "candidate_id": "7f0a5e6f161a92d7",
  "filter_preset": "self_limit",
  "metrics": {
    "candidate_id": "7f0a5e6f161a92d7",
    "filter_preset": "self_limit",
    "passes_recommendation_gate": false,
    "passes_dd": false,
    "passes_edge": true,
    "passes_consistency": true,
    "passes_oos": false,
    "score": 7016.823009261189,
    "fixed_no_bonus_profit": 11892.90833333641,
    "fixed_with_bonus_profit": 12740.738333335848,
    "bonus_contribution": 847.8299999994379,
    "concurrent_risk_max_dd_pct": 100.09059624369827,
    "risk_net_profit_with_bonus": -1006.3200000001405,
    "stable_months": 11,
    "total_months": 18,
    "stable_fraction": 0.6111111111111112,
    "worst_month_pnl": -1643.4549999995206,
    "oos_fixed_no_bonus_profit": -1004.2616666664726
  },
  "monthly": [
    {
      "month": "2025-01",
      "signals": 543,
      "wins": 205,
      "losses": 184,
      "no_fills": 154,
      "open": 0,
      "pnl": 1663.8516666666892,
      "trading_pnl": 1663.8516666666892,
      "bonus": 0.0,
      "closed_lots": 14.25999999999987,
      "equity_start": 1000.0,
      "equity_end": 2663.851666666689,
      "win_rate_pct": 52.69922879177378,
      "pnl_pct": 166.3851666666689
    },
    {
      "month": "2025-02",
      "signals": 495,
      "wins": 171,
      "losses": 213,
      "no_fills": 111,
      "open": 0,
      "pnl": -1084.2633333334984,
      "trading_pnl": -1084.2633333334984,
      "bonus": 0.0,
      "closed_lots": 14.349999999999868,
      "equity_start": 2663.851666666689,
      "equity_end": 1579.5883333331908,
      "win_rate_pct": 44.53125,
      "pnl_pct": -40.702841937526145
    },
    {
      "month": "2025-03",
      "signals": 503,
      "wins": 195,
      "losses": 207,
      "no_fills": 101,
      "open": 0,
      "pnl": -48.0916666665571,
      "trading_pnl": -48.0916666665571,
      "bonus": 0.0,
      "closed_lots": 15.269999999999852,
      "equity_start": 1579.5883333331908,
      "equity_end": 1456.7766666666298,
      "win_rate_pct": 48.507462686567166,
      "pnl_pct": -3.044569629422103
    },
    {
      "month": "2025-04",
      "signals": 486,
      "wins": 190,
      "losses": 230,
      "no_fills": 66,
      "open": 0,
      "pnl": 1510.7149999999456,
      "trading_pnl": 1510.7149999999456,
      "bonus": 0.0,
      "closed_lots": 16.399999999999828,
      "equity_start": 1470.6066666666347,
      "equity_end": 3286.1916666665793,
      "win_rate_pct": 45.23809523809524,
      "pnl_pct": 102.72733248409807
    },
    {
      "month": "2025-05",
      "signals": 452,
      "wins": 166,
      "losses": 220,
      "no_fills": 66,
      "open": 0,
      "pnl": 402.6016666667206,
      "trading_pnl": 402.6016666667206,
      "bonus": 0.0,
      "closed_lots": 14.979999999999857,
      "equity_start": 3042.2116666665793,
      "equity_end": 3444.8133333333,
      "win_rate_pct": 43.005181347150256,
      "pnl_pct": 13.23384796258639
    },
    {
      "month": "2025-06",
      "signals": 441,
      "wins": 156,
      "losses": 214,
      "no_fills": 70,
      "open": 0,
      "pnl": -1402.9950000000072,
      "trading_pnl": -1402.9950000000072,
      "bonus": 0.0,
      "closed_lots": 14.189999999999873,
      "equity_start": 3444.8133333333,
      "equity_end": 2041.8183333332927,
      "win_rate_pct": 42.16216216216216,
      "pnl_pct": -40.727751092464246
    },
    {
      "month": "2025-07",
      "signals": 501,
      "wins": 173,
      "losses": 218,
      "no_fills": 110,
      "open": 0,
      "pnl": -1223.371666666687,
      "trading_pnl": -1223.371666666687,
      "bonus": 0.0,
      "closed_lots": 14.669999999999861,
      "equity_start": 2041.8183333332927,
      "equity_end": 829.3883333332769,
      "win_rate_pct": 44.24552429667519,
      "pnl_pct": -59.91579401040631
    },
    {
      "month": "2025-08",
      "signals": 496,
      "wins": 231,
      "losses": 179,
      "no_fills": 86,
      "open": 0,
      "pnl": 1653.1533333331677,
      "trading_pnl": 1653.1533333331677,
      "bonus": 0.0,
      "closed_lots": 15.649999999999842,
      "equity_start": 808.7166666666062,
      "equity_end": 2471.5999999997734,
      "win_rate_pct": 56.34146341463414,
      "pnl_pct": 204.41687447189474
    },
    {
      "month": "2025-09",
      "signals": 551,
      "wins": 242,
      "losses": 212,
      "no_fills": 97,
      "open": 0,
      "pnl": 1071.8299999998371,
      "trading_pnl": 1071.8299999998371,
      "bonus": 0.0,
      "closed_lots": 17.199999999999818,
      "equity_start": 2471.5999999997734,
      "equity_end": 3633.8433333329385,
      "win_rate_pct": 53.30396475770925,
      "pnl_pct": 43.3658358957734
    },
    {
      "month": "2025-10",
      "signals": 565,
      "wins": 259,
      "losses": 236,
      "no_fills": 70,
      "open": 0,
      "pnl": 4895.779999999919,
      "trading_pnl": 4895.779999999919,
      "bonus": 0.0,
      "closed_lots": 19.249999999999766,
      "equity_start": 3492.0099999996123,
      "equity_end": 8439.209999999524,
      "win_rate_pct": 52.323232323232325,
      "pnl_pct": 140.1994839648358
    },
    {
      "month": "2025-11",
      "signals": 445,
      "wins": 175,
      "losses": 225,
      "no_fills": 45,
      "open": 0,
      "pnl": 71.25999999999476,
      "trading_pnl": 71.25999999999476,
      "bonus": 0.0,
      "closed_lots": 15.459999999999845,
      "equity_start": 8439.209999999524,
      "equity_end": 8510.4699999995,
      "win_rate_pct": 43.75,
      "pnl_pct": 0.8443918328848171
    },
    {
      "month": "2025-12",
      "signals": 495,
      "wins": 189,
      "losses": 255,
      "no_fills": 51,
      "open": 0,
      "pnl": -806.7299999997686,
      "trading_pnl": -806.7299999997686,
      "bonus": 0.0,
      "closed_lots": 17.33999999999981,
      "equity_start": 8510.4699999995,
      "equity_end": 7703.739999999745,
      "win_rate_pct": 42.567567567567565,
      "pnl_pct": -9.479264952462273
    },
    {
      "month": "2026-01",
      "signals": 556,
      "wins": 213,
      "losses": 270,
      "no_fills": 73,
      "open": 0,
      "pnl": 2441.816666667003,
      "trading_pnl": 2441.816666667003,
      "bonus": 0.0,
      "closed_lots": 18.929999999999776,
      "equity_start": 7703.739999999745,
      "equity_end": 10145.556666666813,
      "win_rate_pct": 44.099378881987576,
      "pnl_pct": 31.696509314528836
    },
    {
      "month": "2026-02",
      "signals": 434,
      "wins": 164,
      "losses": 243,
      "no_fills": 27,
      "open": 0,
      "pnl": 2952.5300000004063,
      "trading_pnl": 2952.5300000004063,
      "bonus": 0.0,
      "closed_lots": 16.169999999999835,
      "equity_start": 10145.556666666813,
      "equity_end": 13098.086666667405,
      "win_rate_pct": 40.2948402948403,
      "pnl_pct": 29.101705278537672
    },
    {
      "month": "2026-03",
      "signals": 505,
      "wins": 159,
      "losses": 302,
      "no_fills": 44,
      "open": 0,
      "pnl": 341.6466666672759,
      "trading_pnl": 341.6466666672759,
      "bonus": 0.0,
      "closed_lots": 18.22999999999979,
      "equity_start": 13098.086666667405,
      "equity_end": 13519.298333334926,
      "win_rate_pct": 34.490238611713664,
      "pnl_pct": 2.6083707900384683
    },
    {
      "month": "2026-04",
      "signals": 427,
      "wins": 133,
      "losses": 260,
      "no_fills": 34,
      "open": 0,
      "pnl": -1643.4549999995206,
      "trading_pnl": -1643.4549999995206,
      "bonus": 0.0,
      "closed_lots": 15.479999999999846,
      "equity_start": 13370.753333334911,
      "equity_end": 11796.278333335578,
      "win_rate_pct": 33.842239185750635,
      "pnl_pct": -12.291416639197044
    },
    {
      "month": "2026-05",
      "signals": 487,
      "wins": 168,
      "losses": 274,
      "no_fills": 45,
      "open": 0,
      "pnl": -221.46499999953903,
      "trading_pnl": -221.46499999953903,
      "bonus": 0.0,
      "closed_lots": 17.459999999999805,