{
  "rank": 3,
  "candidate_id": "459c9cf43bdad985",
  "filter_preset": "self_limit",
  "metrics": {
    "candidate_id": "459c9cf43bdad985",
    "filter_preset": "self_limit",
    "passes_recommendation_gate": false,
    "passes_dd": false,
    "passes_edge": true,
    "passes_consistency": true,
    "passes_oos": true,
    "score": 18172.12916666569,
    "fixed_no_bonus_profit": 18408.169999998943,
    "fixed_with_bonus_profit": 18969.46999999871,
    "bonus_contribution": 561.2999999997664,
    "concurrent_risk_max_dd_pct": 73.1789760775312,
    "risk_net_profit_with_bonus": 2294206913917742.5,
    "stable_months": 15,
    "total_months": 18,
    "stable_fraction": 0.8333333333333334,
    "worst_month_pnl": -557.0199999999209,
    "oos_fixed_no_bonus_profit": 11327.949999999617
  },
  "monthly": [
    {
      "month": "2025-01",
      "signals": 543,
      "wins": 201,
      "losses": 152,
      "no_fills": 190,
      "open": 0,
      "pnl": 238.49999999999727,
      "trading_pnl": 238.49999999999727,
      "bonus": 0.0,
      "closed_lots": 7.669999999999976,
      "equity_start": 1000.0,
      "equity_end": 1238.4999999999973,
      "win_rate_pct": 56.94050991501416,
      "pnl_pct": 23.849999999999728
    },
    {
      "month": "2025-02",
      "signals": 495,
      "wins": 205,
      "losses": 142,
      "no_fills": 148,
      "open": 0,
      "pnl": -174.62000000010357,
      "trading_pnl": -174.62000000010357,
      "bonus": 0.0,
      "closed_lots": 8.299999999999988,
      "equity_start": 1238.4999999999973,
      "equity_end": 1063.8799999998937,
      "win_rate_pct": 59.0778097982709,
      "pnl_pct": -14.09931368591877
    },
    {
      "month": "2025-03",
      "signals": 503,
      "wins": 176,
      "losses": 189,
      "no_fills": 138,
      "open": 0,
      "pnl": -557.0199999999209,
      "trading_pnl": -557.0199999999209,
      "bonus": 0.0,
      "closed_lots": 8.819999999999975,
      "equity_start": 1063.8799999998937,
      "equity_end": 506.85999999997284,
      "win_rate_pct": 48.21917808219178,
      "pnl_pct": -52.35740873030572
    },
    {
      "month": "2025-04",
      "signals": 486,
      "wins": 277,
      "losses": 151,
      "no_fills": 58,
      "open": 0,
      "pnl": 1446.240000000008,
      "trading_pnl": 1446.240000000008,
      "bonus": 0.0,
      "closed_lots": 11.619999999999928,
      "equity_start": 506.85999999997284,
      "equity_end": 1974.249999999981,
      "win_rate_pct": 64.7196261682243,
      "pnl_pct": 285.33322811034316
    },
    {
      "month": "2025-05",
      "signals": 452,
      "wins": 223,
      "losses": 158,
      "no_fills": 71,
      "open": 0,
      "pnl": 570.2900000000791,
      "trading_pnl": 570.2900000000791,
      "bonus": 0.0,
      "closed_lots": 10.009999999999959,
      "equity_start": 1953.0999999999808,
      "equity_end": 2523.39000000006,
      "win_rate_pct": 58.53018372703412,
      "pnl_pct": 29.199221750042735
    },
    {
      "month": "2025-06",
      "signals": 441,
      "wins": 217,
      "losses": 142,
      "no_fills": 82,
      "open": 0,
      "pnl": 281.33000000001266,
      "trading_pnl": 281.33000000001266,
      "bonus": 0.0,
      "closed_lots": 9.189999999999978,
      "equity_start": 2523.39000000006,
      "equity_end": 2804.7200000000726,
      "win_rate_pct": 60.44568245125348,
      "pnl_pct": 11.148890976028516
    },
    {
      "month": "2025-07",
      "signals": 501,
      "wins": 210,
      "losses": 173,
      "no_fills": 118,
      "open": 0,
      "pnl": -207.1900000000096,
      "trading_pnl": -207.1900000000096,
      "bonus": 0.0,
      "closed_lots": 8.749999999999972,
      "equity_start": 2804.7200000000726,
      "equity_end": 2597.530000000063,
      "win_rate_pct": 54.83028720626631,
      "pnl_pct": -7.387190165150328
    },
    {
      "month": "2025-08",
      "signals": 496,
      "wins": 199,
      "losses": 182,
      "no_fills": 115,
      "open": 0,
      "pnl": 133.07999999989352,
      "trading_pnl": 133.07999999989352,
      "bonus": 0.0,
      "closed_lots": 8.969999999999967,
      "equity_start": 2597.530000000063,
      "equity_end": 2730.6099999999565,
      "win_rate_pct": 52.23097112860893,
      "pnl_pct": 5.123328700723006
    },
    {
      "month": "2025-09",
      "signals": 551,
      "wins": 281,
      "losses": 160,
      "no_fills": 110,
      "open": 0,
      "pnl": 932.6599999998734,
      "trading_pnl": 932.6599999998734,
      "bonus": 0.0,
      "closed_lots": 10.87999999999993,
      "equity_start": 2730.6099999999565,
      "equity_end": 3663.26999999983,
      "win_rate_pct": 63.718820861678005,
      "pnl_pct": 34.15573809514681
    },
    {
      "month": "2025-10",
      "signals": 565,
      "wins": 348,
      "losses": 148,
      "no_fills": 69,
      "open": 0,
      "pnl": 2976.9399999998113,
      "trading_pnl": 2976.9399999998113,
      "bonus": 0.0,
      "closed_lots": 13.319999999999894,
      "equity_start": 3663.26999999983,
      "equity_end": 6640.209999999648,
      "win_rate_pct": 70.16129032258065,
      "pnl_pct": 81.26455325433149
    },
    {
      "month": "2025-11",
      "signals": 445,
      "wins": 251,
      "losses": 143,
      "no_fills": 51,
      "open": 0,
      "pnl": 1118.8999999998555,
      "trading_pnl": 1118.8999999998555,
      "bonus": 0.0,
      "closed_lots": 10.649999999999956,
      "equity_start": 6640.209999999648,
      "equity_end": 7759.109999999503,
      "win_rate_pct": 63.70558375634518,
      "pnl_pct": 16.85037069610622
    },
    {
      "month": "2025-12",
      "signals": 495,
      "wins": 252,
      "losses": 176,
      "no_fills": 67,
      "open": 0,
      "pnl": 321.1099999998287,
      "trading_pnl": 321.1099999998287,
      "bonus": 0.0,
      "closed_lots": 11.379999999999932,
      "equity_start": 7759.109999999503,
      "equity_end": 8080.219999999332,
      "win_rate_pct": 58.87850467289719,
      "pnl_pct": 4.138490110332876
    },
    {
      "month": "2026-01",
      "signals": 556,
      "wins": 322,
      "losses": 175,
      "no_fills": 58,
      "open": 0,
      "pnl": 2472.829999999768,
      "trading_pnl": 2472.829999999768,
      "bonus": 0.0,
      "closed_lots": 13.529999999999887,
      "equity_start": 8080.219999999332,
      "equity_end": 10553.04999999909,
      "win_rate_pct": 64.7887323943662,
      "pnl_pct": 30.60349841959715
    },
    {
      "month": "2026-02",
      "signals": 434,
      "wins": 267,
      "losses": 137,
      "no_fills": 30,
      "open": 0,
      "pnl": 2683.329999999909,
      "trading_pnl": 2683.329999999909,
      "bonus": 0.0,
      "closed_lots": 11.40999999999994,
      "equity_start": 10553.04999999909,
      "equity_end": 13236.379999998997,
      "win_rate_pct": 66.0891089108911,
      "pnl_pct": 25.427056632917882
    },
    {
      "month": "2026-03",
      "signals": 505,
      "wins": 308,
      "losses": 168,
      "no_fills": 29,
      "open": 0,
      "pnl": 3357.4499999999753,
      "trading_pnl": 3357.4499999999753,
      "bonus": 0.0,
      "closed_lots": 13.499999999999893,
      "equity_start": 13236.379999998997,
      "equity_end": 16593.829999999005,
      "win_rate_pct": 64.70588235294117,
      "pnl_pct": 25.365318916503078
    },
    {
      "month": "2026-04",
      "signals": 427,
      "wins": 243,
      "losses": 155,
      "no_fills": 29,
      "open": 0,
      "pnl": 923.4299999999639,
      "trading_pnl": 923.4299999999639,
      "bonus": 0.0,
      "closed_lots": 11.189999999999948,
      "equity_start": 16593.829999999005,
      "equity_end": 17517.25999999897,
      "win_rate_pct": 61.05527638190955,
      "pnl_pct": 5.564899724777337
    },
    {
      "month": "2026-05",
      "signals": 487,
      "wins": 270,
      "losses": 178,
      "no_fills": 39,
      "open": 0,
      "pnl": 883.8199999999788,
      "trading_pnl": 883.8199999999788,
      "bonus": 0.0,
      "closed_lots": 12.509999999999913,