{
  "rank": 5,
  "candidate_id": "0e86921b1c5e32b7",
  "filter_preset": "self_limit",
  "metrics": {
    "candidate_id": "0e86921b1c5e32b7",
    "filter_preset": "self_limit",
    "passes_recommendation_gate": false,
    "passes_dd": false,
    "passes_edge": true,
    "passes_consistency": true,
    "passes_oos": true,
    "score": 15681.18458333328,
    "fixed_no_bonus_profit": 15649.794999999947,
    "fixed_with_bonus_profit": 16300.584999999122,
    "bonus_contribution": 650.789999999175,
    "concurrent_risk_max_dd_pct": 94.73802825092481,
    "risk_net_profit_with_bonus": 1.3005137582499103e+18,
    "stable_months": 15,
    "total_months": 18,
    "stable_fraction": 0.8333333333333334,
    "worst_month_pnl": -839.2899999998822,
    "oos_fixed_no_bonus_profit": 10558.754999999957
  },
  "monthly": [
    {
      "month": "2025-01",
      "signals": 543,
      "wins": 263,
      "losses": 151,
      "no_fills": 129,
      "open": 0,
      "pnl": 471.5250000000342,
      "trading_pnl": 471.5250000000342,
      "bonus": 0.0,
      "closed_lots": 11.049999999999944,
      "equity_start": 1000.0,
      "equity_end": 1471.5250000000342,
      "win_rate_pct": 63.52657004830918,
      "pnl_pct": 47.15250000000342
    },
    {
      "month": "2025-02",
      "signals": 495,
      "wins": 250,
      "losses": 147,
      "no_fills": 94,
      "open": 0,
      "pnl": 443.0449999999578,
      "trading_pnl": 443.0449999999578,
      "bonus": 0.0,
      "closed_lots": 10.81999999999995,
      "equity_start": 1471.5250000000342,
      "equity_end": 1914.569999999992,
      "win_rate_pct": 62.97229219143576,
      "pnl_pct": 30.107881279621314
    },
    {
      "month": "2025-03",
      "signals": 503,
      "wins": 213,
      "losses": 202,
      "no_fills": 86,
      "open": 0,
      "pnl": -839.2899999998822,
      "trading_pnl": -839.2899999998822,
      "bonus": 0.0,
      "closed_lots": 11.64999999999993,
      "equity_start": 1914.569999999992,
      "equity_end": 1094.4700000001085,
      "win_rate_pct": 51.325301204819276,
      "pnl_pct": -43.83699734143362
    },
    {
      "month": "2025-04",
      "signals": 486,
      "wins": 288,
      "losses": 152,
      "no_fills": 43,
      "open": 0,
      "pnl": 509.4900000000612,
      "trading_pnl": 509.4900000000612,
      "bonus": 0.0,
      "closed_lots": 12.759999999999913,
      "equity_start": 1064.3400000001106,
      "equity_end": 1630.1100000001702,
      "win_rate_pct": 65.45454545454545,
      "pnl_pct": 47.869101978691795
    },
    {
      "month": "2025-05",
      "signals": 452,
      "wins": 258,
      "losses": 144,
      "no_fills": 49,
      "open": 0,
      "pnl": 97.26500000011902,
      "trading_pnl": 97.26500000011902,
      "bonus": 0.0,
      "closed_lots": 11.469999999999944,
      "equity_start": 1584.770000000171,
      "equity_end": 1682.03500000029,
      "win_rate_pct": 64.17910447761194,
      "pnl_pct": 6.137483672716453
    },
    {
      "month": "2025-06",
      "signals": 441,
      "wins": 233,
      "losses": 149,
      "no_fills": 59,
      "open": 0,
      "pnl": -354.50999999995474,
      "trading_pnl": -354.50999999995474,
      "bonus": 0.0,
      "closed_lots": 10.849999999999955,
      "equity_start": 1682.03500000029,
      "equity_end": 1327.5250000003352,
      "win_rate_pct": 60.994764397905755,
      "pnl_pct": -21.076255844848273
    },
    {
      "month": "2025-07",
      "signals": 501,
      "wins": 273,
      "losses": 152,
      "no_fills": 76,
      "open": 0,
      "pnl": -42.18999999996413,
      "trading_pnl": -42.18999999996413,
      "bonus": 0.0,
      "closed_lots": 11.339999999999934,
      "equity_start": 1327.5250000003352,
      "equity_end": 1280.7200000003713,
      "win_rate_pct": 64.23529411764706,
      "pnl_pct": -3.178094574486618
    },
    {
      "month": "2025-08",
      "signals": 496,
      "wins": 247,
      "losses": 178,
      "no_fills": 71,
      "open": 0,
      "pnl": 177.08999999994467,
      "trading_pnl": 177.08999999994467,
      "bonus": 0.0,
      "closed_lots": 11.639999999999935,
      "equity_start": 1275.4850000003703,
      "equity_end": 1462.4250000003158,
      "win_rate_pct": 58.11764705882353,
      "pnl_pct": 13.884130350407355
    },
    {
      "month": "2025-09",
      "signals": 551,
      "wins": 316,
      "losses": 161,
      "no_fills": 74,
      "open": 0,
      "pnl": 547.5849999999277,
      "trading_pnl": 547.5849999999277,
      "bonus": 0.0,
      "closed_lots": 13.229999999999901,
      "equity_start": 1462.4250000003158,
      "equity_end": 2080.050000000241,
      "win_rate_pct": 66.24737945492663,
      "pnl_pct": 37.443629587829086
    },
    {
      "month": "2025-10",
      "signals": 565,
      "wins": 397,
      "losses": 120,
      "no_fills": 48,
      "open": 0,
      "pnl": 2995.9849999998596,
      "trading_pnl": 2995.9849999998596,
      "bonus": 0.0,
      "closed_lots": 14.929999999999868,
      "equity_start": 2006.0600000002437,
      "equity_end": 5005.9950000001,
      "win_rate_pct": 76.78916827852998,
      "pnl_pct": 149.3467294098629
    },
    {
      "month": "2025-11",
      "signals": 445,
      "wins": 277,
      "losses": 135,
      "no_fills": 33,
      "open": 0,
      "pnl": 770.4099999999098,
      "trading_pnl": 770.4099999999098,
      "bonus": 0.0,
      "closed_lots": 11.869999999999935,
      "equity_start": 5005.9950000001,
      "equity_end": 5776.4050000000125,
      "win_rate_pct": 67.23300970873787,
      "pnl_pct": 15.389747692514563
    },
    {
      "month": "2025-12",
      "signals": 495,
      "wins": 298,
      "losses": 156,
      "no_fills": 40,
      "open": 0,
      "pnl": 314.6349999999011,
      "trading_pnl": 314.6349999999011,
      "bonus": 0.0,
      "closed_lots": 13.099999999999907,
      "equity_start": 5776.4050000000125,
      "equity_end": 6091.039999999914,
      "win_rate_pct": 65.63876651982379,
      "pnl_pct": 5.446899931703203
    },
    {
      "month": "2026-01",
      "signals": 556,
      "wins": 356,
      "losses": 144,
      "no_fills": 46,
      "open": 0,
      "pnl": 1932.1899999998113,
      "trading_pnl": 1932.1899999998113,
      "bonus": 0.0,
      "closed_lots": 14.809999999999873,
      "equity_start": 6091.039999999914,
      "equity_end": 8023.229999999725,
      "win_rate_pct": 71.2,
      "pnl_pct": 31.721840605214197
    },
    {
      "month": "2026-02",
      "signals": 434,
      "wins": 304,
      "losses": 98,
      "no_fills": 18,
      "open": 0,
      "pnl": 3145.4299999999557,
      "trading_pnl": 3145.4299999999557,
      "bonus": 0.0,
      "closed_lots": 12.179999999999929,
      "equity_start": 8023.229999999725,
      "equity_end": 11168.659999999723,
      "win_rate_pct": 75.62189054726367,
      "pnl_pct": 39.20403627965375
    },
    {
      "month": "2026-03",
      "signals": 505,
      "wins": 364,
      "losses": 105,
      "no_fills": 24,
      "open": 0,
      "pnl": 3272.75000000002,
      "trading_pnl": 3272.75000000002,
      "bonus": 0.0,
      "closed_lots": 14.149999999999888,
      "equity_start": 11168.659999999723,
      "equity_end": 14504.419999999782,
      "win_rate_pct": 77.61194029850746,
      "pnl_pct": 29.302978154945187
    },
    {
      "month": "2026-04",
      "signals": 427,
      "wins": 274,
      "losses": 126,
      "no_fills": 21,
      "open": 0,
      "pnl": 1163.4900000000207,
      "trading_pnl": 1163.4900000000207,
      "bonus": 0.0,
      "closed_lots": 11.899999999999936,
      "equity_start": 14394.269999999779,
      "equity_end": 15604.899999999803,
      "win_rate_pct": 68.5,
      "pnl_pct": 8.083008030278984
    },
    {
      "month": "2026-05",
      "signals": 487,
      "wins": 292,
      "losses": 166,
      "no_fills": 28,
      "open": 0,
      "pnl": 461.3450000000421,
      "trading_pnl": 461.3450000000421,
      "bonus": 0.0,
      "closed_lots": 13.439999999999902,
      "equity_start": 15604.899999999803,