{
  "rank": 2,
  "candidate_id": "bb3451562613809b",
  "filter_preset": "self_limit",
  "metrics": {
    "candidate_id": "bb3451562613809b",
    "filter_preset": "self_limit",
    "passes_recommendation_gate": false,
    "passes_dd": false,
    "passes_edge": true,
    "passes_consistency": true,
    "passes_oos": true,
    "score": 19912.168333333368,
    "fixed_no_bonus_profit": 20144.109999999848,
    "fixed_with_bonus_profit": 21009.25000000004,
    "bonus_contribution": 865.1400000001922,
    "concurrent_risk_max_dd_pct": 100.4549094795728,
    "risk_net_profit_with_bonus": -1015.2800000003188,
    "stable_months": 15,
    "total_months": 18,
    "stable_fraction": 0.8333333333333334,
    "worst_month_pnl": -836.2999999999224,
    "oos_fixed_no_bonus_profit": 12501.640000000645
  },
  "monthly": [
    {
      "month": "2025-01",
      "signals": 543,
      "wins": 243,
      "losses": 170,
      "no_fills": 129,
      "open": 0,
      "pnl": 825.4099999999894,
      "trading_pnl": 825.4099999999894,
      "bonus": 0.0,
      "closed_lots": 14.699999999999859,
      "equity_start": 1000.0,
      "equity_end": 1825.4099999999894,
      "win_rate_pct": 58.83777239709443,
      "pnl_pct": 82.54099999999895
    },
    {
      "month": "2025-02",
      "signals": 495,
      "wins": 230,
      "losses": 167,
      "no_fills": 95,
      "open": 0,
      "pnl": 31.929999999878873,
      "trading_pnl": 31.929999999878873,
      "bonus": 0.0,
      "closed_lots": 14.439999999999863,
      "equity_start": 1825.4099999999894,
      "equity_end": 1857.3399999998683,
      "win_rate_pct": 57.93450881612091,
      "pnl_pct": 1.7491960710130359
    },
    {
      "month": "2025-03",
      "signals": 503,
      "wins": 213,
      "losses": 202,
      "no_fills": 86,
      "open": 0,
      "pnl": -836.2999999999224,
      "trading_pnl": -836.2999999999224,
      "bonus": 0.0,
      "closed_lots": 15.469999999999843,
      "equity_start": 1857.3399999998683,
      "equity_end": 1115.9699999999439,
      "win_rate_pct": 51.325301204819276,
      "pnl_pct": -45.026758697921856
    },
    {
      "month": "2025-04",
      "signals": 486,
      "wins": 265,
      "losses": 174,
      "no_fills": 44,
      "open": 0,
      "pnl": 1333.3899999999412,
      "trading_pnl": 1333.3899999999412,
      "bonus": 0.0,
      "closed_lots": 17.019999999999815,
      "equity_start": 995.4799999999459,
      "equity_end": 2486.499999999885,
      "win_rate_pct": 60.36446469248291,
      "pnl_pct": 133.9444288182599
    },
    {
      "month": "2025-05",
      "signals": 452,
      "wins": 236,
      "losses": 164,
      "no_fills": 51,
      "open": 0,
      "pnl": 112.30000000003247,
      "trading_pnl": 112.30000000003247,
      "bonus": 0.0,
      "closed_lots": 15.26999999999985,
      "equity_start": 2354.429999999887,
      "equity_end": 2466.7299999999195,
      "win_rate_pct": 59.0,
      "pnl_pct": 4.769731952108912
    },
    {
      "month": "2025-06",
      "signals": 441,
      "wins": 213,
      "losses": 169,
      "no_fills": 59,
      "open": 0,
      "pnl": -270.1900000000419,
      "trading_pnl": -270.1900000000419,
      "bonus": 0.0,
      "closed_lots": 14.479999999999867,
      "equity_start": 2466.7299999999195,
      "equity_end": 2196.5399999998776,
      "win_rate_pct": 55.75916230366492,
      "pnl_pct": -10.953367413541438
    },
    {
      "month": "2025-07",
      "signals": 501,
      "wins": 249,
      "losses": 176,
      "no_fills": 76,
      "open": 0,
      "pnl": -134.00000000003092,
      "trading_pnl": -134.00000000003092,
      "bonus": 0.0,
      "closed_lots": 15.139999999999848,
      "equity_start": 2196.5399999998776,
      "equity_end": 2112.659999999847,
      "win_rate_pct": 58.58823529411765,
      "pnl_pct": -6.100503519172808
    },
    {
      "month": "2025-08",
      "signals": 496,
      "wins": 247,
      "losses": 178,
      "no_fills": 71,
      "open": 0,
      "pnl": 528.0999999998294,
      "trading_pnl": 528.0999999998294,
      "bonus": 0.0,
      "closed_lots": 15.539999999999845,
      "equity_start": 2048.4299999998466,
      "equity_end": 2590.639999999676,
      "win_rate_pct": 58.11764705882353,
      "pnl_pct": 25.780719868380608
    },
    {
      "month": "2025-09",
      "signals": 551,
      "wins": 304,
      "losses": 172,
      "no_fills": 75,
      "open": 0,
      "pnl": 833.0099999998224,
      "trading_pnl": 833.0099999998224,
      "bonus": 0.0,
      "closed_lots": 17.639999999999816,
      "equity_start": 2590.639999999676,
      "equity_end": 3529.419999999493,
      "win_rate_pct": 63.86554621848739,
      "pnl_pct": 32.15460272364846
    },
    {
      "month": "2025-10",
      "signals": 565,
      "wins": 357,
      "losses": 153,
      "no_fills": 52,
      "open": 0,
      "pnl": 3848.269999999791,
      "trading_pnl": 3848.269999999791,
      "bonus": 0.0,
      "closed_lots": 19.86999999999976,
      "equity_start": 3416.499999999499,
      "equity_end": 7271.9199999992925,
      "win_rate_pct": 70.0,
      "pnl_pct": 112.63778720914254
    },
    {
      "month": "2025-11",
      "signals": 445,
      "wins": 260,
      "losses": 151,
      "no_fills": 34,
      "open": 0,
      "pnl": 1081.4399999999164,
      "trading_pnl": 1081.4399999999164,
      "bonus": 0.0,
      "closed_lots": 15.789999999999836,
      "equity_start": 7271.9199999992925,
      "equity_end": 8353.359999999208,
      "win_rate_pct": 63.26034063260341,
      "pnl_pct": 14.871450731031441
    },
    {
      "month": "2025-12",
      "signals": 495,
      "wins": 266,
      "losses": 186,
      "no_fills": 40,
      "open": 0,
      "pnl": 289.1100000000015,
      "trading_pnl": 289.1100000000015,
      "bonus": 0.0,
      "closed_lots": 17.459999999999805,
      "equity_start": 8353.359999999208,
      "equity_end": 8642.46999999921,
      "win_rate_pct": 58.849557522123895,
      "pnl_pct": 3.4610025187472937
    },
    {
      "month": "2026-01",
      "signals": 556,
      "wins": 316,
      "losses": 175,
      "no_fills": 53,
      "open": 0,
      "pnl": 2566.8499999999494,
      "trading_pnl": 2566.8499999999494,
      "bonus": 0.0,
      "closed_lots": 19.489999999999768,
      "equity_start": 8642.46999999921,
      "equity_end": 11209.319999999163,
      "win_rate_pct": 64.35845213849288,
      "pnl_pct": 29.70042129160048
    },
    {
      "month": "2026-02",
      "signals": 434,
      "wins": 264,
      "losses": 131,
      "no_fills": 23,
      "open": 0,
      "pnl": 3091.570000000077,
      "trading_pnl": 3091.570000000077,
      "bonus": 0.0,
      "closed_lots": 16.08999999999984,
      "equity_start": 11209.319999999163,
      "equity_end": 14300.889999999234,
      "win_rate_pct": 66.83544303797468,
      "pnl_pct": 27.580352777869738
    },
    {
      "month": "2026-03",
      "signals": 505,
      "wins": 304,
      "losses": 151,
      "no_fills": 29,
      "open": 0,
      "pnl": 3624.1900000001615,
      "trading_pnl": 3624.1900000001615,
      "bonus": 0.0,
      "closed_lots": 18.699999999999783,
      "equity_start": 14300.889999999234,
      "equity_end": 18045.979999999392,
      "win_rate_pct": 66.8131868131868,
      "pnl_pct": 25.342408759177616
    },
    {
      "month": "2026-04",
      "signals": 427,
      "wins": 252,
      "losses": 146,
      "no_fills": 21,
      "open": 0,
      "pnl": 1530.6300000001456,
      "trading_pnl": 1530.6300000001456,
      "bonus": 0.0,
      "closed_lots": 15.84999999999984,
      "equity_start": 17877.45999999939,
      "equity_end": 19455.709999999544,
      "win_rate_pct": 63.31658291457286,
      "pnl_pct": 8.561786741518079
    },
    {
      "month": "2026-05",
      "signals": 487,
      "wins": 269,
      "losses": 186,
      "no_fills": 30,
      "open": 0,
      "pnl": 757.6900000002033,
      "trading_pnl": 757.6900000002033,
      "bonus": 0.0,
      "closed_lots": 17.849999999999802,
      "equity_start": 19455.709999999544,