{
  "rank": 11,
  "candidate_id": "616763d46776b319",
  "filter_preset": "self_limit",
  "metrics": {
    "candidate_id": "616763d46776b319",
    "filter_preset": "self_limit",
    "passes_recommendation_gate": false,
    "passes_dd": false,
    "passes_edge": true,
    "passes_consistency": true,
    "passes_oos": true,
    "score": 8388.113333333205,
    "fixed_no_bonus_profit": 8712.12999999978,
    "fixed_with_bonus_profit": 9138.129999999834,
    "bonus_contribution": 426.00000000005457,
    "concurrent_risk_max_dd_pct": 92.38220479793114,
    "risk_net_profit_with_bonus": 22636415.70000526,
    "stable_months": 15,
    "total_months": 18,
    "stable_fraction": 0.8333333333333334,
    "worst_month_pnl": -308.6499999999951,
    "oos_fixed_no_bonus_profit": 4512.0200000002205
  },
  "monthly": [
    {
      "month": "2025-01",
      "signals": 543,
      "wins": 232,
      "losses": 157,
      "no_fills": 154,
      "open": 0,
      "pnl": 752.2800000000088,
      "trading_pnl": 752.2800000000088,
      "bonus": 0.0,
      "closed_lots": 7.0199999999999365,
      "equity_start": 1000.0,
      "equity_end": 1752.2800000000088,
      "win_rate_pct": 59.6401028277635,
      "pnl_pct": 75.22800000000089
    },
    {
      "month": "2025-02",
      "signals": 495,
      "wins": 210,
      "losses": 174,
      "no_fills": 111,
      "open": 0,
      "pnl": 62.319999999916945,
      "trading_pnl": 62.319999999916945,
      "bonus": 0.0,
      "closed_lots": 7.169999999999932,
      "equity_start": 1752.2800000000088,
      "equity_end": 1814.5999999999258,
      "win_rate_pct": 54.6875,
      "pnl_pct": 3.5565092336793565
    },
    {
      "month": "2025-03",
      "signals": 503,
      "wins": 226,
      "losses": 177,
      "no_fills": 100,
      "open": 0,
      "pnl": -50.25999999992973,
      "trading_pnl": -50.25999999992973,
      "bonus": 0.0,
      "closed_lots": 7.569999999999922,
      "equity_start": 1814.5999999999258,
      "equity_end": 1789.3799999999947,
      "win_rate_pct": 56.07940446650124,
      "pnl_pct": -2.7697564201439318
    },
    {
      "month": "2025-04",
      "signals": 486,
      "wins": 275,
      "losses": 154,
      "no_fills": 57,
      "open": 0,
      "pnl": 602.9599999999768,
      "trading_pnl": 602.9599999999768,
      "bonus": 0.0,
      "closed_lots": 8.29999999999991,
      "equity_start": 1746.2299999999964,
      "equity_end": 2486.1199999999726,
      "win_rate_pct": 64.1025641025641,
      "pnl_pct": 34.529242997771085
    },
    {
      "month": "2025-05",
      "signals": 452,
      "wins": 228,
      "losses": 160,
      "no_fills": 64,
      "open": 0,
      "pnl": 104.22000000004618,
      "trading_pnl": 104.22000000004618,
      "bonus": 0.0,
      "closed_lots": 7.479999999999928,
      "equity_start": 2367.299999999973,
      "equity_end": 2471.520000000019,
      "win_rate_pct": 58.76288659793815,
      "pnl_pct": 4.402483842354048
    },
    {
      "month": "2025-06",
      "signals": 441,
      "wins": 210,
      "losses": 162,
      "no_fills": 69,
      "open": 0,
      "pnl": -308.6499999999951,
      "trading_pnl": -308.6499999999951,
      "bonus": 0.0,
      "closed_lots": 7.1099999999999355,
      "equity_start": 2471.520000000019,
      "equity_end": 2162.870000000024,
      "win_rate_pct": 56.451612903225815,
      "pnl_pct": -12.488266330031426
    },
    {
      "month": "2025-07",
      "signals": 501,
      "wins": 212,
      "losses": 178,
      "no_fills": 110,
      "open": 0,
      "pnl": -278.8600000000083,
      "trading_pnl": -278.8600000000083,
      "bonus": 0.0,
      "closed_lots": 7.26999999999993,
      "equity_start": 2162.870000000024,
      "equity_end": 1913.660000000018,
      "win_rate_pct": 54.35897435897436,
      "pnl_pct": -12.893054136402338
    },
    {
      "month": "2025-08",
      "signals": 496,
      "wins": 218,
      "losses": 192,
      "no_fills": 86,
      "open": 0,
      "pnl": 235.93999999991047,
      "trading_pnl": 235.93999999991047,
      "bonus": 0.0,
      "closed_lots": 7.74999999999992,
      "equity_start": 1872.5600000000154,
      "equity_end": 2119.949999999926,
      "win_rate_pct": 53.170731707317074,
      "pnl_pct": 12.599863288754886
    },
    {
      "month": "2025-09",
      "signals": 551,
      "wins": 292,
      "losses": 166,
      "no_fills": 93,
      "open": 0,
      "pnl": 650.959999999895,
      "trading_pnl": 650.959999999895,
      "bonus": 0.0,
      "closed_lots": 8.619999999999902,
      "equity_start": 2119.949999999926,
      "equity_end": 2847.5499999998133,
      "win_rate_pct": 63.75545851528385,
      "pnl_pct": 30.706384584538206
    },
    {
      "month": "2025-10",
      "signals": 565,
      "wins": 361,
      "losses": 140,
      "no_fills": 64,
      "open": 0,
      "pnl": 1833.0499999998838,
      "trading_pnl": 1833.0499999998838,
      "bonus": 0.0,
      "closed_lots": 9.739999999999878,
      "equity_start": 2754.989999999822,
      "equity_end": 4603.959999999702,
      "win_rate_pct": 72.0558882235529,
      "pnl_pct": 66.53563170828214
    },
    {
      "month": "2025-11",
      "signals": 445,
      "wins": 258,
      "losses": 149,
      "no_fills": 38,
      "open": 0,
      "pnl": 371.9599999999241,
      "trading_pnl": 371.9599999999241,
      "bonus": 0.0,
      "closed_lots": 7.819999999999918,
      "equity_start": 4603.959999999702,
      "equity_end": 4975.919999999624,
      "win_rate_pct": 63.39066339066339,
      "pnl_pct": 8.07913187777366
    },
    {
      "month": "2025-12",
      "signals": 495,
      "wins": 280,
      "losses": 171,
      "no_fills": 44,
      "open": 0,
      "pnl": 224.18999999991956,
      "trading_pnl": 224.18999999991956,
      "bonus": 0.0,
      "closed_lots": 8.7699999999999,
      "equity_start": 4975.919999999624,
      "equity_end": 5200.109999999544,
      "win_rate_pct": 62.08425720620843,
      "pnl_pct": 4.505498480681693
    },
    {
      "month": "2026-01",
      "signals": 556,
      "wins": 338,
      "losses": 155,
      "no_fills": 63,
      "open": 0,
      "pnl": 1533.5999999999021,
      "trading_pnl": 1533.5999999999021,
      "bonus": 0.0,
      "closed_lots": 9.559999999999883,
      "equity_start": 5200.109999999544,
      "equity_end": 6733.709999999446,
      "win_rate_pct": 68.55983772819472,
      "pnl_pct": 29.49168382976584
    },
    {
      "month": "2026-02",
      "signals": 434,
      "wins": 273,
      "losses": 135,
      "no_fills": 26,
      "open": 0,
      "pnl": 1252.4200000000374,
      "trading_pnl": 1252.4200000000374,
      "bonus": 0.0,
      "closed_lots": 8.109999999999916,
      "equity_start": 6733.709999999446,
      "equity_end": 7986.1299999994835,
      "win_rate_pct": 66.91176470588235,
      "pnl_pct": 18.599256576243118
    },
    {
      "month": "2026-03",
      "signals": 505,
      "wins": 301,
      "losses": 171,
      "no_fills": 33,
      "open": 0,
      "pnl": 1028.8200000001143,
      "trading_pnl": 1028.8200000001143,
      "bonus": 0.0,
      "closed_lots": 9.29999999999989,
      "equity_start": 7986.1299999994835,
      "equity_end": 9088.989999999614,
      "win_rate_pct": 63.771186440677965,
      "pnl_pct": 12.882585182061659
    },
    {
      "month": "2026-04",
      "signals": 427,
      "wins": 253,
      "losses": 149,
      "no_fills": 25,
      "open": 0,
      "pnl": 82.68000000007032,
      "trading_pnl": 82.68000000007032,
      "bonus": 0.0,
      "closed_lots": 7.88999999999992,
      "equity_start": 8983.689999999613,
      "equity_end": 9097.629999999697,
      "win_rate_pct": 62.93532338308457,
      "pnl_pct": 0.9203345173316743
    },
    {
      "month": "2026-05",
      "signals": 487,
      "wins": 276,
      "losses": 172,
      "no_fills": 39,
      "open": 0,
      "pnl": 86.54000000007454,
      "trading_pnl": 86.54000000007454,
      "bonus": 0.0,
      "closed_lots": 8.7799999999999,
      "equity_start": 9097.629999999697,