{
  "rank": 7,
  "candidate_id": "012c82ddb0e2dfe0",
  "filter_preset": "self_limit",
  "metrics": {
    "candidate_id": "012c82ddb0e2dfe0",
    "filter_preset": "self_limit",
    "passes_recommendation_gate": false,
    "passes_dd": false,
    "passes_edge": true,
    "passes_consistency": true,
    "passes_oos": true,
    "score": 13310.209999999832,
    "fixed_no_bonus_profit": 13738.97999999964,
    "fixed_with_bonus_profit": 14586.690000000552,
    "bonus_contribution": 847.7100000009123,
    "concurrent_risk_max_dd_pct": 100.80629003065755,
    "risk_net_profit_with_bonus": -1048.2900000001282,
    "stable_months": 15,
    "total_months": 18,
    "stable_fraction": 0.8333333333333334,
    "worst_month_pnl": -1395.3000000000034,
    "oos_fixed_no_bonus_profit": 7444.2400000005255
  },
  "monthly": [
    {
      "month": "2025-01",
      "signals": 543,
      "wins": 213,
      "losses": 176,
      "no_fills": 154,
      "open": 0,
      "pnl": 1425.7100000000191,
      "trading_pnl": 1425.7100000000191,
      "bonus": 0.0,
      "closed_lots": 14.25999999999987,
      "equity_start": 1000.0,
      "equity_end": 2425.710000000019,
      "win_rate_pct": 54.75578406169666,
      "pnl_pct": 142.5710000000019
    },
    {
      "month": "2025-02",
      "signals": 495,
      "wins": 214,
      "losses": 170,
      "no_fills": 111,
      "open": 0,
      "pnl": 126.31999999982781,
      "trading_pnl": 126.31999999982781,
      "bonus": 0.0,
      "closed_lots": 14.349999999999868,
      "equity_start": 2425.710000000019,
      "equity_end": 2552.029999999847,
      "win_rate_pct": 55.729166666666664,
      "pnl_pct": 5.207547480936584
    },
    {
      "month": "2025-03",
      "signals": 503,
      "wins": 220,
      "losses": 182,
      "no_fills": 101,
      "open": 0,
      "pnl": 28.79000000013866,
      "trading_pnl": 28.79000000013866,
      "bonus": 0.0,
      "closed_lots": 15.269999999999852,
      "equity_start": 2552.029999999847,
      "equity_end": 2606.0199999999827,
      "win_rate_pct": 54.72636815920397,
      "pnl_pct": 1.128121534626959
    },
    {
      "month": "2025-04",
      "signals": 486,
      "wins": 254,
      "losses": 165,
      "no_fills": 66,
      "open": 0,
      "pnl": 869.3799999999815,
      "trading_pnl": 869.3799999999815,
      "bonus": 0.0,
      "closed_lots": 16.399999999999828,
      "equity_start": 2538.449999999986,
      "equity_end": 3693.759999999969,
      "win_rate_pct": 60.62052505966587,
      "pnl_pct": 34.24845870511478
    },
    {
      "month": "2025-05",
      "signals": 452,
      "wins": 220,
      "losses": 166,
      "no_fills": 66,
      "open": 0,
      "pnl": 282.1100000000997,
      "trading_pnl": 282.1100000000997,
      "bonus": 0.0,
      "closed_lots": 14.979999999999857,
      "equity_start": 3450.199999999967,
      "equity_end": 3732.3100000000663,
      "win_rate_pct": 56.994818652849744,
      "pnl_pct": 8.176627441890396
    },
    {
      "month": "2025-06",
      "signals": 441,
      "wins": 190,
      "losses": 181,
      "no_fills": 70,
      "open": 0,
      "pnl": -1395.3000000000034,
      "trading_pnl": -1395.3000000000034,
      "bonus": 0.0,
      "closed_lots": 14.189999999999873,
      "equity_start": 3732.3100000000663,
      "equity_end": 2337.010000000063,
      "win_rate_pct": 51.21293800539084,
      "pnl_pct": -37.384354461445554
    },
    {
      "month": "2025-07",
      "signals": 501,
      "wins": 192,
      "losses": 198,
      "no_fills": 110,
      "open": 0,
      "pnl": -870.27000000001,
      "trading_pnl": -870.27000000001,
      "bonus": 0.0,
      "closed_lots": 14.669999999999861,
      "equity_start": 2337.010000000063,
      "equity_end": 1510.4800000000587,
      "win_rate_pct": 49.23076923076923,
      "pnl_pct": -37.23860830719537
    },
    {
      "month": "2025-08",
      "signals": 496,
      "wins": 215,
      "losses": 195,
      "no_fills": 86,
      "open": 0,
      "pnl": 379.7799999998224,
      "trading_pnl": 379.7799999998224,
      "bonus": 0.0,
      "closed_lots": 15.649999999999842,
      "equity_start": 1449.0600000000532,
      "equity_end": 1846.5199999998754,
      "win_rate_pct": 52.4390243902439,
      "pnl_pct": 26.208714614978568
    },
    {
      "month": "2025-09",
      "signals": 551,
      "wins": 265,
      "losses": 189,
      "no_fills": 97,
      "open": 0,
      "pnl": 1264.1899999997845,
      "trading_pnl": 1264.1899999997845,
      "bonus": 0.0,
      "closed_lots": 17.199999999999818,
      "equity_start": 1846.5199999998754,
      "equity_end": 3258.3999999996445,
      "win_rate_pct": 58.370044052863435,
      "pnl_pct": 68.46337976300661
    },
    {
      "month": "2025-10",
      "signals": 565,
      "wins": 348,
      "losses": 147,
      "no_fills": 70,
      "open": 0,
      "pnl": 3897.0099999997683,
      "trading_pnl": 3897.0099999997683,
      "bonus": 0.0,
      "closed_lots": 19.249999999999766,
      "equity_start": 3079.2899999996616,
      "equity_end": 7007.71999999943,
      "win_rate_pct": 70.3030303030303,
      "pnl_pct": 126.55547220301422
    },
    {
      "month": "2025-11",
      "signals": 445,
      "wins": 237,
      "losses": 163,
      "no_fills": 45,
      "open": 0,
      "pnl": 281.449999999837,
      "trading_pnl": 281.449999999837,
      "bonus": 0.0,
      "closed_lots": 15.459999999999845,
      "equity_start": 7007.71999999943,
      "equity_end": 7289.169999999271,
      "win_rate_pct": 59.25,
      "pnl_pct": 4.0162848972256295
    },
    {
      "month": "2025-12",
      "signals": 495,
      "wins": 254,
      "losses": 190,
      "no_fills": 51,
      "open": 0,
      "pnl": 5.569999999840547,
      "trading_pnl": 5.569999999840547,
      "bonus": 0.0,
      "closed_lots": 17.33999999999981,
      "equity_start": 7289.169999999271,
      "equity_end": 7294.739999999111,
      "win_rate_pct": 57.20720720720721,
      "pnl_pct": 0.07641473583194115
    },
    {
      "month": "2026-01",
      "signals": 556,
      "wins": 319,
      "losses": 164,
      "no_fills": 73,
      "open": 0,
      "pnl": 3100.849999999874,
      "trading_pnl": 3100.849999999874,
      "bonus": 0.0,
      "closed_lots": 18.929999999999776,
      "equity_start": 7294.739999999111,
      "equity_end": 10395.589999998982,
      "win_rate_pct": 66.0455486542443,
      "pnl_pct": 42.50802633130518
    },
    {
      "month": "2026-02",
      "signals": 434,
      "wins": 256,
      "losses": 151,
      "no_fills": 27,
      "open": 0,
      "pnl": 2202.350000000082,
      "trading_pnl": 2202.350000000082,
      "bonus": 0.0,
      "closed_lots": 16.169999999999835,
      "equity_start": 10395.589999998982,
      "equity_end": 12597.93999999906,
      "win_rate_pct": 62.8992628992629,
      "pnl_pct": 21.185425743034287
    },
    {
      "month": "2026-03",
      "signals": 505,
      "wins": 279,
      "losses": 182,
      "no_fills": 44,
      "open": 0,
      "pnl": 795.900000000237,
      "trading_pnl": 795.900000000237,
      "bonus": 0.0,
      "closed_lots": 18.22999999999979,
      "equity_start": 12597.93999999906,
      "equity_end": 13547.219999999303,
      "win_rate_pct": 60.520607375271155,
      "pnl_pct": 6.317699560406672
    },
    {
      "month": "2026-04",
      "signals": 427,
      "wins": 239,
      "losses": 154,
      "no_fills": 34,
      "open": 0,
      "pnl": -193.92999999985932,
      "trading_pnl": -193.92999999985932,
      "bonus": 0.0,
      "closed_lots": 15.479999999999846,
      "equity_start": 13386.729999999296,
      "equity_end": 13199.909999999443,
      "win_rate_pct": 60.81424936386769,
      "pnl_pct": -1.448673425099853
    },
    {
      "month": "2026-05",
      "signals": 487,
      "wins": 260,
      "losses": 182,
      "no_fills": 45,
      "open": 0,
      "pnl": 500.7700000001196,
      "trading_pnl": 500.7700000001196,
      "bonus": 0.0,
      "closed_lots": 17.459999999999805,
      "equity_start": 13199.909999999443,