{
  "rank": 9,
  "candidate_id": "e8f04604221f8280",
  "filter_preset": "self_limit",
  "metrics": {
    "candidate_id": "e8f04604221f8280",
    "filter_preset": "self_limit",
    "passes_recommendation_gate": false,
    "passes_dd": false,
    "passes_edge": true,
    "passes_consistency": true,
    "passes_oos": true,
    "score": 9551.28333333368,
    "fixed_no_bonus_profit": 10809.060000000232,
    "fixed_with_bonus_profit": 11423.100000000033,
    "bonus_contribution": 614.0399999998008,
    "concurrent_risk_max_dd_pct": 100.05158938556862,
    "risk_net_profit_with_bonus": -1001.6700000002419,
    "stable_months": 13,
    "total_months": 18,
    "stable_fraction": 0.7222222222222222,
    "worst_month_pnl": -576.5399999999381,
    "oos_fixed_no_bonus_profit": 6978.960000000713
  },
  "monthly": [
    {
      "month": "2025-01",
      "signals": 543,
      "wins": 207,
      "losses": 156,
      "no_fills": 180,
      "open": 0,
      "pnl": 515.7400000000052,
      "trading_pnl": 515.7400000000052,
      "bonus": 0.0,
      "closed_lots": 9.63999999999997,
      "equity_start": 1000.0,
      "equity_end": 1515.7400000000052,
      "win_rate_pct": 57.02479338842975,
      "pnl_pct": 51.57400000000052
    },
    {
      "month": "2025-02",
      "signals": 495,
      "wins": 181,
      "losses": 178,
      "no_fills": 136,
      "open": 0,
      "pnl": -209.89000000011356,
      "trading_pnl": -209.89000000011356,
      "bonus": 0.0,
      "closed_lots": 9.769999999999973,
      "equity_start": 1515.7400000000052,
      "equity_end": 1305.8499999998917,
      "win_rate_pct": 50.41782729805014,
      "pnl_pct": -13.847361684729098
    },
    {
      "month": "2025-03",
      "signals": 503,
      "wins": 191,
      "losses": 193,
      "no_fills": 119,
      "open": 0,
      "pnl": -576.5399999999381,
      "trading_pnl": -576.5399999999381,
      "bonus": 0.0,
      "closed_lots": 10.76999999999995,
      "equity_start": 1305.8499999998917,
      "equity_end": 793.8099999999508,
      "win_rate_pct": 49.73958333333333,
      "pnl_pct": -44.150553279472064
    },
    {
      "month": "2025-04",
      "signals": 486,
      "wins": 224,
      "losses": 200,
      "no_fills": 62,
      "open": 0,
      "pnl": 780.3499999999685,
      "trading_pnl": 780.3499999999685,
      "bonus": 0.0,
      "closed_lots": 12.229999999999922,
      "equity_start": 697.0599999999549,
      "equity_end": 1633.5499999999238,
      "win_rate_pct": 52.83018867924528,
      "pnl_pct": 111.94875620463361
    },
    {
      "month": "2025-05",
      "signals": 452,
      "wins": 192,
      "losses": 187,
      "no_fills": 73,
      "open": 0,
      "pnl": 210.17000000004828,
      "trading_pnl": 210.17000000004828,
      "bonus": 0.0,
      "closed_lots": 10.869999999999953,
      "equity_start": 1509.659999999922,
      "equity_end": 1719.8299999999704,
      "win_rate_pct": 50.65963060686016,
      "pnl_pct": 13.921677728764035
    },
    {
      "month": "2025-06",
      "signals": 441,
      "wins": 163,
      "losses": 200,
      "no_fills": 78,
      "open": 0,
      "pnl": -572.760000000002,
      "trading_pnl": -572.760000000002,
      "bonus": 0.0,
      "closed_lots": 10.259999999999968,
      "equity_start": 1719.8299999999704,
      "equity_end": 1147.0699999999683,
      "win_rate_pct": 44.90358126721763,
      "pnl_pct": -33.30329160440345
    },
    {
      "month": "2025-07",
      "signals": 501,
      "wins": 191,
      "losses": 180,
      "no_fills": 130,
      "open": 0,
      "pnl": -290.55999999999904,
      "trading_pnl": -290.55999999999904,
      "bonus": 0.0,
      "closed_lots": 10.08999999999997,
      "equity_start": 1147.0699999999683,
      "equity_end": 852.9099999999698,
      "win_rate_pct": 51.482479784366575,
      "pnl_pct": -25.33062498365462
    },
    {
      "month": "2025-08",
      "signals": 496,
      "wins": 189,
      "losses": 191,
      "no_fills": 116,
      "open": 0,
      "pnl": 479.2499999998854,
      "trading_pnl": 479.2499999998854,
      "bonus": 0.0,
      "closed_lots": 10.549999999999956,
      "equity_start": 841.1899999999691,
      "equity_end": 1335.7599999998547,
      "win_rate_pct": 49.73684210526316,
      "pnl_pct": 56.97285987706737
    },
    {
      "month": "2025-09",
      "signals": 551,
      "wins": 245,
      "losses": 199,
      "no_fills": 107,
      "open": 0,
      "pnl": 592.2899999998731,
      "trading_pnl": 592.2899999998731,
      "bonus": 0.0,
      "closed_lots": 12.189999999999921,
      "equity_start": 1335.7599999998547,
      "equity_end": 1956.6699999997254,
      "win_rate_pct": 55.18018018018018,
      "pnl_pct": 44.341049290286996
    },
    {
      "month": "2025-10",
      "signals": 565,
      "wins": 309,
      "losses": 188,
      "no_fills": 67,
      "open": 0,
      "pnl": 2657.239999999866,
      "trading_pnl": 2657.239999999866,
      "bonus": 0.0,
      "closed_lots": 14.34999999999988,
      "equity_start": 1928.0499999997278,
      "equity_end": 4585.289999999584,
      "win_rate_pct": 62.17303822937625,
      "pnl_pct": 137.82007728016603
    },
    {
      "month": "2025-11",
      "signals": 445,
      "wins": 218,
      "losses": 180,
      "no_fills": 47,
      "open": 0,
      "pnl": 641.9899999999138,
      "trading_pnl": 641.9899999999138,
      "bonus": 0.0,
      "closed_lots": 11.319999999999943,
      "equity_start": 4585.289999999584,
      "equity_end": 5227.2799999994795,
      "win_rate_pct": 54.773869346733676,
      "pnl_pct": 14.001077358247176
    },
    {
      "month": "2025-12",
      "signals": 495,
      "wins": 222,
      "losses": 216,
      "no_fills": 57,
      "open": 0,
      "pnl": -397.17999999998756,
      "trading_pnl": -397.17999999998756,
      "bonus": 0.0,
      "closed_lots": 12.569999999999919,
      "equity_start": 5227.2799999994795,
      "equity_end": 4830.099999999492,
      "win_rate_pct": 50.68493150684932,
      "pnl_pct": -7.598215515526757
    },
    {
      "month": "2026-01",
      "signals": 556,
      "wins": 265,
      "losses": 221,
      "no_fills": 69,
      "open": 0,
      "pnl": 1483.989999999998,
      "trading_pnl": 1483.989999999998,
      "bonus": 0.0,
      "closed_lots": 14.119999999999884,
      "equity_start": 4830.099999999492,
      "equity_end": 6314.08999999949,
      "win_rate_pct": 54.52674897119342,
      "pnl_pct": 30.72379453841854
    },
    {
      "month": "2026-02",
      "signals": 434,
      "wins": 225,
      "losses": 176,
      "no_fills": 33,
      "open": 0,
      "pnl": 1864.990000000128,
      "trading_pnl": 1864.990000000128,
      "bonus": 0.0,
      "closed_lots": 11.889999999999937,
      "equity_start": 6314.08999999949,
      "equity_end": 8179.0799999996225,
      "win_rate_pct": 56.10972568578554,
      "pnl_pct": 29.536956235978245
    },
    {
      "month": "2026-03",
      "signals": 505,
      "wins": 259,
      "losses": 211,
      "no_fills": 35,
      "open": 0,
      "pnl": 2424.5200000001887,
      "trading_pnl": 2424.5200000001887,
      "bonus": 0.0,
      "closed_lots": 13.839999999999895,
      "equity_start": 8179.0799999996225,
      "equity_end": 10680.559999999827,
      "win_rate_pct": 55.1063829787234,
      "pnl_pct": 29.642942727058553
    },
    {
      "month": "2026-04",
      "signals": 427,
      "wins": 185,
      "losses": 212,
      "no_fills": 30,
      "open": 0,
      "pnl": 39.02000000017324,
      "trading_pnl": 39.02000000017324,
      "bonus": 0.0,
      "closed_lots": 11.649999999999942,
      "equity_start": 10567.30999999982,
      "equity_end": 10642.620000000003,
      "win_rate_pct": 46.59949622166247,
      "pnl_pct": 0.36925196668001514
    },
    {
      "month": "2026-05",
      "signals": 487,
      "wins": 222,
      "losses": 224,
      "no_fills": 41,
      "open": 0,
      "pnl": 527.0700000001607,
      "trading_pnl": 527.0700000001607,
      "bonus": 0.0,
      "closed_lots": 13.039999999999909,