{
  "rank": 4,
  "candidate_id": "64173564b2c411b1",
  "filter_preset": "self_limit",
  "metrics": {
    "candidate_id": "64173564b2c411b1",
    "filter_preset": "self_limit",
    "passes_recommendation_gate": false,
    "passes_dd": false,
    "passes_edge": true,
    "passes_consistency": true,
    "passes_oos": true,
    "score": 16879.616666666076,
    "fixed_no_bonus_profit": 16969.189999999297,
    "fixed_with_bonus_profit": 17628.9799999989,
    "bonus_contribution": 659.7899999996043,
    "concurrent_risk_max_dd_pct": 83.84671750005414,
    "risk_net_profit_with_bonus": 670580555665.3551,
    "stable_months": 15,
    "total_months": 18,
    "stable_fraction": 0.8333333333333334,
    "worst_month_pnl": -486.3799999999919,
    "oos_fixed_no_bonus_profit": 10954.499999999978
  },
  "monthly": [
    {
      "month": "2025-01",
      "signals": 543,
      "wins": 257,
      "losses": 173,
      "no_fills": 113,
      "open": 0,
      "pnl": 797.6000000000004,
      "trading_pnl": 797.6000000000004,
      "bonus": 0.0,
      "closed_lots": 11.789999999999933,
      "equity_start": 1000.0,
      "equity_end": 1797.6000000000004,
      "win_rate_pct": 59.76744186046512,
      "pnl_pct": 79.76000000000003
    },
    {
      "month": "2025-02",
      "signals": 495,
      "wins": 244,
      "losses": 171,
      "no_fills": 80,
      "open": 0,
      "pnl": 127.28999999987218,
      "trading_pnl": 127.28999999987218,
      "bonus": 0.0,
      "closed_lots": 11.539999999999939,
      "equity_start": 1797.6000000000004,
      "equity_end": 1924.8899999998725,
      "win_rate_pct": 58.79518072289157,
      "pnl_pct": 7.081108144185144
    },
    {
      "month": "2025-03",
      "signals": 503,
      "wins": 219,
      "losses": 212,
      "no_fills": 72,
      "open": 0,
      "pnl": -435.2899999998931,
      "trading_pnl": -435.2899999998931,
      "bonus": 0.0,
      "closed_lots": 12.15999999999992,
      "equity_start": 1924.8899999998725,
      "equity_end": 1443.8799999999783,
      "win_rate_pct": 50.81206496519721,
      "pnl_pct": -22.61375974730618
    },
    {
      "month": "2025-04",
      "signals": 486,
      "wins": 289,
      "losses": 148,
      "no_fills": 49,
      "open": 0,
      "pnl": 964.5499999999834,
      "trading_pnl": 964.5499999999834,
      "bonus": 0.0,
      "closed_lots": 12.659999999999918,
      "equity_start": 1459.2399999999798,
      "equity_end": 2535.649999999962,
      "win_rate_pct": 66.13272311212815,
      "pnl_pct": 66.09947643979035
    },
    {
      "month": "2025-05",
      "signals": 452,
      "wins": 254,
      "losses": 152,
      "no_fills": 46,
      "open": 0,
      "pnl": 243.4000000000774,
      "trading_pnl": 243.4000000000774,
      "bonus": 0.0,
      "closed_lots": 11.63999999999994,
      "equity_start": 2454.149999999963,
      "equity_end": 2697.55000000004,
      "win_rate_pct": 62.5615763546798,
      "pnl_pct": 9.917894179250702
    },
    {
      "month": "2025-06",
      "signals": 441,
      "wins": 210,
      "losses": 174,
      "no_fills": 57,
      "open": 0,
      "pnl": -281.4399999999964,
      "trading_pnl": -281.4399999999964,
      "bonus": 0.0,
      "closed_lots": 11.059999999999953,
      "equity_start": 2697.55000000004,
      "equity_end": 2416.110000000044,
      "win_rate_pct": 54.6875,
      "pnl_pct": -10.433170840206566
    },
    {
      "month": "2025-07",
      "signals": 501,
      "wins": 240,
      "losses": 189,
      "no_fills": 72,
      "open": 0,
      "pnl": -486.3799999999919,
      "trading_pnl": -486.3799999999919,
      "bonus": 0.0,
      "closed_lots": 11.839999999999929,
      "equity_start": 2416.110000000044,
      "equity_end": 1955.1500000000551,
      "win_rate_pct": 55.94405594405595,
      "pnl_pct": -20.130705969512277
    },
    {
      "month": "2025-08",
      "signals": 496,
      "wins": 224,
      "losses": 217,
      "no_fills": 55,
      "open": 0,
      "pnl": 32.69999999986476,
      "trading_pnl": 32.69999999986476,
      "bonus": 0.0,
      "closed_lots": 12.449999999999918,
      "equity_start": 1906.4800000000514,
      "equity_end": 1962.4299999999166,
      "win_rate_pct": 50.79365079365079,
      "pnl_pct": 1.7152028869887896
    },
    {
      "month": "2025-09",
      "signals": 551,
      "wins": 313,
      "losses": 167,
      "no_fills": 71,
      "open": 0,
      "pnl": 860.9199999998291,
      "trading_pnl": 860.9199999998291,
      "bonus": 0.0,
      "closed_lots": 13.609999999999895,
      "equity_start": 1962.4299999999166,
      "equity_end": 2954.599999999737,
      "win_rate_pct": 65.20833333333333,
      "pnl_pct": 43.87009982520985
    },
    {
      "month": "2025-10",
      "signals": 565,
      "wins": 388,
      "losses": 116,
      "no_fills": 61,
      "open": 0,
      "pnl": 2426.0099999998065,
      "trading_pnl": 2426.0099999998065,
      "bonus": 0.0,
      "closed_lots": 14.749999999999874,
      "equity_start": 2796.719999999748,
      "equity_end": 5249.359999999546,
      "win_rate_pct": 76.98412698412699,
      "pnl_pct": 86.7448296575998
    },
    {
      "month": "2025-11",
      "signals": 445,
      "wins": 290,
      "losses": 119,
      "no_fills": 36,
      "open": 0,
      "pnl": 1031.479999999865,
      "trading_pnl": 1031.479999999865,
      "bonus": 0.0,
      "closed_lots": 11.929999999999934,
      "equity_start": 5249.359999999546,
      "equity_end": 6280.839999999402,
      "win_rate_pct": 70.90464547677261,
      "pnl_pct": 19.649633479128013
    },
    {
      "month": "2025-12",
      "signals": 495,
      "wins": 299,
      "losses": 159,
      "no_fills": 37,
      "open": 0,
      "pnl": 733.8499999998421,
      "trading_pnl": 733.8499999998421,
      "bonus": 0.0,
      "closed_lots": 13.349999999999905,
      "equity_start": 6280.839999999402,
      "equity_end": 7014.689999999244,
      "win_rate_pct": 65.28384279475983,
      "pnl_pct": 11.683946733238102
    },
    {
      "month": "2026-01",
      "signals": 556,
      "wins": 373,
      "losses": 120,
      "no_fills": 63,
      "open": 0,
      "pnl": 2942.249999999778,
      "trading_pnl": 2942.249999999778,
      "bonus": 0.0,
      "closed_lots": 14.499999999999881,
      "equity_start": 7014.689999999244,
      "equity_end": 9956.939999999027,
      "win_rate_pct": 75.65922920892496,
      "pnl_pct": 41.94412012505321
    },
    {
      "month": "2026-02",
      "signals": 434,
      "wins": 319,
      "losses": 91,
      "no_fills": 24,
      "open": 0,
      "pnl": 2886.1199999999526,
      "trading_pnl": 2886.1199999999526,
      "bonus": 0.0,
      "closed_lots": 12.209999999999932,
      "equity_start": 9956.939999999027,
      "equity_end": 12843.059999998983,
      "win_rate_pct": 77.8048780487805,
      "pnl_pct": 28.98601377531887
    },
    {
      "month": "2026-03",
      "signals": 505,
      "wins": 342,
      "losses": 122,
      "no_fills": 41,
      "open": 0,
      "pnl": 2479.67000000011,
      "trading_pnl": 2479.67000000011,
      "bonus": 0.0,
      "closed_lots": 13.779999999999898,
      "equity_start": 12843.059999998983,
      "equity_end": 15482.959999999097,
      "win_rate_pct": 73.70689655172413,
      "pnl_pct": 19.307470338068235
    },
    {
      "month": "2026-04",
      "signals": 427,
      "wins": 269,
      "losses": 128,
      "no_fills": 30,
      "open": 0,
      "pnl": 786.3800000000547,
      "trading_pnl": 786.3800000000547,
      "bonus": 0.0,
      "closed_lots": 11.74999999999994,
      "equity_start": 15303.609999999098,
      "equity_end": 16109.109999999171,
      "win_rate_pct": 67.75818639798489,
      "pnl_pct": 5.138526138604558
    },
    {
      "month": "2026-05",
      "signals": 487,
      "wins": 309,
      "losses": 143,
      "no_fills": 35,
      "open": 0,
      "pnl": 992.2800000000489,
      "trading_pnl": 992.2800000000489,
      "bonus": 0.0,
      "closed_lots": 13.309999999999906,
      "equity_start": 16109.109999999171,