{
  "rank": 10,
  "candidate_id": "1d4ab737d1c577ac",
  "filter_preset": "self_limit",
  "metrics": {
    "candidate_id": "1d4ab737d1c577ac",
    "filter_preset": "self_limit",
    "passes_recommendation_gate": false,
    "passes_dd": false,
    "passes_edge": true,
    "passes_consistency": true,
    "passes_oos": true,
    "score": 9159.31166666695,
    "fixed_no_bonus_profit": 11340.750000000162,
    "fixed_with_bonus_profit": 11916.989999999847,
    "bonus_contribution": 576.2399999996851,
    "concurrent_risk_max_dd_pct": 100.47562768693459,
    "risk_net_profit_with_bonus": -1054.4100000001058,
    "stable_months": 13,
    "total_months": 18,
    "stable_fraction": 0.7222222222222222,
    "worst_month_pnl": -1328.1300000000379,
    "oos_fixed_no_bonus_profit": 3875.0800000006648
  },
  "monthly": [
    {
      "month": "2025-01",
      "signals": 543,
      "wins": 197,
      "losses": 122,
      "no_fills": 224,
      "open": 0,
      "pnl": 1008.8399999999979,
      "trading_pnl": 1008.8399999999979,
      "bonus": 0.0,
      "closed_lots": 8.239999999999988,
      "equity_start": 1000.0,
      "equity_end": 2008.8399999999979,
      "win_rate_pct": 61.75548589341693,
      "pnl_pct": 100.8839999999998
    },
    {
      "month": "2025-02",
      "signals": 495,
      "wins": 197,
      "losses": 125,
      "no_fills": 173,
      "open": 0,
      "pnl": -16.80000000008158,
      "trading_pnl": -16.80000000008158,
      "bonus": 0.0,
      "closed_lots": 8.789999999999992,
      "equity_start": 2008.8399999999979,
      "equity_end": 1992.0399999999163,
      "win_rate_pct": 61.18012422360248,
      "pnl_pct": -0.8363035383645089
    },
    {
      "month": "2025-03",
      "signals": 503,
      "wins": 236,
      "losses": 121,
      "no_fills": 146,
      "open": 0,
      "pnl": 1276.2700000000718,
      "trading_pnl": 1276.2700000000718,
      "bonus": 0.0,
      "closed_lots": 9.84999999999997,
      "equity_start": 1992.0399999999163,
      "equity_end": 3268.309999999988,
      "win_rate_pct": 66.1064425770308,
      "pnl_pct": 64.0684926005565
    },
    {
      "month": "2025-04",
      "signals": 486,
      "wins": 245,
      "losses": 155,
      "no_fills": 86,
      "open": 0,
      "pnl": 837.6299999999551,
      "trading_pnl": 837.6299999999551,
      "bonus": 0.0,
      "closed_lots": 11.619999999999937,
      "equity_start": 3268.309999999988,
      "equity_end": 4221.289999999935,
      "win_rate_pct": 61.25000000000001,
      "pnl_pct": 25.62884181732939
    },
    {
      "month": "2025-05",
      "signals": 452,
      "wins": 216,
      "losses": 146,
      "no_fills": 90,
      "open": 0,
      "pnl": 536.3100000000395,
      "trading_pnl": 536.3100000000395,
      "bonus": 0.0,
      "closed_lots": 10.329999999999965,
      "equity_start": 4105.939999999933,
      "equity_end": 4642.249999999949,
      "win_rate_pct": 59.66850828729282,
      "pnl_pct": 13.061808014731055
    },
    {
      "month": "2025-06",
      "signals": 441,
      "wins": 186,
      "losses": 152,
      "no_fills": 103,
      "open": 0,
      "pnl": -534.2200000000357,
      "trading_pnl": -534.2200000000357,
      "bonus": 0.0,
      "closed_lots": 9.619999999999981,
      "equity_start": 4642.249999999949,
      "equity_end": 4108.029999999899,
      "win_rate_pct": 55.02958579881657,
      "pnl_pct": -11.507781786849945
    },
    {
      "month": "2025-07",
      "signals": 501,
      "wins": 171,
      "losses": 165,
      "no_fills": 165,
      "open": 0,
      "pnl": -1328.1300000000379,
      "trading_pnl": -1328.1300000000379,
      "bonus": 0.0,
      "closed_lots": 9.119999999999985,
      "equity_start": 4108.029999999899,
      "equity_end": 2750.4499999998657,
      "win_rate_pct": 50.89285714285714,
      "pnl_pct": -32.330094960359844
    },
    {
      "month": "2025-08",
      "signals": 496,
      "wins": 196,
      "losses": 149,
      "no_fills": 151,
      "open": 0,
      "pnl": 1026.0899999999401,
      "trading_pnl": 1026.0899999999401,
      "bonus": 0.0,
      "closed_lots": 9.459999999999978,
      "equity_start": 2783.4599999998604,
      "equity_end": 3805.989999999801,
      "win_rate_pct": 56.811594202898554,
      "pnl_pct": 36.863831346597095
    },
    {
      "month": "2025-09",
      "signals": 551,
      "wins": 272,
      "losses": 126,
      "no_fills": 153,
      "open": 0,
      "pnl": 1739.0499999998924,
      "trading_pnl": 1739.0499999998924,
      "bonus": 0.0,
      "closed_lots": 10.879999999999947,
      "equity_start": 3805.989999999801,
      "equity_end": 5563.789999999681,
      "win_rate_pct": 68.34170854271356,
      "pnl_pct": 45.69244795703571
    },
    {
      "month": "2025-10",
      "signals": 565,
      "wins": 316,
      "losses": 153,
      "no_fills": 96,
      "open": 0,
      "pnl": 2747.269999999847,
      "trading_pnl": 2747.269999999847,
      "bonus": 0.0,
      "closed_lots": 13.6299999999999,
      "equity_start": 5545.039999999683,
      "equity_end": 8292.309999999501,
      "win_rate_pct": 67.37739872068231,
      "pnl_pct": 49.54463809097868
    },
    {
      "month": "2025-11",
      "signals": 445,
      "wins": 222,
      "losses": 151,
      "no_fills": 72,
      "open": 0,
      "pnl": 205.33999999995694,
      "trading_pnl": 205.33999999995694,
      "bonus": 0.0,
      "closed_lots": 10.759999999999959,
      "equity_start": 8292.309999999501,
      "equity_end": 8497.649999999434,
      "win_rate_pct": 59.51742627345844,
      "pnl_pct": 2.476270182855794
    },
    {
      "month": "2025-12",
      "signals": 495,
      "wins": 234,
      "losses": 181,
      "no_fills": 80,
      "open": 0,
      "pnl": -31.97999999998683,
      "trading_pnl": -31.97999999998683,
      "bonus": 0.0,
      "closed_lots": 12.07999999999993,
      "equity_start": 8497.649999999434,
      "equity_end": 8465.669999999453,
      "win_rate_pct": 56.3855421686747,
      "pnl_pct": -0.37633934087646537
    },
    {
      "month": "2026-01",
      "signals": 556,
      "wins": 293,
      "losses": 172,
      "no_fills": 91,
      "open": 0,
      "pnl": 1960.9499999999716,
      "trading_pnl": 1960.9499999999716,
      "bonus": 0.0,
      "closed_lots": 13.469999999999898,
      "equity_start": 8465.669999999453,
      "equity_end": 10426.619999999439,
      "win_rate_pct": 63.01075268817205,
      "pnl_pct": 23.163553504921623
    },
    {
      "month": "2026-02",
      "signals": 434,
      "wins": 219,
      "losses": 176,
      "no_fills": 39,
      "open": 0,
      "pnl": 759.4400000001169,
      "trading_pnl": 759.4400000001169,
      "bonus": 0.0,
      "closed_lots": 11.679999999999941,
      "equity_start": 10426.619999999439,
      "equity_end": 11186.059999999572,
      "win_rate_pct": 55.44303797468354,
      "pnl_pct": 7.283664313077083
    },
    {
      "month": "2026-03",
      "signals": 505,
      "wins": 247,
      "losses": 205,
      "no_fills": 53,
      "open": 0,
      "pnl": 763.6300000002284,
      "trading_pnl": 763.6300000002284,
      "bonus": 0.0,
      "closed_lots": 13.399999999999903,
      "equity_start": 11186.059999999572,
      "equity_end": 12066.539999999815,
      "win_rate_pct": 54.64601769911505,
      "pnl_pct": 6.826621705947024
    },
    {
      "month": "2026-04",
      "signals": 427,
      "wins": 205,
      "losses": 176,
      "no_fills": 46,
      "open": 0,
      "pnl": -601.9399999998504,
      "trading_pnl": -601.9399999998504,
      "bonus": 0.0,
      "closed_lots": 11.27999999999995,
      "equity_start": 11928.219999999816,
      "equity_end": 11347.749999999953,
      "win_rate_pct": 53.805774278215225,
      "pnl_pct": -5.046352263790069
    },
    {
      "month": "2026-05",
      "signals": 487,
      "wins": 260,
      "losses": 176,
      "no_fills": 51,
      "open": 0,
      "pnl": 339.95000000015625,
      "trading_pnl": 339.95000000015625,
      "bonus": 0.0,
      "closed_lots": 12.579999999999918,