{
  "rank": 12,
  "candidate_id": "11108a6c658afafe",
  "filter_preset": "self_limit",
  "metrics": {
    "candidate_id": "11108a6c658afafe",
    "filter_preset": "self_limit",
    "passes_recommendation_gate": false,
    "passes_dd": false,
    "passes_edge": true,
    "passes_consistency": true,
    "passes_oos": true,
    "score": 8250.278055555329,
    "fixed_no_bonus_profit": 7838.179999999786,
    "fixed_with_bonus_profit": 8065.130000000116,
    "bonus_contribution": 226.95000000032996,
    "concurrent_risk_max_dd_pct": 96.30308876496187,
    "risk_net_profit_with_bonus": 9968952414894.383,
    "stable_months": 17,
    "total_months": 18,
    "stable_fraction": 0.9444444444444444,
    "worst_month_pnl": -50.949999999998,
    "oos_fixed_no_bonus_profit": 3390.2099999999045
  },
  "monthly": [
    {
      "month": "2025-01",
      "signals": 543,
      "wins": 231,
      "losses": 157,
      "no_fills": 129,
      "open": 0,
      "pnl": 424.0199999999936,
      "trading_pnl": 424.0199999999936,
      "bonus": 0.0,
      "closed_lots": 4.139999999999956,
      "equity_start": 1000.0,
      "equity_end": 1424.0199999999936,
      "win_rate_pct": 59.5360824742268,
      "pnl_pct": 42.40199999999936
    },
    {
      "month": "2025-02",
      "signals": 495,
      "wins": 204,
      "losses": 162,
      "no_fills": 95,
      "open": 0,
      "pnl": 253.31999999996833,
      "trading_pnl": 253.31999999996833,
      "bonus": 0.0,
      "closed_lots": 3.9999999999999587,
      "equity_start": 1424.0199999999936,
      "equity_end": 1677.339999999962,
      "win_rate_pct": 55.73770491803278,
      "pnl_pct": 17.789075996121507
    },
    {
      "month": "2025-03",
      "signals": 503,
      "wins": 206,
      "losses": 178,
      "no_fills": 86,
      "open": 0,
      "pnl": 16.760000000035234,
      "trading_pnl": 16.760000000035234,
      "bonus": 0.0,
      "closed_lots": 4.1699999999999555,
      "equity_start": 1677.339999999962,
      "equity_end": 1761.379999999997,
      "win_rate_pct": 53.645833333333336,
      "pnl_pct": 0.9992011160549211
    },
    {
      "month": "2025-04",
      "signals": 486,
      "wins": 236,
      "losses": 144,
      "no_fills": 47,
      "open": 0,
      "pnl": 473.2300000000009,
      "trading_pnl": 473.2300000000009,
      "bonus": 0.0,
      "closed_lots": 4.389999999999951,
      "equity_start": 1678.1899999999969,
      "equity_end": 2212.8599999999974,
      "win_rate_pct": 62.10526315789474,
      "pnl_pct": 28.1988332667935
    },
    {
      "month": "2025-05",
      "signals": 452,
      "wins": 199,
      "losses": 149,
      "no_fills": 53,
      "open": 0,
      "pnl": 283.25000000002365,
      "trading_pnl": 283.25000000002365,
      "bonus": 0.0,
      "closed_lots": 3.989999999999959,
      "equity_start": 2167.329999999998,
      "equity_end": 2450.5800000000218,
      "win_rate_pct": 57.18390804597702,
      "pnl_pct": 13.069075775263753
    },
    {
      "month": "2025-06",
      "signals": 441,
      "wins": 188,
      "losses": 150,
      "no_fills": 59,
      "open": 0,
      "pnl": -50.949999999998,
      "trading_pnl": -50.949999999998,
      "bonus": 0.0,
      "closed_lots": 3.8199999999999625,
      "equity_start": 2450.5800000000218,
      "equity_end": 2399.6300000000238,
      "win_rate_pct": 55.62130177514793,
      "pnl_pct": -2.0790996417173706
    },
    {
      "month": "2025-07",
      "signals": 501,
      "wins": 213,
      "losses": 169,
      "no_fills": 77,
      "open": 0,
      "pnl": 220.150000000001,
      "trading_pnl": 220.150000000001,
      "bonus": 0.0,
      "closed_lots": 4.239999999999954,
      "equity_start": 2399.6300000000238,
      "equity_end": 2650.6800000000244,
      "win_rate_pct": 55.75916230366492,
      "pnl_pct": 9.174331042702368
    },
    {
      "month": "2025-08",
      "signals": 496,
      "wins": 190,
      "losses": 192,
      "no_fills": 72,
      "open": 0,
      "pnl": 30.069999999967422,
      "trading_pnl": 30.069999999967422,
      "bonus": 0.0,
      "closed_lots": 4.239999999999954,
      "equity_start": 2619.7800000000248,
      "equity_end": 2649.849999999992,
      "win_rate_pct": 49.73821989528796,
      "pnl_pct": 1.147806304344912
    },
    {
      "month": "2025-09",
      "signals": 551,
      "wins": 262,
      "losses": 156,
      "no_fills": 78,
      "open": 0,
      "pnl": 570.2199999999707,
      "trading_pnl": 570.2199999999707,
      "bonus": 0.0,
      "closed_lots": 4.729999999999944,
      "equity_start": 2649.849999999992,
      "equity_end": 3266.279999999961,
      "win_rate_pct": 62.67942583732058,
      "pnl_pct": 21.518953903050072
    },
    {
      "month": "2025-10",
      "signals": 565,
      "wins": 327,
      "losses": 111,
      "no_fills": 55,
      "open": 0,
      "pnl": 1477.4999999999477,
      "trading_pnl": 1477.4999999999477,
      "bonus": 0.0,
      "closed_lots": 5.099999999999936,
      "equity_start": 3220.069999999963,
      "equity_end": 4697.56999999991,
      "win_rate_pct": 74.65753424657534,
      "pnl_pct": 45.88409568735974
    },
    {
      "month": "2025-11",
      "signals": 445,
      "wins": 216,
      "losses": 135,
      "no_fills": 37,
      "open": 0,
      "pnl": 459.07999999996855,
      "trading_pnl": 459.07999999996855,
      "bonus": 0.0,
      "closed_lots": 4.079999999999957,
      "equity_start": 4697.56999999991,
      "equity_end": 5156.649999999888,
      "win_rate_pct": 61.53846153846154,
      "pnl_pct": 9.772712274643643
    },
    {
      "month": "2025-12",
      "signals": 495,
      "wins": 227,
      "losses": 154,
      "no_fills": 42,
      "open": 0,
      "pnl": 291.3199999999615,
      "trading_pnl": 291.3199999999615,
      "bonus": 0.0,
      "closed_lots": 4.529999999999948,
      "equity_start": 5156.649999999888,
      "equity_end": 5447.969999999849,
      "win_rate_pct": 59.580052493438316,
      "pnl_pct": 5.64940416743366
    },
    {
      "month": "2026-01",
      "signals": 556,
      "wins": 270,
      "losses": 132,
      "no_fills": 61,
      "open": 0,
      "pnl": 904.8899999999248,
      "trading_pnl": 904.8899999999248,
      "bonus": 0.0,
      "closed_lots": 4.949999999999939,
      "equity_start": 5447.969999999849,
      "equity_end": 6352.859999999774,
      "win_rate_pct": 67.16417910447761,
      "pnl_pct": 16.60967296075327
    },
    {
      "month": "2026-02",
      "signals": 434,
      "wins": 222,
      "losses": 102,
      "no_fills": 29,
      "open": 0,
      "pnl": 800.7499999999836,
      "trading_pnl": 800.7499999999836,
      "bonus": 0.0,
      "closed_lots": 4.049999999999958,
      "equity_start": 6352.859999999774,
      "equity_end": 7153.609999999758,
      "win_rate_pct": 68.51851851851852,
      "pnl_pct": 12.604559206404865
    },
    {
      "month": "2026-03",
      "signals": 505,
      "wins": 260,
      "losses": 124,
      "no_fills": 34,
      "open": 0,
      "pnl": 1104.7500000000073,
      "trading_pnl": 1104.7500000000073,
      "bonus": 0.0,
      "closed_lots": 4.709999999999944,
      "equity_start": 7153.609999999758,
      "equity_end": 8305.709999999766,
      "win_rate_pct": 67.70833333333334,
      "pnl_pct": 15.443251728848018
    },
    {
      "month": "2026-04",
      "signals": 427,
      "wins": 199,
      "losses": 136,
      "no_fills": 22,
      "open": 0,
      "pnl": 193.27999999999338,
      "trading_pnl": 193.27999999999338,
      "bonus": 0.0,
      "closed_lots": 4.049999999999958,
      "equity_start": 8258.359999999766,
      "equity_end": 8451.639999999774,
      "win_rate_pct": 59.40298507462687,
      "pnl_pct": 2.340416256980791
    },
    {
      "month": "2026-05",
      "signals": 487,
      "wins": 221,
      "losses": 163,
      "no_fills": 34,
      "open": 0,
      "pnl": 80.56999999999425,
      "trading_pnl": 80.56999999999425,
      "bonus": 0.0,
      "closed_lots": 4.529999999999948,
      "equity_start": 8451.639999999774,