{
  "rank": 8,
  "candidate_id": "26d667c3ddd88f0d",
  "filter_preset": "self_limit",
  "metrics": {
    "candidate_id": "26d667c3ddd88f0d",
    "filter_preset": "self_limit",
    "passes_recommendation_gate": false,
    "passes_dd": false,
    "passes_edge": true,
    "passes_consistency": true,
    "passes_oos": true,
    "score": 12879.301111110388,
    "fixed_no_bonus_profit": 13437.669999999169,
    "fixed_with_bonus_profit": 13828.929999999047,
    "bonus_contribution": 391.25999999987835,
    "concurrent_risk_max_dd_pct": 64.34017917380115,
    "risk_net_profit_with_bonus": 6830844916269111.0,
    "stable_months": 14,
    "total_months": 18,
    "stable_fraction": 0.7777777777777778,
    "worst_month_pnl": -285.9499999999298,
    "oos_fixed_no_bonus_profit": 9711.11999999969
  },
  "monthly": [
    {
      "month": "2025-01",
      "signals": 543,
      "wins": 185,
      "losses": 169,
      "no_fills": 189,
      "open": 0,
      "pnl": 47.93999999999369,
      "trading_pnl": 47.93999999999369,
      "bonus": 0.0,
      "closed_lots": 5.939999999999955,
      "equity_start": 1000.0,
      "equity_end": 1047.9399999999937,
      "win_rate_pct": 52.259887005649716,
      "pnl_pct": 4.793999999999369
    },
    {
      "month": "2025-02",
      "signals": 495,
      "wins": 180,
      "losses": 166,
      "no_fills": 149,
      "open": 0,
      "pnl": -142.99000000007163,
      "trading_pnl": -142.99000000007163,
      "bonus": 0.0,
      "closed_lots": 6.039999999999954,
      "equity_start": 1047.9399999999937,
      "equity_end": 904.949999999922,
      "win_rate_pct": 52.02312138728323,
      "pnl_pct": -13.644865164043027
    },
    {
      "month": "2025-03",
      "signals": 503,
      "wins": 165,
      "losses": 200,
      "no_fills": 138,
      "open": 0,
      "pnl": -285.9499999999298,
      "trading_pnl": -285.9499999999298,
      "bonus": 0.0,
      "closed_lots": 6.499999999999942,
      "equity_start": 904.949999999922,
      "equity_end": 618.9999999999923,
      "win_rate_pct": 45.20547945205479,
      "pnl_pct": -31.598430852528253
    },
    {
      "month": "2025-04",
      "signals": 486,
      "wins": 253,
      "losses": 168,
      "no_fills": 65,
      "open": 0,
      "pnl": 763.8199999999888,
      "trading_pnl": 763.8199999999888,
      "bonus": 0.0,
      "closed_lots": 7.929999999999918,
      "equity_start": 618.9999999999923,
      "equity_end": 1401.4099999999808,
      "win_rate_pct": 60.09501187648456,
      "pnl_pct": 123.39579967689795
    },
    {
      "month": "2025-05",
      "signals": 452,
      "wins": 217,
      "losses": 158,
      "no_fills": 77,
      "open": 0,
      "pnl": 416.6400000000599,
      "trading_pnl": 416.6400000000599,
      "bonus": 0.0,
      "closed_lots": 6.979999999999937,
      "equity_start": 1382.819999999981,
      "equity_end": 1799.460000000041,
      "win_rate_pct": 57.86666666666667,
      "pnl_pct": 30.129734889578224
    },
    {
      "month": "2025-06",
      "signals": 441,
      "wins": 199,
      "losses": 159,
      "no_fills": 83,
      "open": 0,
      "pnl": 147.71000000000686,
      "trading_pnl": 147.71000000000686,
      "bonus": 0.0,
      "closed_lots": 6.559999999999946,
      "equity_start": 1799.460000000041,
      "equity_end": 1947.1700000000478,
      "win_rate_pct": 55.58659217877096,
      "pnl_pct": 8.20857368321627
    },
    {
      "month": "2025-07",
      "signals": 501,
      "wins": 188,
      "losses": 193,
      "no_fills": 120,
      "open": 0,
      "pnl": -149.52000000000226,
      "trading_pnl": -149.52000000000226,
      "bonus": 0.0,
      "closed_lots": 6.5299999999999425,
      "equity_start": 1947.1700000000478,
      "equity_end": 1799.9100000000453,
      "win_rate_pct": 49.343832020997375,
      "pnl_pct": -7.678836465228953
    },
    {
      "month": "2025-08",
      "signals": 496,
      "wins": 190,
      "losses": 190,
      "no_fills": 116,
      "open": 0,
      "pnl": -15.080000000081782,
      "trading_pnl": -15.080000000081782,
      "bonus": 0.0,
      "closed_lots": 6.599999999999942,
      "equity_start": 1797.1500000000456,
      "equity_end": 1782.5699999999638,
      "win_rate_pct": 50.0,
      "pnl_pct": -0.8391063628568233
    },
    {
      "month": "2025-09",
      "signals": 551,
      "wins": 260,
      "losses": 176,
      "no_fills": 115,
      "open": 0,
      "pnl": 293.4699999999043,
      "trading_pnl": 293.4699999999043,
      "bonus": 0.0,
      "closed_lots": 7.809999999999917,
      "equity_start": 1782.5699999999638,
      "equity_end": 2080.9299999998675,
      "win_rate_pct": 59.63302752293578,
      "pnl_pct": 16.46330859376688
    },
    {
      "month": "2025-10",
      "signals": 565,
      "wins": 319,
      "losses": 162,
      "no_fills": 84,
      "open": 0,
      "pnl": 1846.5299999998542,
      "trading_pnl": 1846.5299999998542,
      "bonus": 0.0,
      "closed_lots": 9.119999999999889,
      "equity_start": 2076.039999999868,
      "equity_end": 3922.5699999997223,
      "win_rate_pct": 66.32016632016632,
      "pnl_pct": 88.94481801891926
    },
    {
      "month": "2025-11",
      "signals": 445,
      "wins": 242,
      "losses": 143,
      "no_fills": 60,
      "open": 0,
      "pnl": 430.41999999988957,
      "trading_pnl": 430.41999999988957,
      "bonus": 0.0,
      "closed_lots": 7.27999999999993,
      "equity_start": 3922.5699999997223,
      "equity_end": 4352.989999999612,
      "win_rate_pct": 62.857142857142854,
      "pnl_pct": 10.972908067922816
    },
    {
      "month": "2025-12",
      "signals": 495,
      "wins": 241,
      "losses": 181,
      "no_fills": 73,
      "open": 0,
      "pnl": 373.5599999998685,
      "trading_pnl": 373.5599999998685,
      "bonus": 0.0,
      "closed_lots": 7.889999999999917,
      "equity_start": 4352.989999999612,
      "equity_end": 4726.549999999481,
      "win_rate_pct": 57.10900473933649,
      "pnl_pct": 8.581687529718694
    },
    {
      "month": "2026-01",
      "signals": 556,
      "wins": 294,
      "losses": 181,
      "no_fills": 81,
      "open": 0,
      "pnl": 1971.1399999998275,
      "trading_pnl": 1971.1399999998275,
      "bonus": 0.0,
      "closed_lots": 9.099999999999893,
      "equity_start": 4726.549999999481,
      "equity_end": 6697.689999999308,
      "win_rate_pct": 61.89473684210526,
      "pnl_pct": 41.70356814166875
    },
    {
      "month": "2026-02",
      "signals": 434,
      "wins": 233,
      "losses": 153,
      "no_fills": 48,
      "open": 0,
      "pnl": 2046.8799999999446,
      "trading_pnl": 2046.8799999999446,
      "bonus": 0.0,
      "closed_lots": 7.559999999999927,
      "equity_start": 6697.689999999308,
      "equity_end": 8744.569999999247,
      "win_rate_pct": 60.362694300518136,
      "pnl_pct": 30.560984458823203
    },
    {
      "month": "2026-03",
      "signals": 505,
      "wins": 289,
      "losses": 164,
      "no_fills": 52,
      "open": 0,
      "pnl": 3019.6099999999897,
      "trading_pnl": 3019.6099999999897,
      "bonus": 0.0,
      "closed_lots": 8.849999999999898,
      "equity_start": 8744.569999999247,
      "equity_end": 11764.179999999244,
      "win_rate_pct": 63.796909492273734,
      "pnl_pct": 34.531257683342346
    },
    {
      "month": "2026-04",
      "signals": 427,
      "wins": 237,
      "losses": 155,
      "no_fills": 35,
      "open": 0,
      "pnl": 891.7799999999734,
      "trading_pnl": 891.7799999999734,
      "bonus": 0.0,
      "closed_lots": 7.559999999999925,
      "equity_start": 11764.179999999244,
      "equity_end": 12655.959999999226,
      "win_rate_pct": 60.45918367346938,
      "pnl_pct": 7.580468846957721
    },
    {
      "month": "2026-05",
      "signals": 487,
      "wins": 268,
      "losses": 174,
      "no_fills": 45,
      "open": 0,
      "pnl": 1008.5599999999567,
      "trading_pnl": 1008.5599999999567,
      "bonus": 0.0,
      "closed_lots": 8.549999999999905,