{
  "rank": 3,
  "candidate_id": "459c9cf43bdad985",
  "filter_preset": "self_limit",
  "metrics": {
    "candidate_id": "459c9cf43bdad985",
    "filter_preset": "self_limit",
    "passes_recommendation_gate": false,
    "passes_dd": false,
    "passes_edge": false,
    "passes_consistency": false,
    "passes_oos": true,
    "score": 6891.264999999854,
    "fixed_no_bonus_profit": -1004.0800000001964,
    "fixed_with_bonus_profit": -1003.680000000208,
    "bonus_contribution": 0.3999999999883812,
    "concurrent_risk_max_dd_pct": 100.07178698312964,
    "risk_net_profit_with_bonus": -1000.9800000001942,
    "stable_months": 0,
    "total_months": 3,
    "stable_fraction": 0.0,
    "worst_month_pnl": -574.360000000192,
    "oos_fixed_no_bonus_profit": 27565.059999999416
  },
  "monthly": [
    {
      "month": "2025-01",
      "signals": 1029,
      "wins": 404,
      "losses": 376,
      "no_fills": 248,
      "open": 0,
      "pnl": -374.7399999999793,
      "trading_pnl": -374.7399999999793,
      "bonus": 0.0,
      "closed_lots": 19.389999999999958,
      "equity_start": 1000.0,
      "equity_end": 625.2600000000207,
      "win_rate_pct": 51.7948717948718,
      "pnl_pct": -37.47399999999793
    },
    {
      "month": "2025-02",
      "signals": 910,
      "wins": 363,
      "losses": 345,
      "no_fills": 202,
      "open": 0,
      "pnl": -574.360000000192,
      "trading_pnl": -574.360000000192,
      "bonus": 0.0,
      "closed_lots": 18.30999999999992,
      "equity_start": 625.2600000000207,
      "equity_end": 50.89999999982865,
      "win_rate_pct": 51.271186440677965,
      "pnl_pct": -91.85938649524566
    },
    {
      "month": "2025-03",
      "signals": 81,
      "wins": 34,
      "losses": 30,
      "no_fills": 11,
      "open": 6,
      "pnl": -54.98000000002503,
      "trading_pnl": -54.98000000002503,
      "bonus": 0.0,
      "closed_lots": 1.7100000000000013,
      "equity_start": 50.89999999982865,
      "equity_end": -4.080000000196378,
      "win_rate_pct": 53.125,
      "pnl_pct": -108.0157170927507
    }
  ],
  "config": {
    "initial_capital": 1000.0,
    "sizing_mode": "risk",
    "lot_per_entry": 0.5,
    "risk_per_signal": 0.05,
    "minimum_lot": 0.01,
    "lot_step": 0.01,
    "bonus_per_closed_lot": 3.0,
    "entry_count": 3,
    "entry_ladder": "range_to_sl",
    "entry_sl_gap": 2.0,
    "activation_delay_minutes": 0,
    "pending_expiry_minutes": 180,
    "max_hold_minutes": 45,
    "sl_multiplier": 2.0,
    "final_target": "TP3",
    "lock_after_tp1": true,
    "lock_after_tp2": false,
    "shared_sl": true,
    "per_entry_targets": [],
    "bep_after_move": 0.0,
    "runner_trail_from": "TP3",
    "scale_out_at_tp1": false,
    "scale_out_at_tp2": false,
    "bep_after_tp1": false,
    "bep_buffer": 0.0,
    "trailing_close_after_stage": 0,
    "runner_no_final_cap": false,
    "trailing_open_distance": 1.0,
    "trailing_close_distance": 8.0,
    "trailing_close_min_step": 0.0,
    "trend_runner_enabled": false,
    "trend_runner_ema_fast": 21,
    "trend_runner_ema_slow": 55,
    "trend_runner_atr_period": 14,
    "trend_runner_atr_multiplier": 3.0,
    "trend_runner_override_max_hold": true,
    "tp1_lock_delay_minutes": 15,
    "tp2_lock_delay_minutes": 0,
    "profit_lock_mode": "tp_levels",
    "bep_trigger_distance": 4.0,
    "tp1_lock_fraction": 1.0,
    "tp2_lock_target": "TP2",
    "runner_after_tp3": false,
    "tp3_lock_target": "TP2"
  },
  "live_command": "python tools/auto_explicit.py \\\n  --signals generated/live_provider_self_limit.txt \\\n  --positions-json positions.json \\\n  --watch-interval 5 \\\n  --mt5-symbol XAUUSD \\\n  --mt5-server-offset 3 \\\n  --mt5-history-bars 3000 \\\n  --initial-capital 1000.0 \\\n  --sizing-mode risk \\\n  --lot 0.5 \\\n  --risk 0.05 \\\n  --minimum-lot 0.01 \\\n  --lot-step 0.01 \\\n  --bonus-per-closed-lot 3.0 \\\n  --entries 3 \\\n  --entry-ladder range_to_sl \\\n  --entry-sl-gap 2.0 \\\n  --activation-delay 0 \\\n  --pending-expiry 180 \\\n  --max-hold 45 \\\n  --sl-multiplier 2.0 \\\n  --final-target TP3 \\\n  --lock-after-tp1 true \\\n  --lock-after-tp2 false \\\n  --tp1-lock-delay-minutes 15 \\\n  --tp2-lock-delay-minutes 0 \\\n  --profit-lock-mode tp_levels \\\n  --bep-trigger-distance 4.0 \\\n  --tp1-lock-fraction 1.0 \\\n  --tp2-lock-target TP2 \\\n  --runner-after-tp3 false \\\n  --tp3-lock-target TP2 \\\n  --trailing-open-distance 1.0 \\\n  --trailing-close-distance 8.0"
}