{
  "rank": 4,
  "candidate_id": "11108a6c658afafe",
  "filter_preset": "self_limit",
  "metrics": {
    "candidate_id": "11108a6c658afafe",
    "filter_preset": "self_limit",
    "passes_recommendation_gate": false,
    "passes_dd": false,
    "passes_edge": true,
    "passes_consistency": true,
    "passes_oos": true,
    "score": 6338.930277777474,
    "fixed_no_bonus_profit": 6833.059999999629,
    "fixed_with_bonus_profit": 7334.389999999603,
    "bonus_contribution": 501.32999999997355,
    "concurrent_risk_max_dd_pct": 100.32369548286853,
    "risk_net_profit_with_bonus": -1003.9900000000304,
    "stable_months": 13,
    "total_months": 18,
    "stable_fraction": 0.7222222222222222,
    "worst_month_pnl": -440.43000000005713,
    "oos_fixed_no_bonus_profit": 5615.769999999856
  },
  "monthly": [
    {
      "month": "2025-01",
      "signals": 1029,
      "wins": 401,
      "losses": 414,
      "no_fills": 180,
      "open": 0,
      "pnl": -134.8599999999933,
      "trading_pnl": -134.8599999999933,
      "bonus": 0.0,
      "closed_lots": 8.489999999999863,
      "equity_start": 1000.0,
      "equity_end": 865.1400000000067,
      "win_rate_pct": 49.20245398773006,
      "pnl_pct": -13.485999999999333
    },
    {
      "month": "2025-02",
      "signals": 910,
      "wins": 348,
      "losses": 399,
      "no_fills": 131,
      "open": 0,
      "pnl": -380.33000000003767,
      "trading_pnl": -380.33000000003767,
      "bonus": 0.0,
      "closed_lots": 7.789999999999878,
      "equity_start": 865.1400000000067,
      "equity_end": 484.809999999969,
      "win_rate_pct": 46.58634538152611,
      "pnl_pct": -43.96167094343513
    },
    {
      "month": "2025-03",
      "signals": 941,
      "wins": 391,
      "losses": 397,
      "no_fills": 118,
      "open": 0,
      "pnl": -142.91999999994687,
      "trading_pnl": -142.91999999994687,
      "bonus": 0.0,
      "closed_lots": 8.229999999999869,
      "equity_start": 484.809999999969,
      "equity_end": 347.71000000002186,
      "win_rate_pct": 49.619289340101524,
      "pnl_pct": -29.479589942442608
    },
    {
      "month": "2025-04",
      "signals": 979,
      "wins": 470,
      "losses": 327,
      "no_fills": 73,
      "open": 0,
      "pnl": 754.0700000000043,
      "trading_pnl": 754.0700000000043,
      "bonus": 0.0,
      "closed_lots": 9.059999999999851,
      "equity_start": 341.89000000002216,
      "equity_end": 1148.340000000026,
      "win_rate_pct": 58.971141781681304,
      "pnl_pct": 220.55924420133826
    },
    {
      "month": "2025-05",
      "signals": 1099,
      "wins": 524,
      "losses": 360,
      "no_fills": 124,
      "open": 0,
      "pnl": 1005.1300000000415,
      "trading_pnl": 1005.1300000000415,
      "bonus": 0.0,
      "closed_lots": 9.749999999999837,
      "equity_start": 1095.9600000000264,
      "equity_end": 2101.090000000068,
      "win_rate_pct": 59.276018099547514,
      "pnl_pct": 91.71228876966471
    },
    {
      "month": "2025-06",
      "signals": 1031,
      "wins": 436,
      "losses": 404,
      "no_fills": 125,
      "open": 0,
      "pnl": 4.620000000003074,
      "trading_pnl": 4.620000000003074,
      "bonus": 0.0,
      "closed_lots": 9.059999999999851,
      "equity_start": 2101.090000000068,
      "equity_end": 2112.300000000071,
      "win_rate_pct": 51.90476190476191,
      "pnl_pct": 0.21988586876349533
    },
    {
      "month": "2025-07",
      "signals": 1051,
      "wins": 408,
      "losses": 443,
      "no_fills": 154,
      "open": 0,
      "pnl": -247.26000000000113,
      "trading_pnl": -247.26000000000113,
      "bonus": 0.0,
      "closed_lots": 8.969999999999853,
      "equity_start": 2105.710000000071,
      "equity_end": 1858.4500000000698,
      "win_rate_pct": 47.94359576968273,
      "pnl_pct": -11.742357684581105
    },
    {
      "month": "2025-08",
      "signals": 967,
      "wins": 398,
      "losses": 418,
      "no_fills": 115,
      "open": 0,
      "pnl": -440.43000000005713,
      "trading_pnl": -440.43000000005713,
      "bonus": 0.0,
      "closed_lots": 8.519999999999863,
      "equity_start": 1858.4500000000698,
      "equity_end": 1418.0200000000127,
      "win_rate_pct": 48.77450980392157,
      "pnl_pct": -23.698781242435395
    },
    {
      "month": "2025-09",
      "signals": 1078,
      "wins": 468,
      "losses": 441,
      "no_fills": 101,
      "open": 0,
      "pnl": 75.98999999995613,
      "trading_pnl": 75.98999999995613,
      "bonus": 0.0,
      "closed_lots": 9.769999999999836,
      "equity_start": 1418.0200000000127,
      "equity_end": 1506.7099999999673,
      "win_rate_pct": 51.48514851485149,
      "pnl_pct": 5.358880692793856
    },
    {
      "month": "2025-10",
      "signals": 1195,
      "wins": 567,
      "losses": 400,
      "no_fills": 83,
      "open": 0,
      "pnl": 480.57999999992626,
      "trading_pnl": 480.57999999992626,
      "bonus": 0.0,
      "closed_lots": 11.119999999999807,
      "equity_start": 1494.0099999999688,
      "equity_end": 1974.589999999895,
      "win_rate_pct": 58.63495346432265,
      "pnl_pct": 32.16712070199907
    },
    {
      "month": "2025-11",
      "signals": 1046,
      "wins": 468,
      "losses": 395,
      "no_fills": 65,
      "open": 0,
      "pnl": 110.9199999999355,
      "trading_pnl": 110.9199999999355,
      "bonus": 0.0,
      "closed_lots": 9.809999999999835,
      "equity_start": 1974.589999999895,
      "equity_end": 2085.5099999998306,
      "win_rate_pct": 54.22943221320974,
      "pnl_pct": 5.6173686689359
    },
    {
      "month": "2025-12",
      "signals": 1188,
      "wins": 539,
      "losses": 436,
      "no_fills": 96,
      "open": 0,
      "pnl": 131.77999999994245,
      "trading_pnl": 131.77999999994245,
      "bonus": 0.0,
      "closed_lots": 10.919999999999812,
      "equity_start": 2085.5099999998306,
      "equity_end": 2217.289999999773,
      "win_rate_pct": 55.282051282051285,
      "pnl_pct": 6.318838077973885
    },
    {
      "month": "2026-01",
      "signals": 1036,
      "wins": 481,
      "losses": 336,
      "no_fills": 66,
      "open": 0,
      "pnl": 499.859999999936,
      "trading_pnl": 499.859999999936,
      "bonus": 0.0,
      "closed_lots": 9.699999999999838,
      "equity_start": 2217.289999999773,
      "equity_end": 2717.149999999709,
      "win_rate_pct": 58.87392900856793,
      "pnl_pct": 22.543735821655588
    },
    {
      "month": "2026-02",
      "signals": 983,
      "wins": 503,
      "losses": 228,
      "no_fills": 47,
      "open": 0,
      "pnl": 1536.5399999999609,
      "trading_pnl": 1536.5399999999609,
      "bonus": 0.0,
      "closed_lots": 9.359999999999845,
      "equity_start": 2717.149999999709,
      "equity_end": 4253.689999999669,
      "win_rate_pct": 68.80984952120383,
      "pnl_pct": 56.549693612797434
    },
    {
      "month": "2026-03",
      "signals": 1101,
      "wins": 573,
      "losses": 240,
      "no_fills": 46,
      "open": 0,
      "pnl": 1987.8899999999949,
      "trading_pnl": 1987.8899999999949,
      "bonus": 0.0,
      "closed_lots": 10.54999999999982,
      "equity_start": 4253.689999999669,
      "equity_end": 6317.739999999664,
      "win_rate_pct": 70.47970479704797,
      "pnl_pct": 46.73330684652971
    },
    {
      "month": "2026-04",
      "signals": 1139,
      "wins": 570,
      "losses": 338,
      "no_fills": 54,
      "open": 0,
      "pnl": 876.9399999999869,
      "trading_pnl": 876.9399999999869,
      "bonus": 0.0,
      "closed_lots": 10.849999999999813,
      "equity_start": 6241.579999999664,
      "equity_end": 7118.519999999651,
      "win_rate_pct": 62.77533039647577,
      "pnl_pct": 14.04996811704783
    },
    {
      "month": "2026-05",
      "signals": 1073,
      "wins": 502,
      "losses": 344,
      "no_fills": 67,
      "open": 0,
      "pnl": 405.6399999999867,
      "trading_pnl": 405.6399999999867,
      "bonus": 0.0,
      "closed_lots": 10.05999999999983,