{
  "rank": 8,
  "candidate_id": "2e25fefeaf3b2898",
  "filter_preset": "self_limit",
  "metrics": {
    "candidate_id": "2e25fefeaf3b2898",
    "filter_preset": "self_limit",
    "passes_recommendation_gate": false,
    "passes_dd": false,
    "passes_edge": true,
    "passes_consistency": true,
    "passes_oos": true,
    "score": 4261.2133333334605,
    "fixed_no_bonus_profit": 4931.270000000196,
    "fixed_with_bonus_profit": 5423.959999999846,
    "bonus_contribution": 492.68999999965035,
    "concurrent_risk_max_dd_pct": 100.86314840475823,
    "risk_net_profit_with_bonus": -1010.3399999999608,
    "stable_months": 12,
    "total_months": 18,
    "stable_fraction": 0.6666666666666666,
    "worst_month_pnl": -417.4600000000023,
    "oos_fixed_no_bonus_profit": 3894.7999999999856
  },
  "monthly": [
    {
      "month": "2025-01",
      "signals": 1029,
      "wins": 373,
      "losses": 336,
      "no_fills": 202,
      "open": 0,
      "pnl": -139.55999999997312,
      "trading_pnl": -139.55999999997312,
      "bonus": 0.0,
      "closed_lots": 8.269999999999868,
      "equity_start": 1000.0,
      "equity_end": 860.4400000000269,
      "win_rate_pct": 52.60930888575458,
      "pnl_pct": -13.955999999997312
    },
    {
      "month": "2025-02",
      "signals": 910,
      "wins": 336,
      "losses": 324,
      "no_fills": 159,
      "open": 0,
      "pnl": -417.4600000000023,
      "trading_pnl": -417.4600000000023,
      "bonus": 0.0,
      "closed_lots": 7.509999999999884,
      "equity_start": 860.4400000000269,
      "equity_end": 442.9800000000246,
      "win_rate_pct": 50.90909090909091,
      "pnl_pct": -48.51703779461546
    },
    {
      "month": "2025-03",
      "signals": 941,
      "wins": 372,
      "losses": 324,
      "no_fills": 143,
      "open": 0,
      "pnl": -151.72999999992362,
      "trading_pnl": -151.72999999992362,
      "bonus": 0.0,
      "closed_lots": 7.979999999999874,
      "equity_start": 442.9800000000246,
      "equity_end": 291.25000000010095,
      "win_rate_pct": 53.44827586206896,
      "pnl_pct": -34.25211070475308
    },
    {
      "month": "2025-04",
      "signals": 979,
      "wins": 408,
      "losses": 238,
      "no_fills": 83,
      "open": 0,
      "pnl": 721.6300000000374,
      "trading_pnl": 721.6300000000374,
      "bonus": 0.0,
      "closed_lots": 8.959999999999853,
      "equity_start": 272.440000000101,
      "equity_end": 1025.6100000001384,
      "win_rate_pct": 63.1578947368421,
      "pnl_pct": 264.87667009241295
    },
    {
      "month": "2025-05",
      "signals": 1099,
      "wins": 455,
      "losses": 247,
      "no_fills": 148,
      "open": 0,
      "pnl": 896.9900000000675,
      "trading_pnl": 896.9900000000675,
      "bonus": 0.0,
      "closed_lots": 9.509999999999842,
      "equity_start": 1012.8800000001384,
      "equity_end": 1909.870000000206,
      "win_rate_pct": 64.81481481481481,
      "pnl_pct": 88.55836821735497
    },
    {
      "month": "2025-06",
      "signals": 1031,
      "wins": 390,
      "losses": 317,
      "no_fills": 136,
      "open": 0,
      "pnl": -136.05999999995356,
      "trading_pnl": -136.05999999995356,
      "bonus": 0.0,
      "closed_lots": 8.949999999999854,
      "equity_start": 1909.870000000206,
      "equity_end": 1773.8100000002523,
      "win_rate_pct": 55.16265912305516,
      "pnl_pct": -7.12404509207113
    },
    {
      "month": "2025-07",
      "signals": 1051,
      "wins": 390,
      "losses": 349,
      "no_fills": 167,
      "open": 0,
      "pnl": -142.20999999996866,
      "trading_pnl": -142.20999999996866,
      "bonus": 0.0,
      "closed_lots": 8.839999999999856,
      "equity_start": 1773.8100000002523,
      "equity_end": 1631.6000000002837,
      "win_rate_pct": 52.77401894451962,
      "pnl_pct": -8.017205901418327
    },
    {
      "month": "2025-08",
      "signals": 967,
      "wins": 399,
      "losses": 338,
      "no_fills": 136,
      "open": 0,
      "pnl": -207.0100000000225,
      "trading_pnl": -207.0100000000225,
      "bonus": 0.0,
      "closed_lots": 8.309999999999867,
      "equity_start": 1631.6000000002837,
      "equity_end": 1424.5900000002612,
      "win_rate_pct": 54.13839891451831,
      "pnl_pct": -12.687545967147983
    },
    {
      "month": "2025-09",
      "signals": 1078,
      "wins": 427,
      "losses": 320,
      "no_fills": 129,
      "open": 0,
      "pnl": 93.1100000000024,
      "trading_pnl": 93.1100000000024,
      "bonus": 0.0,
      "closed_lots": 9.489999999999842,
      "equity_start": 1424.5900000002612,
      "equity_end": 1525.1000000002632,
      "win_rate_pct": 57.1619812583668,
      "pnl_pct": 6.535915596767164
    },
    {
      "month": "2025-10",
      "signals": 1195,
      "wins": 375,
      "losses": 273,
      "no_fills": 97,
      "open": 0,
      "pnl": 202.19999999997572,
      "trading_pnl": 202.19999999997572,
      "bonus": 0.0,
      "closed_lots": 10.97999999999981,
      "equity_start": 1517.7000000002636,
      "equity_end": 1719.9000000002393,
      "win_rate_pct": 57.870370370370374,
      "pnl_pct": 13.322791065424036
    },
    {
      "month": "2025-11",
      "signals": 1046,
      "wins": 351,
      "losses": 271,
      "no_fills": 84,
      "open": 0,
      "pnl": 106.89999999998372,
      "trading_pnl": 106.89999999998372,
      "bonus": 0.0,
      "closed_lots": 9.61999999999984,
      "equity_start": 1719.9000000002393,
      "equity_end": 1826.800000000223,
      "win_rate_pct": 56.430868167202576,
      "pnl_pct": 6.215477644047261
    },
    {
      "month": "2025-12",
      "signals": 1188,
      "wins": 425,
      "losses": 292,
      "no_fills": 112,
      "open": 0,
      "pnl": 209.66999999998734,
      "trading_pnl": 209.66999999998734,
      "bonus": 0.0,
      "closed_lots": 10.759999999999815,
      "equity_start": 1826.800000000223,
      "equity_end": 2036.4700000002103,
      "win_rate_pct": 59.274755927475596,
      "pnl_pct": 11.477446901683914
    },
    {
      "month": "2026-01",
      "signals": 1036,
      "wins": 320,
      "losses": 218,
      "no_fills": 74,
      "open": 0,
      "pnl": 478.16999999997734,
      "trading_pnl": 478.16999999997734,
      "bonus": 0.0,
      "closed_lots": 9.61999999999984,
      "equity_start": 2036.4700000002103,
      "equity_end": 2514.6400000001877,
      "win_rate_pct": 59.479553903345725,
      "pnl_pct": 23.48033607172843
    },
    {
      "month": "2026-02",
      "signals": 983,
      "wins": 272,
      "losses": 163,
      "no_fills": 54,
      "open": 0,
      "pnl": 886.8399999999856,
      "trading_pnl": 886.8399999999856,
      "bonus": 0.0,
      "closed_lots": 9.289999999999846,
      "equity_start": 2514.6400000001877,
      "equity_end": 3401.4800000001733,
      "win_rate_pct": 62.52873563218391,
      "pnl_pct": 35.26707600292365
    },
    {
      "month": "2026-03",
      "signals": 1101,
      "wins": 282,
      "losses": 166,
      "no_fills": 63,
      "open": 0,
      "pnl": 1147.8999999999915,
      "trading_pnl": 1147.8999999999915,
      "bonus": 0.0,
      "closed_lots": 10.379999999999823,
      "equity_start": 3401.4800000001733,
      "equity_end": 4569.950000000164,
      "win_rate_pct": 62.94642857142857,
      "pnl_pct": 33.74707480273096
    },
    {
      "month": "2026-04",
      "signals": 1139,
      "wins": 358,
      "losses": 215,
      "no_fills": 63,
      "open": 0,
      "pnl": 783.7600000000066,
      "trading_pnl": 783.7600000000066,
      "bonus": 0.0,
      "closed_lots": 10.759999999999815,
      "equity_start": 4549.380000000165,
      "equity_end": 5333.140000000171,
      "win_rate_pct": 62.478184991274,
      "pnl_pct": 17.22784203561756
    },
    {
      "month": "2026-05",
      "signals": 1073,
      "wins": 372,
      "losses": 242,
      "no_fills": 75,
      "open": 0,
      "pnl": 353.18000000001757,
      "trading_pnl": 353.18000000001757,
      "bonus": 0.0,
      "closed_lots": 9.979999999999832,