{
  "rank": 9,
  "candidate_id": "26d667c3ddd88f0d",
  "filter_preset": "self_limit",
  "metrics": {
    "candidate_id": "26d667c3ddd88f0d",
    "filter_preset": "self_limit",
    "passes_recommendation_gate": false,
    "passes_dd": false,
    "passes_edge": false,
    "passes_consistency": false,
    "passes_oos": true,
    "score": 4118.234999999862,
    "fixed_no_bonus_profit": -1012.589999999992,
    "fixed_with_bonus_profit": -1003.050000000044,
    "bonus_contribution": 9.539999999948009,
    "concurrent_risk_max_dd_pct": 101.11218568665899,
    "risk_net_profit_with_bonus": -1013.3400000000624,
    "stable_months": 0,
    "total_months": 3,
    "stable_fraction": 0.0,
    "worst_month_pnl": -443.0199999999845,
    "oos_fixed_no_bonus_profit": 16472.93999999945
  },
  "monthly": [
    {
      "month": "2025-01",
      "signals": 1029,
      "wins": 369,
      "losses": 405,
      "no_fills": 253,
      "open": 0,
      "pnl": -443.0199999999845,
      "trading_pnl": -443.0199999999845,
      "bonus": 0.0,
      "closed_lots": 12.929999999999804,
      "equity_start": 1000.0,
      "equity_end": 556.9800000000155,
      "win_rate_pct": 47.674418604651166,
      "pnl_pct": -44.30199999999845
    },
    {
      "month": "2025-02",
      "signals": 910,
      "wins": 346,
      "losses": 358,
      "no_fills": 205,
      "open": 0,
      "pnl": -333.2000000001299,
      "trading_pnl": -333.2000000001299,
      "bonus": 0.0,
      "closed_lots": 12.23999999999982,
      "equity_start": 556.9800000000155,
      "equity_end": 223.7799999998856,
      "win_rate_pct": 49.14772727272727,
      "pnl_pct": -59.822614815634424
    },
    {
      "month": "2025-03",
      "signals": 780,
      "wins": 302,
      "losses": 322,
      "no_fills": 155,
      "open": 1,
      "pnl": -236.36999999987756,
      "trading_pnl": -236.36999999987756,
      "bonus": 0.0,
      "closed_lots": 11.149999999999848,
      "equity_start": 223.7799999998856,
      "equity_end": -12.58999999999196,
      "win_rate_pct": 48.3974358974359,
      "pnl_pct": -105.62606131021468
    }
  ],
  "config": {
    "initial_capital": 1000.0,
    "sizing_mode": "risk",
    "lot_per_entry": 0.5,
    "risk_per_signal": 0.05,
    "minimum_lot": 0.01,
    "lot_step": 0.01,
    "bonus_per_closed_lot": 3.0,
    "entry_count": 2,
    "entry_ladder": "range_uniform",
    "entry_sl_gap": 3.0,
    "activation_delay_minutes": 5,
    "pending_expiry_minutes": 180,
    "max_hold_minutes": 30,
    "sl_multiplier": 2.0,
    "final_target": "TP3",
    "lock_after_tp1": true,
    "lock_after_tp2": true,
    "shared_sl": true,
    "per_entry_targets": [],
    "bep_after_move": 0.0,
    "runner_trail_from": "TP3",
    "scale_out_at_tp1": false,
    "scale_out_at_tp2": false,
    "bep_after_tp1": false,
    "bep_buffer": 0.0,
    "trailing_close_after_stage": 0,
    "runner_no_final_cap": false,
    "trailing_open_distance": 1.0,
    "trailing_close_distance": 0.0,
    "trailing_close_min_step": 0.0,
    "trend_runner_enabled": false,
    "trend_runner_ema_fast": 21,
    "trend_runner_ema_slow": 55,
    "trend_runner_atr_period": 14,
    "trend_runner_atr_multiplier": 3.0,
    "trend_runner_override_max_hold": true,
    "tp1_lock_delay_minutes": 5,
    "tp2_lock_delay_minutes": 15,
    "profit_lock_mode": "tp_levels",
    "bep_trigger_distance": 6.0,
    "tp1_lock_fraction": 1.0,
    "tp2_lock_target": "TP1",
    "runner_after_tp3": false,
    "tp3_lock_target": "TP2"
  },
  "live_command": "python tools/auto_explicit.py \\\n  --signals generated/live_provider_self_limit.txt \\\n  --positions-json positions.json \\\n  --watch-interval 5 \\\n  --mt5-symbol XAUUSD \\\n  --mt5-server-offset 3 \\\n  --mt5-history-bars 3000 \\\n  --initial-capital 1000.0 \\\n  --sizing-mode risk \\\n  --lot 0.5 \\\n  --risk 0.05 \\\n  --minimum-lot 0.01 \\\n  --lot-step 0.01 \\\n  --bonus-per-closed-lot 3.0 \\\n  --entries 2 \\\n  --entry-ladder range_uniform \\\n  --entry-sl-gap 3.0 \\\n  --activation-delay 5 \\\n  --pending-expiry 180 \\\n  --max-hold 30 \\\n  --sl-multiplier 2.0 \\\n  --final-target TP3 \\\n  --lock-after-tp1 true \\\n  --lock-after-tp2 true \\\n  --tp1-lock-delay-minutes 5 \\\n  --tp2-lock-delay-minutes 15 \\\n  --profit-lock-mode tp_levels \\\n  --bep-trigger-distance 6.0 \\\n  --tp1-lock-fraction 1.0 \\\n  --tp2-lock-target TP1 \\\n  --runner-after-tp3 false \\\n  --tp3-lock-target TP2 \\\n  --trailing-open-distance 1.0 \\\n  --trailing-close-distance 0.0"
}