{
  "rank": 13,
  "candidate_id": "b4a4ef09328afcc0",
  "filter_preset": "self_limit",
  "metrics": {
    "candidate_id": "b4a4ef09328afcc0",
    "filter_preset": "self_limit",
    "passes_recommendation_gate": false,
    "passes_dd": false,
    "passes_edge": false,
    "passes_consistency": false,
    "passes_oos": true,
    "score": 3294.1099999997723,
    "fixed_no_bonus_profit": -1003.8299999997962,
    "fixed_with_bonus_profit": 17621.7099999991,
    "bonus_contribution": 18625.539999998895,
    "concurrent_risk_max_dd_pct": 100.21548954676199,
    "risk_net_profit_with_bonus": -1002.1799999998176,
    "stable_months": 0,
    "total_months": 3,
    "stable_fraction": 0.0,
    "worst_month_pnl": -367.8449999999293,
    "oos_fixed_no_bonus_profit": 13176.43999999909
  },
  "monthly": [
    {
      "month": "2025-01",
      "signals": 1029,
      "wins": 326,
      "losses": 492,
      "no_fills": 176,
      "open": 0,
      "pnl": -367.8449999999293,
      "trading_pnl": -367.8449999999293,
      "bonus": 0.0,
      "closed_lots": 13.829999999999783,
      "equity_start": 1000.0,
      "equity_end": 632.1550000000707,
      "win_rate_pct": 39.85330073349633,
      "pnl_pct": -36.78449999999293
    },
    {
      "month": "2025-02",
      "signals": 910,
      "wins": 283,
      "losses": 463,
      "no_fills": 128,
      "open": 0,
      "pnl": -277.90999999996757,
      "trading_pnl": -277.90999999996757,
      "bonus": 0.0,
      "closed_lots": 13.319999999999798,
      "equity_start": 632.1550000000707,
      "equity_end": 354.2450000001031,
      "win_rate_pct": 37.93565683646112,
      "pnl_pct": -43.962319367866506
    },
    {
      "month": "2025-03",
      "signals": 793,
      "wins": 246,
      "losses": 435,
      "no_fills": 84,
      "open": 3,
      "pnl": -358.0749999998993,
      "trading_pnl": -358.0749999998993,
      "bonus": 0.0,
      "closed_lots": 12.029999999999824,
      "equity_start": 354.2450000001031,
      "equity_end": -3.8299999997962004,
      "win_rate_pct": 36.12334801762114,
      "pnl_pct": -101.08117263470058
    }
  ],
  "config": {
    "initial_capital": 1000.0,
    "sizing_mode": "risk",
    "lot_per_entry": 0.5,
    "risk_per_signal": 0.05,
    "minimum_lot": 0.01,
    "lot_step": 0.01,
    "bonus_per_closed_lot": 3.0,
    "entry_count": 2,
    "entry_ladder": "range_to_sl",
    "entry_sl_gap": 0.0,
    "activation_delay_minutes": 0,
    "pending_expiry_minutes": 420,
    "max_hold_minutes": 90,
    "sl_multiplier": 1.15,
    "final_target": "TP3",
    "lock_after_tp1": false,
    "lock_after_tp2": true,
    "shared_sl": true,
    "per_entry_targets": [],
    "bep_after_move": 0.0,
    "runner_trail_from": "TP3",
    "scale_out_at_tp1": false,
    "scale_out_at_tp2": false,
    "bep_after_tp1": false,
    "bep_buffer": 0.0,
    "trailing_close_after_stage": 0,
    "runner_no_final_cap": false,
    "trailing_open_distance": 1.0,
    "trailing_close_distance": 8.0,
    "trailing_close_min_step": 0.0,
    "trend_runner_enabled": false,
    "trend_runner_ema_fast": 21,
    "trend_runner_ema_slow": 55,
    "trend_runner_atr_period": 14,
    "trend_runner_atr_multiplier": 3.0,
    "trend_runner_override_max_hold": true,
    "tp1_lock_delay_minutes": 0,
    "tp2_lock_delay_minutes": 5,
    "profit_lock_mode": "bep_plus_half_tp1",
    "bep_trigger_distance": 4.0,
    "tp1_lock_fraction": 0.5,
    "tp2_lock_target": "TP1",
    "runner_after_tp3": false,
    "tp3_lock_target": "TP2"
  },
  "live_command": "python tools/auto_explicit.py \\\n  --signals generated/live_provider_self_limit.txt \\\n  --positions-json positions.json \\\n  --watch-interval 5 \\\n  --mt5-symbol XAUUSD \\\n  --mt5-server-offset 3 \\\n  --mt5-history-bars 3000 \\\n  --initial-capital 1000.0 \\\n  --sizing-mode risk \\\n  --lot 0.5 \\\n  --risk 0.05 \\\n  --minimum-lot 0.01 \\\n  --lot-step 0.01 \\\n  --bonus-per-closed-lot 3.0 \\\n  --entries 2 \\\n  --entry-ladder range_to_sl \\\n  --entry-sl-gap 0.0 \\\n  --activation-delay 0 \\\n  --pending-expiry 420 \\\n  --max-hold 90 \\\n  --sl-multiplier 1.15 \\\n  --final-target TP3 \\\n  --lock-after-tp1 false \\\n  --lock-after-tp2 true \\\n  --tp1-lock-delay-minutes 0 \\\n  --tp2-lock-delay-minutes 5 \\\n  --profit-lock-mode bep_plus_half_tp1 \\\n  --bep-trigger-distance 4.0 \\\n  --tp1-lock-fraction 0.5 \\\n  --tp2-lock-target TP1 \\\n  --runner-after-tp3 false \\\n  --tp3-lock-target TP2 \\\n  --trailing-open-distance 1.0 \\\n  --trailing-close-distance 8.0"
}