{
  "rank": 11,
  "candidate_id": "c0315eec5580c8cb",
  "filter_preset": "self_limit",
  "metrics": {
    "candidate_id": "c0315eec5580c8cb",
    "filter_preset": "self_limit",
    "passes_recommendation_gate": false,
    "passes_dd": false,
    "passes_edge": true,
    "passes_consistency": true,
    "passes_oos": true,
    "score": 3699.6313888884565,
    "fixed_no_bonus_profit": 4486.12999999937,
    "fixed_with_bonus_profit": 4940.299999999066,
    "bonus_contribution": 454.1699999996963,
    "concurrent_risk_max_dd_pct": 100.61471939106103,
    "risk_net_profit_with_bonus": -1006.1700000000186,
    "stable_months": 11,
    "total_months": 18,
    "stable_fraction": 0.6111111111111112,
    "worst_month_pnl": -456.2500000000541,
    "oos_fixed_no_bonus_profit": 3832.4299999998093
  },
  "monthly": [
    {
      "month": "2025-01",
      "signals": 1029,
      "wins": 305,
      "losses": 357,
      "no_fills": 362,
      "open": 0,
      "pnl": -328.0099999999984,
      "trading_pnl": -328.0099999999984,
      "bonus": 0.0,
      "closed_lots": 6.669999999999902,
      "equity_start": 1000.0,
      "equity_end": 671.9900000000016,
      "win_rate_pct": 46.07250755287009,
      "pnl_pct": -32.80099999999984
    },
    {
      "month": "2025-02",
      "signals": 910,
      "wins": 290,
      "losses": 357,
      "no_fills": 260,
      "open": 0,
      "pnl": -456.2500000000541,
      "trading_pnl": -456.2500000000541,
      "bonus": 0.0,
      "closed_lots": 6.499999999999906,
      "equity_start": 671.9900000000016,
      "equity_end": 215.73999999994749,
      "win_rate_pct": 44.822256568778975,
      "pnl_pct": -67.89535558565649
    },
    {
      "month": "2025-03",
      "signals": 941,
      "wins": 336,
      "losses": 354,
      "no_fills": 249,
      "open": 0,
      "pnl": -188.81999999994923,
      "trading_pnl": -188.81999999994923,
      "bonus": 0.0,
      "closed_lots": 6.919999999999897,
      "equity_start": 215.73999999994749,
      "equity_end": 21.919999999998254,
      "win_rate_pct": 48.69565217391305,
      "pnl_pct": -87.52201724297542
    },
    {
      "month": "2025-04",
      "signals": 979,
      "wins": 465,
      "losses": 372,
      "no_fills": 141,
      "open": 0,
      "pnl": 653.6899999999964,
      "trading_pnl": 653.6899999999964,
      "bonus": 0.0,
      "closed_lots": 8.379999999999866,
      "equity_start": 26.919999999998254,
      "equity_end": 748.8499999999949,
      "win_rate_pct": 55.55555555555556,
      "pnl_pct": 2428.2689450224325
    },
    {
      "month": "2025-05",
      "signals": 1099,
      "wins": 451,
      "losses": 415,
      "no_fills": 233,
      "open": 0,
      "pnl": 585.1800000000771,
      "trading_pnl": 585.1800000000771,
      "bonus": 0.0,
      "closed_lots": 8.65999999999986,
      "equity_start": 680.6099999999947,
      "equity_end": 1265.7900000000718,
      "win_rate_pct": 52.078521939953816,
      "pnl_pct": 85.97875435272502
    },
    {
      "month": "2025-06",
      "signals": 1031,
      "wins": 375,
      "losses": 432,
      "no_fills": 224,
      "open": 0,
      "pnl": -141.6399999999926,
      "trading_pnl": -141.6399999999926,
      "bonus": 0.0,
      "closed_lots": 8.069999999999872,
      "equity_start": 1265.7900000000718,
      "equity_end": 1124.1500000000792,
      "win_rate_pct": 46.468401486988846,
      "pnl_pct": -11.189849817109042
    },
    {
      "month": "2025-07",
      "signals": 1051,
      "wins": 338,
      "losses": 412,
      "no_fills": 301,
      "open": 0,
      "pnl": -258.01000000000477,
      "trading_pnl": -258.01000000000477,
      "bonus": 0.0,
      "closed_lots": 7.4999999999998845,
      "equity_start": 1124.1500000000792,
      "equity_end": 860.2000000000749,
      "win_rate_pct": 45.06666666666666,
      "pnl_pct": -22.9515634034592
    },
    {
      "month": "2025-08",
      "signals": 967,
      "wins": 343,
      "losses": 362,
      "no_fills": 262,
      "open": 0,
      "pnl": 40.46999999992522,
      "trading_pnl": 40.46999999992522,
      "bonus": 0.0,
      "closed_lots": 7.049999999999894,
      "equity_start": 866.1400000000745,
      "equity_end": 906.6099999999997,
      "win_rate_pct": 48.652482269503544,
      "pnl_pct": 4.672454799446019
    },
    {
      "month": "2025-09",
      "signals": 1078,
      "wins": 408,
      "losses": 448,
      "no_fills": 219,
      "open": 0,
      "pnl": 214.8699999999285,
      "trading_pnl": 214.8699999999285,
      "bonus": 0.0,
      "closed_lots": 8.589999999999861,
      "equity_start": 906.6099999999997,
      "equity_end": 1122.0399999999272,
      "win_rate_pct": 47.66355140186916,
      "pnl_pct": 23.70037833246143
    },
    {
      "month": "2025-10",
      "signals": 1195,
      "wins": 537,
      "losses": 517,
      "no_fills": 141,
      "open": 0,
      "pnl": 776.4799999998895,
      "trading_pnl": 776.4799999998895,
      "bonus": 0.0,
      "closed_lots": 10.53999999999982,
      "equity_start": 1121.4799999999282,
      "equity_end": 1897.9599999998177,
      "win_rate_pct": 50.948766603415564,
      "pnl_pct": 69.23707957341541
    },
    {
      "month": "2025-11",
      "signals": 1046,
      "wins": 453,
      "losses": 470,
      "no_fills": 123,
      "open": 0,
      "pnl": -25.700000000123055,
      "trading_pnl": -25.700000000123055,
      "bonus": 0.0,
      "closed_lots": 9.229999999999848,
      "equity_start": 1897.9599999998177,
      "equity_end": 1872.2599999996946,
      "win_rate_pct": 49.07908992416034,
      "pnl_pct": -1.3540854391096506
    },
    {
      "month": "2025-12",
      "signals": 1188,
      "wins": 482,
      "losses": 525,
      "no_fills": 176,
      "open": 0,
      "pnl": -218.560000000135,
      "trading_pnl": -218.560000000135,
      "bonus": 0.0,
      "closed_lots": 10.119999999999829,
      "equity_start": 1872.2599999996946,
      "equity_end": 1653.6999999995596,
      "win_rate_pct": 47.86494538232373,
      "pnl_pct": -11.673592342952936
    },
    {
      "month": "2026-01",
      "signals": 1036,
      "wins": 467,
      "losses": 456,
      "no_fills": 113,
      "open": 0,
      "pnl": 406.0799999998944,
      "trading_pnl": 406.0799999998944,
      "bonus": 0.0,
      "closed_lots": 9.229999999999848,
      "equity_start": 1653.6999999995596,
      "equity_end": 2059.779999999454,
      "win_rate_pct": 50.59588299024919,
      "pnl_pct": 24.55584446997657
    },
    {
      "month": "2026-02",
      "signals": 983,
      "wins": 487,
      "losses": 417,
      "no_fills": 79,
      "open": 0,
      "pnl": 1184.9899999999443,
      "trading_pnl": 1184.9899999999443,
      "bonus": 0.0,
      "closed_lots": 9.039999999999852,
      "equity_start": 2059.779999999454,
      "equity_end": 3244.7699999993984,
      "win_rate_pct": 53.87168141592921,
      "pnl_pct": 57.529930380927006
    },
    {
      "month": "2026-03",
      "signals": 1101,
      "wins": 536,
      "losses": 484,
      "no_fills": 81,
      "open": 0,
      "pnl": 1239.1299999999947,
      "trading_pnl": 1239.1299999999947,
      "bonus": 0.0,
      "closed_lots": 10.199999999999827,
      "equity_start": 3244.7699999993984,
      "equity_end": 4497.529999999392,
      "win_rate_pct": 52.54901960784314,
      "pnl_pct": 38.18853108233324
    },
    {
      "month": "2026-04",
      "signals": 1139,
      "wins": 528,
      "losses": 502,
      "no_fills": 109,
      "open": 0,
      "pnl": 495.2499999999782,
      "trading_pnl": 495.2499999999782,
      "bonus": 0.0,
      "closed_lots": 10.299999999999825,
      "equity_start": 4483.899999999393,
      "equity_end": 4979.149999999371,
      "win_rate_pct": 51.262135922330096,
      "pnl_pct": 11.045072370036022
    },
    {
      "month": "2026-05",
      "signals": 1073,
      "wins": 478,
      "losses": 471,
      "no_fills": 124,
      "open": 0,
      "pnl": 227.52999999999975,
      "trading_pnl": 227.52999999999975,
      "bonus": 0.0,