{
  "rank": 9,
  "candidate_id": "c1613545ffd859dd",
  "filter_preset": "self_limit",
  "metrics": {
    "candidate_id": "c1613545ffd859dd",
    "filter_preset": "self_limit",
    "passes_recommendation_gate": false,
    "passes_dd": false,
    "passes_edge": true,
    "passes_consistency": true,
    "passes_oos": true,
    "score": 12429.472222221637,
    "fixed_no_bonus_profit": 12588.919999999353,
    "fixed_with_bonus_profit": 12995.899999999796,
    "bonus_contribution": 406.9800000004434,
    "concurrent_risk_max_dd_pct": 66.91652269650551,
    "risk_net_profit_with_bonus": 19615959.969999507,
    "stable_months": 14,
    "total_months": 18,
    "stable_fraction": 0.7777777777777778,
    "worst_month_pnl": -496.85999999999694,
    "oos_fixed_no_bonus_profit": 10552.359999999675
  },
  "monthly": [
    {
      "month": "2025-01",
      "signals": 446,
      "wins": 27,
      "losses": 29,
      "no_fills": 390,
      "open": 0,
      "pnl": 11.99000000000342,
      "trading_pnl": 11.99000000000342,
      "bonus": 0.0,
      "closed_lots": 1.940000000000001,
      "equity_start": 1000.0,
      "equity_end": 1011.9900000000034,
      "win_rate_pct": 48.214285714285715,
      "pnl_pct": 1.199000000000342
    },
    {
      "month": "2025-02",
      "signals": 419,
      "wins": 64,
      "losses": 43,
      "no_fills": 312,
      "open": 0,
      "pnl": 262.3199999999624,
      "trading_pnl": 262.3199999999624,
      "bonus": 0.0,
      "closed_lots": 3.6900000000000013,
      "equity_start": 1011.9900000000034,
      "equity_end": 1274.3099999999658,
      "win_rate_pct": 59.813084112149525,
      "pnl_pct": 25.921204754983897
    },
    {
      "month": "2025-03",
      "signals": 446,
      "wins": 64,
      "losses": 40,
      "no_fills": 342,
      "open": 0,
      "pnl": 360.0500000000311,
      "trading_pnl": 360.0500000000311,
      "bonus": 0.0,
      "closed_lots": 3.409999999999999,
      "equity_start": 1274.3099999999658,
      "equity_end": 1634.359999999997,
      "win_rate_pct": 61.53846153846154,
      "pnl_pct": 28.25450636030799
    },
    {
      "month": "2025-04",
      "signals": 459,
      "wins": 132,
      "losses": 105,
      "no_fills": 222,
      "open": 0,
      "pnl": 337.94000000001097,
      "trading_pnl": 337.94000000001097,
      "bonus": 0.0,
      "closed_lots": 8.789999999999987,
      "equity_start": 1634.359999999997,
      "equity_end": 1972.300000000008,
      "win_rate_pct": 55.69620253164557,
      "pnl_pct": 20.677206980103012
    },
    {
      "month": "2025-05",
      "signals": 448,
      "wins": 110,
      "losses": 98,
      "no_fills": 240,
      "open": 0,
      "pnl": 295.71000000006734,
      "trading_pnl": 295.71000000006734,
      "bonus": 0.0,
      "closed_lots": 7.280000000000001,
      "equity_start": 1972.300000000008,
      "equity_end": 2268.0100000000753,
      "win_rate_pct": 52.88461538461539,
      "pnl_pct": 14.993155199516615
    },
    {
      "month": "2025-06",
      "signals": 440,
      "wins": 79,
      "losses": 84,
      "no_fills": 277,
      "open": 0,
      "pnl": -454.7800000000011,
      "trading_pnl": -454.7800000000011,
      "bonus": 0.0,
      "closed_lots": 5.610000000000002,
      "equity_start": 2268.0100000000753,
      "equity_end": 1813.2300000000741,
      "win_rate_pct": 48.466257668711656,
      "pnl_pct": -20.05193980626126
    },
    {
      "month": "2025-07",
      "signals": 471,
      "wins": 46,
      "losses": 53,
      "no_fills": 372,
      "open": 0,
      "pnl": -496.85999999999694,
      "trading_pnl": -496.85999999999694,
      "bonus": 0.0,
      "closed_lots": 3.3799999999999994,
      "equity_start": 1813.2300000000741,
      "equity_end": 1316.3700000000772,
      "win_rate_pct": 46.464646464646464,
      "pnl_pct": -27.40192915404977
    },
    {
      "month": "2025-08",
      "signals": 454,
      "wins": 48,
      "losses": 51,
      "no_fills": 355,
      "open": 0,
      "pnl": -85.95000000003256,
      "trading_pnl": -85.95000000003256,
      "bonus": 0.0,
      "closed_lots": 3.439999999999999,
      "equity_start": 1316.3700000000772,
      "equity_end": 1230.4200000000446,
      "win_rate_pct": 48.484848484848484,
      "pnl_pct": -6.529319264342663
    },
    {
      "month": "2025-09",
      "signals": 469,
      "wins": 97,
      "losses": 74,
      "no_fills": 298,
      "open": 0,
      "pnl": 441.1199999999408,
      "trading_pnl": 441.1199999999408,
      "bonus": 0.0,
      "closed_lots": 5.960000000000001,
      "equity_start": 1230.4200000000446,
      "equity_end": 1671.5399999999854,
      "win_rate_pct": 56.72514619883041,
      "pnl_pct": 35.85117277026745
    },
    {
      "month": "2025-10",
      "signals": 479,
      "wins": 155,
      "losses": 124,
      "no_fills": 200,
      "open": 0,
      "pnl": 686.7699999999004,
      "trading_pnl": 686.7699999999004,
      "bonus": 0.0,
      "closed_lots": 10.659999999999949,
      "equity_start": 1671.5399999999854,
      "equity_end": 2358.309999999886,
      "win_rate_pct": 55.55555555555556,
      "pnl_pct": 41.086064347841294
    },
    {
      "month": "2025-11",
      "signals": 433,
      "wins": 116,
      "losses": 117,
      "no_fills": 200,
      "open": 0,
      "pnl": 207.06999999989694,
      "trading_pnl": 207.06999999989694,
      "bonus": 0.0,
      "closed_lots": 8.949999999999985,
      "equity_start": 2358.309999999886,
      "equity_end": 2565.3799999997827,
      "win_rate_pct": 49.78540772532189,
      "pnl_pct": 8.780440230500103
    },
    {
      "month": "2025-12",
      "signals": 459,
      "wins": 141,
      "losses": 100,
      "no_fills": 218,
      "open": 0,
      "pnl": 471.1799999998866,
      "trading_pnl": 471.1799999998866,
      "bonus": 0.0,
      "closed_lots": 8.789999999999983,
      "equity_start": 2565.3799999997827,
      "equity_end": 3036.5599999996693,
      "win_rate_pct": 58.50622406639005,
      "pnl_pct": 18.366869625549683
    },
    {
      "month": "2026-01",
      "signals": 447,
      "wins": 161,
      "losses": 114,
      "no_fills": 172,
      "open": 0,
      "pnl": 2195.3199999998706,
      "trading_pnl": 2195.3199999998706,
      "bonus": 0.0,
      "closed_lots": 10.439999999999953,
      "equity_start": 3036.5599999996693,
      "equity_end": 5231.87999999954,
      "win_rate_pct": 58.54545454545455,
      "pnl_pct": 72.29628263561759
    },
    {
      "month": "2026-02",
      "signals": 430,
      "wins": 182,
      "losses": 145,
      "no_fills": 103,
      "open": 0,
      "pnl": 3509.079999999887,
      "trading_pnl": 3509.079999999887,
      "bonus": 0.0,
      "closed_lots": 12.749999999999904,
      "equity_start": 5231.87999999954,
      "equity_end": 8740.959999999428,
      "win_rate_pct": 55.65749235474006,
      "pnl_pct": 67.07111019366262
    },
    {
      "month": "2026-03",
      "signals": 466,
      "wins": 195,
      "losses": 164,
      "no_fills": 107,
      "open": 0,
      "pnl": 2470.589999999969,
      "trading_pnl": 2470.589999999969,
      "bonus": 0.0,
      "closed_lots": 13.869999999999878,
      "equity_start": 8740.959999999428,
      "equity_end": 11211.54999999941,
      "win_rate_pct": 54.317548746518106,
      "pnl_pct": 28.264515568085553
    },
    {
      "month": "2026-04",
      "signals": 437,
      "wins": 165,
      "losses": 132,
      "no_fills": 140,
      "open": 0,
      "pnl": 1072.9899999999452,
      "trading_pnl": 1072.9899999999452,
      "bonus": 0.0,
      "closed_lots": 11.379999999999933,
      "equity_start": 11211.54999999941,
      "equity_end": 12284.539999999364,
      "win_rate_pct": 55.55555555555556,
      "pnl_pct": 9.570398383809568
    },
    {
      "month": "2026-05",
      "signals": 449,
      "wins": 168,
      "losses": 126,
      "no_fills": 155,
      "open": 0,
      "pnl": 1323.8099999999795,
      "trading_pnl": 1323.8099999999795,
      "bonus": 0.0,
      "closed_lots": 10.919999999999943,