{
  "rank": 8,
  "candidate_id": "0e86921b1c5e32b7",
  "filter_preset": "self_limit",
  "metrics": {
    "candidate_id": "0e86921b1c5e32b7",
    "filter_preset": "self_limit",
    "passes_recommendation_gate": false,
    "passes_dd": false,
    "passes_edge": true,
    "passes_consistency": true,
    "passes_oos": true,
    "score": 17071.677222221744,
    "fixed_no_bonus_profit": 18138.49999999947,
    "fixed_with_bonus_profit": 18574.669999999252,
    "bonus_contribution": 436.1699999997836,
    "concurrent_risk_max_dd_pct": 74.18749523252313,
    "risk_net_profit_with_bonus": 16277125615313.482,
    "stable_months": 14,
    "total_months": 18,
    "stable_fraction": 0.7777777777777778,
    "worst_month_pnl": -401.14000000000624,
    "oos_fixed_no_bonus_profit": 11855.819999999738
  },
  "monthly": [
    {
      "month": "2025-01",
      "signals": 446,
      "wins": 80,
      "losses": 58,
      "no_fills": 308,
      "open": 0,
      "pnl": -101.72999999999183,
      "trading_pnl": -101.72999999999183,
      "bonus": 0.0,
      "closed_lots": 3.5699999999999905,
      "equity_start": 1000.0,
      "equity_end": 898.2700000000082,
      "win_rate_pct": 57.971014492753625,
      "pnl_pct": -10.172999999999183
    },
    {
      "month": "2025-02",
      "signals": 419,
      "wins": 137,
      "losses": 54,
      "no_fills": 228,
      "open": 0,
      "pnl": 551.0599999999472,
      "trading_pnl": 551.0599999999472,
      "bonus": 0.0,
      "closed_lots": 5.289999999999997,
      "equity_start": 898.2700000000082,
      "equity_end": 1449.3299999999554,
      "win_rate_pct": 71.72774869109948,
      "pnl_pct": 61.3468110924268
    },
    {
      "month": "2025-03",
      "signals": 446,
      "wins": 152,
      "losses": 52,
      "no_fills": 240,
      "open": 0,
      "pnl": 415.49000000001524,
      "trading_pnl": 415.49000000001524,
      "bonus": 0.0,
      "closed_lots": 5.549999999999995,
      "equity_start": 1449.3299999999554,
      "equity_end": 1864.8199999999706,
      "win_rate_pct": 74.50980392156863,
      "pnl_pct": 28.66772922661009
    },
    {
      "month": "2025-04",
      "signals": 459,
      "wins": 245,
      "losses": 81,
      "no_fills": 129,
      "open": 0,
      "pnl": 585.0700000000206,
      "trading_pnl": 585.0700000000206,
      "bonus": 0.0,
      "closed_lots": 9.349999999999985,
      "equity_start": 1864.8199999999706,
      "equity_end": 2449.8899999999912,
      "win_rate_pct": 75.15337423312883,
      "pnl_pct": 31.37407363713548
    },
    {
      "month": "2025-05",
      "signals": 448,
      "wins": 215,
      "losses": 88,
      "no_fills": 140,
      "open": 0,
      "pnl": 410.3600000000729,
      "trading_pnl": 410.3600000000729,
      "bonus": 0.0,
      "closed_lots": 8.659999999999997,
      "equity_start": 2449.8899999999912,
      "equity_end": 2860.250000000064,
      "win_rate_pct": 70.95709570957096,
      "pnl_pct": 16.750139802198234
    },
    {
      "month": "2025-06",
      "signals": 440,
      "wins": 181,
      "losses": 87,
      "no_fills": 172,
      "open": 0,
      "pnl": -19.149999999989177,
      "trading_pnl": -19.149999999989177,
      "bonus": 0.0,
      "closed_lots": 7.490000000000009,
      "equity_start": 2860.250000000064,
      "equity_end": 2841.100000000075,
      "win_rate_pct": 67.53731343283582,
      "pnl_pct": -0.6695218949388602
    },
    {
      "month": "2025-07",
      "signals": 471,
      "wins": 124,
      "losses": 82,
      "no_fills": 265,
      "open": 0,
      "pnl": -401.14000000000624,
      "trading_pnl": -401.14000000000624,
      "bonus": 0.0,
      "closed_lots": 5.779999999999998,
      "equity_start": 2841.100000000075,
      "equity_end": 2439.9600000000687,
      "win_rate_pct": 60.19417475728155,
      "pnl_pct": -14.119179191158201
    },
    {
      "month": "2025-08",
      "signals": 454,
      "wins": 135,
      "losses": 81,
      "no_fills": 238,
      "open": 0,
      "pnl": -50.95000000005302,
      "trading_pnl": -50.95000000005302,
      "bonus": 0.0,
      "closed_lots": 5.659999999999996,
      "equity_start": 2439.9600000000687,
      "equity_end": 2389.0100000000157,
      "win_rate_pct": 62.5,
      "pnl_pct": -2.088148986051066
    },
    {
      "month": "2025-09",
      "signals": 469,
      "wins": 200,
      "losses": 71,
      "no_fills": 197,
      "open": 0,
      "pnl": 1103.24999999994,
      "trading_pnl": 1103.24999999994,
      "bonus": 0.0,
      "closed_lots": 7.5500000000000105,
      "equity_start": 2389.0100000000157,
      "equity_end": 3504.859999999955,
      "win_rate_pct": 73.80073800738008,
      "pnl_pct": 46.180216909930586
    },
    {
      "month": "2025-10",
      "signals": 479,
      "wins": 293,
      "losses": 55,
      "no_fills": 127,
      "open": 0,
      "pnl": 2103.91999999988,
      "trading_pnl": 2103.91999999988,
      "bonus": 0.0,
      "closed_lots": 10.119999999999973,
      "equity_start": 3492.2599999999557,
      "equity_end": 5596.179999999838,
      "win_rate_pct": 84.19540229885058,
      "pnl_pct": 60.24522801852974
    },
    {
      "month": "2025-11",
      "signals": 433,
      "wins": 253,
      "losses": 56,
      "no_fills": 123,
      "open": 0,
      "pnl": 1149.8799999999078,
      "trading_pnl": 1149.8799999999078,
      "bonus": 0.0,
      "closed_lots": 8.860000000000001,
      "equity_start": 5596.179999999838,
      "equity_end": 6746.059999999749,
      "win_rate_pct": 81.87702265372168,
      "pnl_pct": 20.547587818832508
    },
    {
      "month": "2025-12",
      "signals": 459,
      "wins": 255,
      "losses": 75,
      "no_fills": 125,
      "open": 0,
      "pnl": 536.6199999999071,
      "trading_pnl": 536.6199999999071,
      "bonus": 0.0,
      "closed_lots": 9.469999999999981,
      "equity_start": 6746.059999999749,
      "equity_end": 7282.6799999996565,
      "win_rate_pct": 77.27272727272727,
      "pnl_pct": 7.954569037333304
    },
    {
      "month": "2026-01",
      "signals": 447,
      "wins": 276,
      "losses": 54,
      "no_fills": 105,
      "open": 0,
      "pnl": 1882.2399999998706,
      "trading_pnl": 1882.2399999998706,
      "bonus": 0.0,
      "closed_lots": 9.699999999999978,
      "equity_start": 7282.6799999996565,
      "equity_end": 9164.919999999527,
      "win_rate_pct": 83.63636363636363,
      "pnl_pct": 25.845430528321433
    },
    {
      "month": "2026-02",
      "signals": 430,
      "wins": 307,
      "losses": 53,
      "no_fills": 50,
      "open": 0,
      "pnl": 3613.9699999998984,
      "trading_pnl": 3613.9699999998984,
      "bonus": 0.0,
      "closed_lots": 11.14999999999995,
      "equity_start": 9164.919999999527,
      "equity_end": 12778.889999999428,
      "win_rate_pct": 85.27777777777777,
      "pnl_pct": 39.432640983228275
    },
    {
      "month": "2026-03",
      "signals": 466,
      "wins": 331,
      "losses": 63,
      "no_fills": 57,
      "open": 0,
      "pnl": 3027.570000000005,
      "trading_pnl": 3027.570000000005,
      "bonus": 0.0,
      "closed_lots": 12.019999999999932,
      "equity_start": 12778.889999999428,
      "equity_end": 15852.989999999441,
      "win_rate_pct": 84.01015228426397,
      "pnl_pct": 23.691963856016766
    },
    {
      "month": "2026-04",
      "signals": 437,
      "wins": 275,
      "losses": 83,
      "no_fills": 76,
      "open": 0,
      "pnl": 1039.0399999999945,
      "trading_pnl": 1039.0399999999945,
      "bonus": 0.0,
      "closed_lots": 10.499999999999966,
      "equity_start": 15806.459999999437,
      "equity_end": 16868.93999999945,
      "win_rate_pct": 76.81564245810057,
      "pnl_pct": 6.573514879359651
    },
    {
      "month": "2026-05",
      "signals": 449,
      "wins": 284,
      "losses": 61,
      "no_fills": 97,
      "open": 0,
      "pnl": 1630.4099999999899,
      "trading_pnl": 1630.4099999999899,
      "bonus": 0.0,
      "closed_lots": 10.14999999999997,
      "equity_start": 16837.509999999445,