{
  "rank": 10,
  "candidate_id": "bdba4ca982099903",
  "filter_preset": "self_limit",
  "metrics": {
    "candidate_id": "bdba4ca982099903",
    "filter_preset": "self_limit",
    "passes_recommendation_gate": false,
    "passes_dd": false,
    "passes_edge": true,
    "passes_consistency": true,
    "passes_oos": true,
    "score": 11897.952499999506,
    "fixed_no_bonus_profit": 12320.009999999449,
    "fixed_with_bonus_profit": 12716.369999999413,
    "bonus_contribution": 396.3599999999642,
    "concurrent_risk_max_dd_pct": 61.27017791917398,
    "risk_net_profit_with_bonus": 276483919.869995,
    "stable_months": 14,
    "total_months": 18,
    "stable_fraction": 0.7777777777777778,
    "worst_month_pnl": -606.4600000000064,
    "oos_fixed_no_bonus_profit": 9262.889999999737
  },
  "monthly": [
    {
      "month": "2025-01",
      "signals": 446,
      "wins": 56,
      "losses": 42,
      "no_fills": 335,
      "open": 0,
      "pnl": -54.379999999987376,
      "trading_pnl": -54.379999999987376,
      "bonus": 0.0,
      "closed_lots": 2.8299999999999956,
      "equity_start": 1000.0,
      "equity_end": 945.6200000000126,
      "win_rate_pct": 57.14285714285714,
      "pnl_pct": -5.437999999998738
    },
    {
      "month": "2025-02",
      "signals": 419,
      "wins": 105,
      "losses": 54,
      "no_fills": 245,
      "open": 0,
      "pnl": 278.8399999999556,
      "trading_pnl": 278.8399999999556,
      "bonus": 0.0,
      "closed_lots": 4.689999999999992,
      "equity_start": 945.6200000000126,
      "equity_end": 1224.4599999999682,
      "win_rate_pct": 66.0377358490566,
      "pnl_pct": 29.487531989589037
    },
    {
      "month": "2025-03",
      "signals": 446,
      "wins": 105,
      "losses": 59,
      "no_fills": 270,
      "open": 0,
      "pnl": 93.32000000001744,
      "trading_pnl": 93.32000000001744,
      "bonus": 0.0,
      "closed_lots": 4.709999999999993,
      "equity_start": 1224.4599999999682,
      "equity_end": 1317.7799999999856,
      "win_rate_pct": 64.02439024390245,
      "pnl_pct": 7.621318785425402
    },
    {
      "month": "2025-04",
      "signals": 459,
      "wins": 192,
      "losses": 62,
      "no_fills": 158,
      "open": 0,
      "pnl": 456.77000000000317,
      "trading_pnl": 456.77000000000317,
      "bonus": 0.0,
      "closed_lots": 8.430000000000005,
      "equity_start": 1317.7799999999856,
      "equity_end": 1774.5499999999888,
      "win_rate_pct": 75.59055118110236,
      "pnl_pct": 34.66208320053485
    },
    {
      "month": "2025-05",
      "signals": 448,
      "wins": 154,
      "losses": 82,
      "no_fills": 168,
      "open": 0,
      "pnl": 137.56000000005588,
      "trading_pnl": 137.56000000005588,
      "bonus": 0.0,
      "closed_lots": 7.77000000000001,
      "equity_start": 1774.5499999999888,
      "equity_end": 1912.1100000000447,
      "win_rate_pct": 65.2542372881356,
      "pnl_pct": 7.751824406190681
    },
    {
      "month": "2025-06",
      "signals": 440,
      "wins": 147,
      "losses": 76,
      "no_fills": 197,
      "open": 0,
      "pnl": -107.15999999999485,
      "trading_pnl": -107.15999999999485,
      "bonus": 0.0,
      "closed_lots": 6.630000000000004,
      "equity_start": 1912.1100000000447,
      "equity_end": 1804.9500000000498,
      "win_rate_pct": 65.91928251121077,
      "pnl_pct": -5.604280088488233
    },
    {
      "month": "2025-07",
      "signals": 471,
      "wins": 94,
      "losses": 73,
      "no_fills": 294,
      "open": 0,
      "pnl": -606.4600000000064,
      "trading_pnl": -606.4600000000064,
      "bonus": 0.0,
      "closed_lots": 4.769999999999992,
      "equity_start": 1804.9500000000498,
      "equity_end": 1198.4900000000434,
      "win_rate_pct": 56.287425149700596,
      "pnl_pct": -33.59982270976978
    },
    {
      "month": "2025-08",
      "signals": 454,
      "wins": 92,
      "losses": 82,
      "no_fills": 268,
      "open": 0,
      "pnl": -200.41000000004533,
      "trading_pnl": -200.41000000004533,
      "bonus": 0.0,
      "closed_lots": 4.719999999999987,
      "equity_start": 1198.4900000000434,
      "equity_end": 998.0799999999981,
      "win_rate_pct": 52.87356321839081,
      "pnl_pct": -16.721875026077655
    },
    {
      "month": "2025-09",
      "signals": 469,
      "wins": 145,
      "losses": 68,
      "no_fills": 221,
      "open": 0,
      "pnl": 887.8399999999492,
      "trading_pnl": 887.8399999999492,
      "bonus": 0.0,
      "closed_lots": 6.780000000000005,
      "equity_start": 998.0799999999981,
      "equity_end": 1885.9199999999473,
      "win_rate_pct": 68.07511737089203,
      "pnl_pct": 88.95479320294474
    },
    {
      "month": "2025-10",
      "signals": 479,
      "wins": 207,
      "losses": 45,
      "no_fills": 149,
      "open": 0,
      "pnl": 1070.3799999999237,
      "trading_pnl": 1070.3799999999237,
      "bonus": 0.0,
      "closed_lots": 9.469999999999986,
      "equity_start": 1885.9199999999473,
      "equity_end": 2956.299999999871,
      "win_rate_pct": 82.14285714285714,
      "pnl_pct": 56.75638415202944
    },
    {
      "month": "2025-11",
      "signals": 433,
      "wins": 185,
      "losses": 48,
      "no_fills": 149,
      "open": 0,
      "pnl": 790.0599999999276,
      "trading_pnl": 790.0599999999276,
      "bonus": 0.0,
      "closed_lots": 8.150000000000015,
      "equity_start": 2956.299999999871,
      "equity_end": 3746.3599999997987,
      "win_rate_pct": 79.39914163090128,
      "pnl_pct": 26.72462199370707
    },
    {
      "month": "2025-12",
      "signals": 459,
      "wins": 193,
      "losses": 60,
      "no_fills": 153,
      "open": 0,
      "pnl": 310.75999999991654,
      "trading_pnl": 310.75999999991654,
      "bonus": 0.0,
      "closed_lots": 8.540000000000001,
      "equity_start": 3746.3599999997987,
      "equity_end": 4057.119999999715,
      "win_rate_pct": 76.28458498023716,
      "pnl_pct": 8.294984998770358
    },
    {
      "month": "2026-01",
      "signals": 447,
      "wins": 191,
      "losses": 38,
      "no_fills": 130,
      "open": 0,
      "pnl": 1808.0599999999058,
      "trading_pnl": 1808.0599999999058,
      "bonus": 0.0,
      "closed_lots": 9.089999999999991,
      "equity_start": 4057.119999999715,
      "equity_end": 5865.179999999621,
      "win_rate_pct": 83.4061135371179,
      "pnl_pct": 44.56511022597391
    },
    {
      "month": "2026-02",
      "signals": 430,
      "wins": 231,
      "losses": 33,
      "no_fills": 64,
      "open": 0,
      "pnl": 3162.3199999999197,
      "trading_pnl": 3162.3199999999197,
      "bonus": 0.0,
      "closed_lots": 10.629999999999962,
      "equity_start": 5865.179999999621,
      "equity_end": 9027.49999999953,
      "win_rate_pct": 87.5,
      "pnl_pct": 53.91684483681871
    },
    {
      "month": "2026-03",
      "signals": 466,
      "wins": 238,
      "losses": 45,
      "no_fills": 77,
      "open": 0,
      "pnl": 2123.669999999963,
      "trading_pnl": 2123.669999999963,
      "bonus": 0.0,
      "closed_lots": 11.329999999999947,
      "equity_start": 9027.49999999953,
      "equity_end": 11181.009999999498,
      "win_rate_pct": 84.09893992932862,
      "pnl_pct": 23.52445306009497
    },
    {
      "month": "2026-04",
      "signals": 437,
      "wins": 189,
      "losses": 55,
      "no_fills": 101,
      "open": 0,
      "pnl": 719.279999999967,
      "trading_pnl": 719.279999999967,
      "bonus": 0.0,
      "closed_lots": 9.739999999999982,
      "equity_start": 11151.169999999498,
      "equity_end": 11878.489999999478,
      "win_rate_pct": 77.45901639344262,
      "pnl_pct": 6.450264860099876
    },
    {
      "month": "2026-05",
      "signals": 449,
      "wins": 194,
      "losses": 45,
      "no_fills": 117,
      "open": 0,
      "pnl": 925.0099999999929,
      "trading_pnl": 925.0099999999929,
      "bonus": 0.0,
      "closed_lots": 9.529999999999985,
      "equity_start": 11870.449999999477,