{
  "rank": 1,
  "candidate_id": "459c9cf43bdad985",
  "filter_preset": "self_limit",
  "metrics": {
    "candidate_id": "459c9cf43bdad985",
    "filter_preset": "self_limit",
    "passes_recommendation_gate": true,
    "passes_dd": true,
    "passes_edge": true,
    "passes_consistency": true,
    "passes_oos": true,
    "score": 16883.84833333271,
    "fixed_no_bonus_profit": 15036.149999999408,
    "fixed_with_bonus_profit": 15306.689999999357,
    "bonus_contribution": 270.5399999999481,
    "concurrent_risk_max_dd_pct": 29.44078539089655,
    "risk_net_profit_with_bonus": 1402057792.9500108,
    "stable_months": 17,
    "total_months": 18,
    "stable_fraction": 0.9444444444444444,
    "worst_month_pnl": -343.3200000000015,
    "oos_fixed_no_bonus_profit": 10732.159999999745
  },
  "monthly": [
    {
      "month": "2025-01",
      "signals": 446,
      "wins": 39,
      "losses": 33,
      "no_fills": 372,
      "open": 0,
      "pnl": 94.74000000000797,
      "trading_pnl": 94.74000000000797,
      "bonus": 0.0,
      "closed_lots": 1.260000000000001,
      "equity_start": 1000.0,
      "equity_end": 1094.740000000008,
      "win_rate_pct": 54.166666666666664,
      "pnl_pct": 9.474000000000798
    },
    {
      "month": "2025-02",
      "signals": 419,
      "wins": 74,
      "losses": 53,
      "no_fills": 292,
      "open": 0,
      "pnl": 225.35999999997603,
      "trading_pnl": 225.35999999997603,
      "bonus": 0.0,
      "closed_lots": 2.2499999999999996,
      "equity_start": 1094.740000000008,
      "equity_end": 1320.099999999984,
      "win_rate_pct": 58.26771653543307,
      "pnl_pct": 20.585709848911556
    },
    {
      "month": "2025-03",
      "signals": 446,
      "wins": 80,
      "losses": 49,
      "no_fills": 317,
      "open": 0,
      "pnl": 155.89000000000715,
      "trading_pnl": 155.89000000000715,
      "bonus": 0.0,
      "closed_lots": 2.1500000000000004,
      "equity_start": 1320.099999999984,
      "equity_end": 1475.9899999999911,
      "win_rate_pct": 62.01550387596899,
      "pnl_pct": 11.808953867131963
    },
    {
      "month": "2025-04",
      "signals": 459,
      "wins": 182,
      "losses": 85,
      "no_fills": 192,
      "open": 0,
      "pnl": 498.770000000015,
      "trading_pnl": 498.770000000015,
      "bonus": 0.0,
      "closed_lots": 5.739999999999985,
      "equity_start": 1475.9899999999911,
      "equity_end": 1974.7600000000061,
      "win_rate_pct": 68.16479400749064,
      "pnl_pct": 33.792234364732685
    },
    {
      "month": "2025-05",
      "signals": 448,
      "wins": 144,
      "losses": 87,
      "no_fills": 217,
      "open": 0,
      "pnl": 350.81000000004815,
      "trading_pnl": 350.81000000004815,
      "bonus": 0.0,
      "closed_lots": 4.58999999999998,
      "equity_start": 1974.7600000000061,
      "equity_end": 2325.5700000000543,
      "win_rate_pct": 62.33766233766234,
      "pnl_pct": 17.764690392758972
    },
    {
      "month": "2025-06",
      "signals": 440,
      "wins": 121,
      "losses": 74,
      "no_fills": 245,
      "open": 0,
      "pnl": 119.84999999999627,
      "trading_pnl": 119.84999999999627,
      "bonus": 0.0,
      "closed_lots": 3.709999999999988,
      "equity_start": 2325.5700000000543,
      "equity_end": 2445.4200000000505,
      "win_rate_pct": 62.05128205128205,
      "pnl_pct": 5.153575252518457
    },
    {
      "month": "2025-07",
      "signals": 471,
      "wins": 51,
      "losses": 72,
      "no_fills": 348,
      "open": 0,
      "pnl": -343.3200000000015,
      "trading_pnl": -343.3200000000015,
      "bonus": 0.0,
      "closed_lots": 2.0800000000000005,
      "equity_start": 2445.4200000000505,
      "equity_end": 2102.100000000049,
      "win_rate_pct": 41.46341463414634,
      "pnl_pct": -14.039306131461851
    },
    {
      "month": "2025-08",
      "signals": 454,
      "wins": 70,
      "losses": 56,
      "no_fills": 328,
      "open": 0,
      "pnl": 55.5199999999777,
      "trading_pnl": 55.5199999999777,
      "bonus": 0.0,
      "closed_lots": 2.209999999999999,
      "equity_start": 2102.100000000049,
      "equity_end": 2157.6200000000267,
      "win_rate_pct": 55.55555555555556,
      "pnl_pct": 2.6411683554529475
    },
    {
      "month": "2025-09",
      "signals": 469,
      "wins": 118,
      "losses": 76,
      "no_fills": 275,
      "open": 0,
      "pnl": 443.99999999995816,
      "trading_pnl": 443.99999999995816,
      "bonus": 0.0,
      "closed_lots": 3.6099999999999888,
      "equity_start": 2157.6200000000267,
      "equity_end": 2601.619999999985,
      "win_rate_pct": 60.824742268041234,
      "pnl_pct": 20.578229716073853
    },
    {
      "month": "2025-10",
      "signals": 479,
      "wins": 210,
      "losses": 89,
      "no_fills": 180,
      "open": 0,
      "pnl": 1396.769999999883,
      "trading_pnl": 1396.769999999883,
      "bonus": 0.0,
      "closed_lots": 7.31,
      "equity_start": 2601.619999999985,
      "equity_end": 3998.389999999868,
      "win_rate_pct": 70.23411371237458,
      "pnl_pct": 53.688471029585074
    },
    {
      "month": "2025-11",
      "signals": 433,
      "wins": 161,
      "losses": 90,
      "no_fills": 182,
      "open": 0,
      "pnl": 677.7099999998863,
      "trading_pnl": 677.7099999998863,
      "bonus": 0.0,
      "closed_lots": 5.869999999999989,
      "equity_start": 3998.389999999868,
      "equity_end": 4676.0999999997575,
      "win_rate_pct": 64.14342629482071,
      "pnl_pct": 16.94957220280935
    },
    {
      "month": "2025-12",
      "signals": 459,
      "wins": 179,
      "losses": 83,
      "no_fills": 197,
      "open": 0,
      "pnl": 627.8899999999148,
      "trading_pnl": 627.8899999999148,
      "bonus": 0.0,
      "closed_lots": 5.5499999999999865,
      "equity_start": 4676.0999999997575,
      "equity_end": 5303.989999999672,
      "win_rate_pct": 68.32061068702289,
      "pnl_pct": 13.427642693696615
    },
    {
      "month": "2026-01",
      "signals": 447,
      "wins": 232,
      "losses": 66,
      "no_fills": 149,
      "open": 0,
      "pnl": 2118.7299999998995,
      "trading_pnl": 2118.7299999998995,
      "bonus": 0.0,
      "closed_lots": 7.2,
      "equity_start": 5303.989999999672,
      "equity_end": 7422.719999999572,
      "win_rate_pct": 77.85234899328859,
      "pnl_pct": 39.94596520732562
    },
    {
      "month": "2026-02",
      "signals": 430,
      "wins": 253,
      "losses": 86,
      "no_fills": 91,
      "open": 0,
      "pnl": 3598.469999999893,
      "trading_pnl": 3598.469999999893,
      "bonus": 0.0,
      "closed_lots": 9.069999999999983,
      "equity_start": 7422.719999999572,
      "equity_end": 11021.189999999464,
      "win_rate_pct": 74.63126843657817,
      "pnl_pct": 48.47912894464698
    },
    {
      "month": "2026-03",
      "signals": 466,
      "wins": 246,
      "losses": 123,
      "no_fills": 97,
      "open": 0,
      "pnl": 2604.099999999972,
      "trading_pnl": 2604.099999999972,
      "bonus": 0.0,
      "closed_lots": 9.789999999999969,
      "equity_start": 11021.189999999464,
      "equity_end": 13625.289999999432,
      "win_rate_pct": 66.66666666666666,
      "pnl_pct": 23.628120012449642
    },
    {
      "month": "2026-04",
      "signals": 437,
      "wins": 215,
      "losses": 102,
      "no_fills": 120,
      "open": 0,
      "pnl": 836.4599999999828,
      "trading_pnl": 836.4599999999828,
      "bonus": 0.0,
      "closed_lots": 7.619999999999985,
      "equity_start": 13625.289999999432,
      "equity_end": 14461.749999999407,
      "win_rate_pct": 67.82334384858044,
      "pnl_pct": 6.139025297810305
    },
    {
      "month": "2026-05",
      "signals": 449,
      "wins": 219,
      "losses": 89,
      "no_fills": 141,
      "open": 0,
      "pnl": 1409.7399999999861,
      "trading_pnl": 1409.7399999999861,
      "bonus": 0.0,
      "closed_lots": 7.159999999999987,
      "equity_start": 14461.749999999407,