{
  "rank": 2,
  "candidate_id": "26d667c3ddd88f0d",
  "filter_preset": "self_limit",
  "metrics": {
    "candidate_id": "26d667c3ddd88f0d",
    "filter_preset": "self_limit",
    "passes_recommendation_gate": true,
    "passes_dd": true,
    "passes_edge": true,
    "passes_consistency": true,
    "passes_oos": true,
    "score": 14356.235833332777,
    "fixed_no_bonus_profit": 13415.549999999446,
    "fixed_with_bonus_profit": 13639.31999999933,
    "bonus_contribution": 223.76999999988402,
    "concurrent_risk_max_dd_pct": 39.734066828661135,
    "risk_net_profit_with_bonus": 8175026829.379917,
    "stable_months": 16,
    "total_months": 18,
    "stable_fraction": 0.8888888888888888,
    "worst_month_pnl": -316.4100000000021,
    "oos_fixed_no_bonus_profit": 9725.209999999744
  },
  "monthly": [
    {
      "month": "2025-01",
      "signals": 446,
      "wins": 40,
      "losses": 33,
      "no_fills": 372,
      "open": 0,
      "pnl": 96.87000000000535,
      "trading_pnl": 96.87000000000535,
      "bonus": 0.0,
      "closed_lots": 1.2700000000000007,
      "equity_start": 1000.0,
      "equity_end": 1096.8700000000053,
      "win_rate_pct": 54.794520547945204,
      "pnl_pct": 9.687000000000536
    },
    {
      "month": "2025-02",
      "signals": 419,
      "wins": 72,
      "losses": 57,
      "no_fills": 290,
      "open": 0,
      "pnl": 135.91999999997142,
      "trading_pnl": 135.91999999997142,
      "bonus": 0.0,
      "closed_lots": 2.2600000000000007,
      "equity_start": 1096.8700000000053,
      "equity_end": 1232.7899999999768,
      "win_rate_pct": 55.81395348837209,
      "pnl_pct": 12.391623437597051
    },
    {
      "month": "2025-03",
      "signals": 446,
      "wins": 73,
      "losses": 57,
      "no_fills": 316,
      "open": 0,
      "pnl": 87.06000000001995,
      "trading_pnl": 87.06000000001995,
      "bonus": 0.0,
      "closed_lots": 2.2100000000000013,
      "equity_start": 1232.7899999999768,
      "equity_end": 1319.8499999999967,
      "win_rate_pct": 56.15384615384615,
      "pnl_pct": 7.062030029447156
    },
    {
      "month": "2025-04",
      "signals": 459,
      "wins": 175,
      "losses": 92,
      "no_fills": 192,
      "open": 0,
      "pnl": 778.2300000000077,
      "trading_pnl": 778.2300000000077,
      "bonus": 0.0,
      "closed_lots": 4.849999999999981,
      "equity_start": 1319.8499999999967,
      "equity_end": 2098.0800000000045,
      "win_rate_pct": 65.54307116104869,
      "pnl_pct": 58.96351858165774
    },
    {
      "month": "2025-05",
      "signals": 448,
      "wins": 138,
      "losses": 93,
      "no_fills": 216,
      "open": 0,
      "pnl": 175.690000000051,
      "trading_pnl": 175.690000000051,
      "bonus": 0.0,
      "closed_lots": 4.159999999999993,
      "equity_start": 2098.0800000000045,
      "equity_end": 2273.7700000000555,
      "win_rate_pct": 59.74025974025974,
      "pnl_pct": 8.373846564480411
    },
    {
      "month": "2025-06",
      "signals": 440,
      "wins": 113,
      "losses": 86,
      "no_fills": 241,
      "open": 0,
      "pnl": 64.2199999999907,
      "trading_pnl": 64.2199999999907,
      "bonus": 0.0,
      "closed_lots": 3.379999999999998,
      "equity_start": 2273.7700000000555,
      "equity_end": 2337.990000000046,
      "win_rate_pct": 56.78391959798995,
      "pnl_pct": 2.8243841725411603
    },
    {
      "month": "2025-07",
      "signals": 471,
      "wins": 52,
      "losses": 73,
      "no_fills": 345,
      "open": 0,
      "pnl": -316.4100000000021,
      "trading_pnl": -316.4100000000021,
      "bonus": 0.0,
      "closed_lots": 2.1400000000000015,
      "equity_start": 2337.990000000046,
      "equity_end": 2021.580000000044,
      "win_rate_pct": 41.6,
      "pnl_pct": -13.533419732334009
    },
    {
      "month": "2025-08",
      "signals": 454,
      "wins": 61,
      "losses": 70,
      "no_fills": 323,
      "open": 0,
      "pnl": -7.060000000022228,
      "trading_pnl": -7.060000000022228,
      "bonus": 0.0,
      "closed_lots": 2.2200000000000006,
      "equity_start": 2021.580000000044,
      "equity_end": 2014.5200000000218,
      "win_rate_pct": 46.56488549618321,
      "pnl_pct": -0.34923178899781726
    },
    {
      "month": "2025-09",
      "signals": 469,
      "wins": 121,
      "losses": 76,
      "no_fills": 272,
      "open": 0,
      "pnl": 456.7899999999636,
      "trading_pnl": 456.7899999999636,
      "bonus": 0.0,
      "closed_lots": 3.4699999999999984,
      "equity_start": 2014.5200000000218,
      "equity_end": 2471.3099999999854,
      "win_rate_pct": 61.42131979695431,
      "pnl_pct": 22.67488036852246
    },
    {
      "month": "2025-10",
      "signals": 479,
      "wins": 188,
      "losses": 110,
      "no_fills": 181,
      "open": 0,
      "pnl": 1091.4399999999005,
      "trading_pnl": 1091.4399999999005,
      "bonus": 0.0,
      "closed_lots": 5.639999999999965,
      "equity_start": 2471.3099999999854,
      "equity_end": 3562.749999999886,
      "win_rate_pct": 63.08724832214765,
      "pnl_pct": 44.164431010270135
    },
    {
      "month": "2025-11",
      "signals": 433,
      "wins": 153,
      "losses": 99,
      "no_fills": 181,
      "open": 0,
      "pnl": 648.4999999999086,
      "trading_pnl": 648.4999999999086,
      "bonus": 0.0,
      "closed_lots": 4.7699999999999845,
      "equity_start": 3562.749999999886,
      "equity_end": 4211.249999999794,
      "win_rate_pct": 60.71428571428571,
      "pnl_pct": 18.20223142235434
    },
    {
      "month": "2025-12",
      "signals": 459,
      "wins": 167,
      "losses": 98,
      "no_fills": 194,
      "open": 0,
      "pnl": 479.0899999999019,
      "trading_pnl": 479.0899999999019,
      "bonus": 0.0,
      "closed_lots": 4.82999999999998,
      "equity_start": 4211.249999999794,
      "equity_end": 4690.339999999696,
      "win_rate_pct": 63.0188679245283,
      "pnl_pct": 11.376432175718024
    },
    {
      "month": "2026-01",
      "signals": 447,
      "wins": 201,
      "losses": 91,
      "no_fills": 155,
      "open": 0,
      "pnl": 1904.3299999999144,
      "trading_pnl": 1904.3299999999144,
      "bonus": 0.0,
      "closed_lots": 5.479999999999968,
      "equity_start": 4690.339999999696,
      "equity_end": 6594.669999999611,
      "win_rate_pct": 68.83561643835617,
      "pnl_pct": 40.60110780881637
    },
    {
      "month": "2026-02",
      "signals": 430,
      "wins": 224,
      "losses": 114,
      "no_fills": 92,
      "open": 0,
      "pnl": 2787.6299999999037,
      "trading_pnl": 2787.6299999999037,
      "bonus": 0.0,
      "closed_lots": 6.579999999999947,
      "equity_start": 6594.669999999611,
      "equity_end": 9382.299999999512,
      "win_rate_pct": 66.27218934911244,
      "pnl_pct": 42.270955180472534
    },
    {
      "month": "2026-03",
      "signals": 466,
      "wins": 233,
      "losses": 136,
      "no_fills": 97,
      "open": 0,
      "pnl": 2451.8799999999783,
      "trading_pnl": 2451.8799999999783,
      "bonus": 0.0,
      "closed_lots": 7.099999999999935,
      "equity_start": 9382.299999999512,
      "equity_end": 11834.179999999502,
      "win_rate_pct": 63.143631436314365,
      "pnl_pct": 26.133037741279917
    },
    {
      "month": "2026-04",
      "signals": 437,
      "wins": 201,
      "losses": 114,
      "no_fills": 122,
      "open": 0,
      "pnl": 1030.9599999999782,
      "trading_pnl": 1030.9599999999782,
      "bonus": 0.0,
      "closed_lots": 5.979999999999959,
      "equity_start": 11834.179999999502,
      "equity_end": 12865.139999999476,
      "win_rate_pct": 63.8095238095238,
      "pnl_pct": 8.711714711116626
    },
    {
      "month": "2026-05",
      "signals": 449,
      "wins": 193,
      "losses": 115,
      "no_fills": 140,
      "open": 0,
      "pnl": 1098.059999999975,
      "trading_pnl": 1098.059999999975,
      "bonus": 0.0,
      "closed_lots": 5.809999999999963,
      "equity_start": 12865.139999999476,