{
  "rank": 7,
  "candidate_id": "1c12c691874bfbd7",
  "filter_preset": "self_limit",
  "metrics": {
    "candidate_id": "1c12c691874bfbd7",
    "filter_preset": "self_limit",
    "passes_recommendation_gate": false,
    "passes_dd": false,
    "passes_edge": true,
    "passes_consistency": true,
    "passes_oos": true,
    "score": 17977.997499999412,
    "fixed_no_bonus_profit": 18088.529999999373,
    "fixed_with_bonus_profit": 18524.69999999917,
    "bonus_contribution": 436.16999999979816,
    "concurrent_risk_max_dd_pct": 59.60451649138716,
    "risk_net_profit_with_bonus": 984316224655.9366,
    "stable_months": 15,
    "total_months": 18,
    "stable_fraction": 0.8333333333333334,
    "worst_month_pnl": -271.88999999999805,
    "oos_fixed_no_bonus_profit": 11616.889999999736
  },
  "monthly": [
    {
      "month": "2025-01",
      "signals": 446,
      "wins": 87,
      "losses": 51,
      "no_fills": 308,
      "open": 0,
      "pnl": -79.54999999998745,
      "trading_pnl": -79.54999999998745,
      "bonus": 0.0,
      "closed_lots": 3.5699999999999905,
      "equity_start": 1000.0,
      "equity_end": 920.4500000000126,
      "win_rate_pct": 63.04347826086957,
      "pnl_pct": -7.954999999998745
    },
    {
      "month": "2025-02",
      "signals": 419,
      "wins": 142,
      "losses": 49,
      "no_fills": 228,
      "open": 0,
      "pnl": 465.299999999952,
      "trading_pnl": 465.299999999952,
      "bonus": 0.0,
      "closed_lots": 5.289999999999997,
      "equity_start": 920.4500000000126,
      "equity_end": 1385.7499999999645,
      "win_rate_pct": 74.3455497382199,
      "pnl_pct": 50.551360747454574
    },
    {
      "month": "2025-03",
      "signals": 446,
      "wins": 158,
      "losses": 46,
      "no_fills": 240,
      "open": 0,
      "pnl": 526.9700000000216,
      "trading_pnl": 526.9700000000216,
      "bonus": 0.0,
      "closed_lots": 5.549999999999995,
      "equity_start": 1385.7499999999645,
      "equity_end": 1912.7199999999862,
      "win_rate_pct": 77.45098039215686,
      "pnl_pct": 38.027782789105906
    },
    {
      "month": "2025-04",
      "signals": 459,
      "wins": 259,
      "losses": 62,
      "no_fills": 129,
      "open": 0,
      "pnl": 729.4400000000101,
      "trading_pnl": 729.4400000000101,
      "bonus": 0.0,
      "closed_lots": 9.349999999999985,
      "equity_start": 1912.7199999999862,
      "equity_end": 2642.159999999996,
      "win_rate_pct": 80.68535825545172,
      "pnl_pct": 38.13626667782087
    },
    {
      "month": "2025-05",
      "signals": 448,
      "wins": 231,
      "losses": 69,
      "no_fills": 140,
      "open": 0,
      "pnl": 308.6100000000579,
      "trading_pnl": 308.6100000000579,
      "bonus": 0.0,
      "closed_lots": 8.659999999999997,
      "equity_start": 2642.159999999996,
      "equity_end": 2950.770000000054,
      "win_rate_pct": 77.0,
      "pnl_pct": 11.680216186758498
    },
    {
      "month": "2025-06",
      "signals": 440,
      "wins": 200,
      "losses": 67,
      "no_fills": 172,
      "open": 0,
      "pnl": -86.77999999998747,
      "trading_pnl": -86.77999999998747,
      "bonus": 0.0,
      "closed_lots": 7.490000000000009,
      "equity_start": 2950.770000000054,
      "equity_end": 2863.9900000000666,
      "win_rate_pct": 74.90636704119851,
      "pnl_pct": -2.9409272833865696
    },
    {
      "month": "2025-07",
      "signals": 471,
      "wins": 141,
      "losses": 65,
      "no_fills": 265,
      "open": 0,
      "pnl": -271.88999999999805,
      "trading_pnl": -271.88999999999805,
      "bonus": 0.0,
      "closed_lots": 5.779999999999998,
      "equity_start": 2863.9900000000666,
      "equity_end": 2592.1000000000686,
      "win_rate_pct": 68.44660194174757,
      "pnl_pct": -9.49339906913054
    },
    {
      "month": "2025-08",
      "signals": 454,
      "wins": 156,
      "losses": 60,
      "no_fills": 238,
      "open": 0,
      "pnl": 251.9599999999591,
      "trading_pnl": 251.9599999999591,
      "bonus": 0.0,
      "closed_lots": 5.659999999999996,
      "equity_start": 2592.1000000000686,
      "equity_end": 2844.0600000000277,
      "win_rate_pct": 72.22222222222221,
      "pnl_pct": 9.720304000615425
    },
    {
      "month": "2025-09",
      "signals": 469,
      "wins": 212,
      "losses": 57,
      "no_fills": 197,
      "open": 0,
      "pnl": 971.6999999999503,
      "trading_pnl": 971.6999999999503,
      "bonus": 0.0,
      "closed_lots": 7.5500000000000105,
      "equity_start": 2844.0600000000277,
      "equity_end": 3823.709999999977,
      "win_rate_pct": 78.81040892193309,
      "pnl_pct": 34.16594586611888
    },
    {
      "month": "2025-10",
      "signals": 479,
      "wins": 298,
      "losses": 43,
      "no_fills": 127,
      "open": 0,
      "pnl": 1966.7699999998777,
      "trading_pnl": 1966.7699999998777,
      "bonus": 0.0,
      "closed_lots": 10.119999999999973,
      "equity_start": 3815.759999999978,
      "equity_end": 5782.529999999857,
      "win_rate_pct": 87.3900293255132,
      "pnl_pct": 51.54333605886872
    },
    {
      "month": "2025-11",
      "signals": 433,
      "wins": 273,
      "losses": 35,
      "no_fills": 123,
      "open": 0,
      "pnl": 1111.8599999999087,
      "trading_pnl": 1111.8599999999087,
      "bonus": 0.0,
      "closed_lots": 8.860000000000001,
      "equity_start": 5782.529999999857,
      "equity_end": 6894.389999999761,
      "win_rate_pct": 88.63636363636364,
      "pnl_pct": 19.227915808477192
    },
    {
      "month": "2025-12",
      "signals": 459,
      "wins": 279,
      "losses": 49,
      "no_fills": 125,
      "open": 0,
      "pnl": 577.2499999998854,
      "trading_pnl": 577.2499999998854,
      "bonus": 0.0,
      "closed_lots": 9.469999999999981,
      "equity_start": 6894.389999999761,
      "equity_end": 7471.6399999996465,
      "win_rate_pct": 85.0609756097561,
      "pnl_pct": 8.372749438310066
    },
    {
      "month": "2026-01",
      "signals": 447,
      "wins": 282,
      "losses": 37,
      "no_fills": 105,
      "open": 0,
      "pnl": 2003.9599999998773,
      "trading_pnl": 2003.9599999998773,
      "bonus": 0.0,
      "closed_lots": 9.699999999999978,
      "equity_start": 7471.6399999996465,
      "equity_end": 9475.599999999518,
      "win_rate_pct": 88.40125391849529,
      "pnl_pct": 26.820885374562643
    },
    {
      "month": "2026-02",
      "signals": 430,
      "wins": 318,
      "losses": 33,
      "no_fills": 50,
      "open": 0,
      "pnl": 3475.439999999915,
      "trading_pnl": 3475.439999999915,
      "bonus": 0.0,
      "closed_lots": 11.14999999999995,
      "equity_start": 9475.599999999518,
      "equity_end": 12951.039999999424,
      "win_rate_pct": 90.5982905982906,
      "pnl_pct": 36.67778293722922
    },
    {
      "month": "2026-03",
      "signals": 466,
      "wins": 330,
      "losses": 47,
      "no_fills": 57,
      "open": 0,
      "pnl": 2761.8099999999977,
      "trading_pnl": 2761.8099999999977,
      "bonus": 0.0,
      "closed_lots": 12.019999999999932,
      "equity_start": 12951.039999999424,
      "equity_end": 15749.719999999445,
      "win_rate_pct": 87.53315649867373,
      "pnl_pct": 21.32500555940002
    },
    {
      "month": "2026-04",
      "signals": 437,
      "wins": 296,
      "losses": 51,
      "no_fills": 76,
      "open": 0,
      "pnl": 1029.0200000000032,
      "trading_pnl": 1029.0200000000032,
      "bonus": 0.0,
      "closed_lots": 10.499999999999966,
      "equity_start": 15712.849999999446,
      "equity_end": 16757.74999999942,
      "win_rate_pct": 85.30259365994236,
      "pnl_pct": 6.548907422905708
    },
    {
      "month": "2026-05",
      "signals": 449,
      "wins": 302,
      "losses": 41,
      "no_fills": 97,
      "open": 0,
      "pnl": 1586.829999999978,
      "trading_pnl": 1586.829999999978,
      "bonus": 0.0,
      "closed_lots": 10.14999999999997,
      "equity_start": 16736.319999999425,