{
  "rank": 14,
  "candidate_id": "6a31d41bdcbd08f9",
  "filter_preset": "self_limit",
  "metrics": {
    "candidate_id": "6a31d41bdcbd08f9",
    "filter_preset": "self_limit",
    "passes_recommendation_gate": false,
    "passes_dd": false,
    "passes_edge": true,
    "passes_consistency": true,
    "passes_oos": true,
    "score": 8224.172499999208,
    "fixed_no_bonus_profit": 7665.359999999153,
    "fixed_with_bonus_profit": 8152.979999999214,
    "bonus_contribution": 487.6200000000608,
    "concurrent_risk_max_dd_pct": 100.4312650441227,
    "risk_net_profit_with_bonus": -1015.4799999997591,
    "stable_months": 15,
    "total_months": 18,
    "stable_fraction": 0.8333333333333334,
    "worst_month_pnl": -1118.0800000000045,
    "oos_fixed_no_bonus_profit": 7345.489999999649
  },
  "monthly": [
    {
      "month": "2025-01",
      "signals": 446,
      "wins": 79,
      "losses": 90,
      "no_fills": 275,
      "open": 0,
      "pnl": 270.85000000001037,
      "trading_pnl": 270.85000000001037,
      "bonus": 0.0,
      "closed_lots": 4.749999999999994,
      "equity_start": 1000.0,
      "equity_end": 1270.8500000000104,
      "win_rate_pct": 46.74556213017752,
      "pnl_pct": 27.085000000001035
    },
    {
      "month": "2025-02",
      "signals": 419,
      "wins": 138,
      "losses": 105,
      "no_fills": 176,
      "open": 0,
      "pnl": 383.5899999999242,
      "trading_pnl": 383.5899999999242,
      "bonus": 0.0,
      "closed_lots": 6.770000000000006,
      "equity_start": 1270.8500000000104,
      "equity_end": 1654.4399999999346,
      "win_rate_pct": 56.79012345679012,
      "pnl_pct": 30.183735295268605
    },
    {
      "month": "2025-03",
      "signals": 446,
      "wins": 133,
      "losses": 107,
      "no_fills": 198,
      "open": 0,
      "pnl": 77.55000000003656,
      "trading_pnl": 77.55000000003656,
      "bonus": 0.0,
      "closed_lots": 6.810000000000004,
      "equity_start": 1654.4399999999346,
      "equity_end": 1778.9299999999712,
      "win_rate_pct": 55.41666666666667,
      "pnl_pct": 4.687386668603251
    },
    {
      "month": "2025-04",
      "signals": 459,
      "wins": 183,
      "losses": 153,
      "no_fills": 104,
      "open": 0,
      "pnl": 373.9100000000067,
      "trading_pnl": 373.9100000000067,
      "bonus": 0.0,
      "closed_lots": 10.34999999999997,
      "equity_start": 1731.9899999999711,
      "equity_end": 2093.3499999999776,
      "win_rate_pct": 54.46428571428571,
      "pnl_pct": 21.588461827147555
    },
    {
      "month": "2025-05",
      "signals": 448,
      "wins": 163,
      "losses": 150,
      "no_fills": 117,
      "open": 0,
      "pnl": 352.72000000007847,
      "trading_pnl": 352.72000000007847,
      "bonus": 0.0,
      "closed_lots": 9.509999999999984,
      "equity_start": 2105.899999999978,
      "equity_end": 2458.6200000000563,
      "win_rate_pct": 52.07667731629393,
      "pnl_pct": 16.749133387154288
    },
    {
      "month": "2025-06",
      "signals": 440,
      "wins": 149,
      "losses": 151,
      "no_fills": 137,
      "open": 0,
      "pnl": -420.5099999999825,
      "trading_pnl": -420.5099999999825,
      "bonus": 0.0,
      "closed_lots": 8.75,
      "equity_start": 2458.6200000000563,
      "equity_end": 2038.1100000000738,
      "win_rate_pct": 49.666666666666664,
      "pnl_pct": -17.103497083728794
    },
    {
      "month": "2025-07",
      "signals": 471,
      "wins": 102,
      "losses": 155,
      "no_fills": 206,
      "open": 0,
      "pnl": -1118.0800000000045,
      "trading_pnl": -1118.0800000000045,
      "bonus": 0.0,
      "closed_lots": 7.5900000000000105,
      "equity_start": 2038.1100000000738,
      "equity_end": 930.6600000000685,
      "win_rate_pct": 39.688715953307394,
      "pnl_pct": -54.858668079738784
    },
    {
      "month": "2025-08",
      "signals": 454,
      "wins": 122,
      "losses": 145,
      "no_fills": 184,
      "open": 0,
      "pnl": -531.4100000000726,
      "trading_pnl": -531.4100000000726,
      "bonus": 0.0,
      "closed_lots": 7.500000000000009,
      "equity_start": 915.5000000000687,
      "equity_end": 388.6199999999967,
      "win_rate_pct": 45.69288389513109,
      "pnl_pct": -58.04587657018381
    },
    {
      "month": "2025-09",
      "signals": 469,
      "wins": 154,
      "losses": 132,
      "no_fills": 175,
      "open": 0,
      "pnl": 393.579999999919,
      "trading_pnl": 393.579999999919,
      "bonus": 0.0,
      "closed_lots": 8.22000000000001,
      "equity_start": 388.6199999999967,
      "equity_end": 782.1999999999157,
      "win_rate_pct": 53.84615384615385,
      "pnl_pct": 101.27631104933414
    },
    {
      "month": "2025-10",
      "signals": 479,
      "wins": 159,
      "losses": 148,
      "no_fills": 101,
      "open": 0,
      "pnl": 298.6599999998839,
      "trading_pnl": 298.6599999998839,
      "bonus": 0.0,
      "closed_lots": 11.059999999999953,
      "equity_start": 782.1999999999157,
      "equity_end": 1080.8599999997996,
      "win_rate_pct": 51.79153094462541,
      "pnl_pct": 38.182050626427525
    },
    {
      "month": "2025-11",
      "signals": 433,
      "wins": 145,
      "losses": 145,
      "no_fills": 98,
      "open": 0,
      "pnl": 177.06999999984464,
      "trading_pnl": 177.06999999984464,
      "bonus": 0.0,
      "closed_lots": 9.899999999999979,
      "equity_start": 1080.8599999997996,
      "equity_end": 1257.9299999996442,
      "win_rate_pct": 50.0,
      "pnl_pct": 16.3823251854891
    },
    {
      "month": "2025-12",
      "signals": 459,
      "wins": 175,
      "losses": 155,
      "no_fills": 91,
      "open": 0,
      "pnl": 61.939999999848624,
      "trading_pnl": 61.939999999848624,
      "bonus": 0.0,
      "closed_lots": 10.549999999999963,
      "equity_start": 1257.9299999996442,
      "equity_end": 1319.8699999994928,
      "win_rate_pct": 53.03030303030303,
      "pnl_pct": 4.923962382633862
    },
    {
      "month": "2026-01",
      "signals": 447,
      "wins": 153,
      "losses": 138,
      "no_fills": 92,
      "open": 0,
      "pnl": 702.0099999998929,
      "trading_pnl": 702.0099999998929,
      "bonus": 0.0,
      "closed_lots": 10.389999999999969,
      "equity_start": 1319.8699999994928,
      "equity_end": 2021.8799999993857,
      "win_rate_pct": 52.57731958762887,
      "pnl_pct": 53.18781395138632
    },
    {
      "month": "2026-02",
      "signals": 430,
      "wins": 174,
      "losses": 121,
      "no_fills": 42,
      "open": 0,
      "pnl": 3020.109999999907,
      "trading_pnl": 3020.109999999907,
      "bonus": 0.0,
      "closed_lots": 11.489999999999945,
      "equity_start": 2021.8799999993857,
      "equity_end": 5041.989999999293,
      "win_rate_pct": 58.98305084745763,
      "pnl_pct": 149.37137713419315
    },
    {
      "month": "2026-03",
      "signals": 466,
      "wins": 161,
      "losses": 141,
      "no_fills": 48,
      "open": 0,
      "pnl": 1679.9399999999687,
      "trading_pnl": 1679.9399999999687,
      "bonus": 0.0,
      "closed_lots": 12.349999999999925,
      "equity_start": 5041.989999999293,
      "equity_end": 6696.389999999264,
      "win_rate_pct": 53.31125827814569,
      "pnl_pct": 33.31898714595238
    },
    {
      "month": "2026-04",
      "signals": 437,
      "wins": 168,
      "losses": 153,
      "no_fills": 60,
      "open": 0,
      "pnl": 485.1999999999316,
      "trading_pnl": 485.1999999999316,
      "bonus": 0.0,
      "closed_lots": 11.139999999999953,
      "equity_start": 6721.929999999262,
      "equity_end": 7170.069999999199,
      "win_rate_pct": 52.336448598130836,
      "pnl_pct": 7.2181650210577155
    },
    {
      "month": "2026-05",
      "signals": 449,
      "wins": 187,
      "losses": 143,
      "no_fills": 79,
      "open": 0,
      "pnl": 1082.4999999999554,
      "trading_pnl": 1082.4999999999554,
      "bonus": 0.0,
      "closed_lots": 10.689999999999959,
      "equity_start": 7196.469999999196,