{
  "rank": 6,
  "candidate_id": "23428e35e5964d32",
  "filter_preset": "self_limit",
  "metrics": {
    "candidate_id": "23428e35e5964d32",
    "filter_preset": "self_limit",
    "passes_recommendation_gate": false,
    "passes_dd": false,
    "passes_edge": true,
    "passes_consistency": true,
    "passes_oos": true,
    "score": 18511.426388888605,
    "fixed_no_bonus_profit": 18988.294999999685,
    "fixed_with_bonus_profit": 19665.57499999911,
    "bonus_contribution": 677.279999999424,
    "concurrent_risk_max_dd_pct": 100.27085793229608,
    "risk_net_profit_with_bonus": -1007.9600000001103,
    "stable_months": 14,
    "total_months": 18,
    "stable_fraction": 0.7777777777777778,
    "worst_month_pnl": -1290.0699999999997,
    "oos_fixed_no_bonus_profit": 14971.009999999842
  },
  "monthly": [
    {
      "month": "2025-01",
      "signals": 446,
      "wins": 46,
      "losses": 72,
      "no_fills": 254,
      "open": 0,
      "pnl": -29.049999999997,
      "trading_pnl": -29.049999999997,
      "bonus": 0.0,
      "closed_lots": 7.0200000000000005,
      "equity_start": 1000.0,
      "equity_end": 970.950000000003,
      "win_rate_pct": 38.983050847457626,
      "pnl_pct": -2.9049999999997
    },
    {
      "month": "2025-02",
      "signals": 419,
      "wins": 62,
      "losses": 69,
      "no_fills": 164,
      "open": 0,
      "pnl": 465.549999999967,
      "trading_pnl": 465.549999999967,
      "bonus": 0.0,
      "closed_lots": 9.689999999999968,
      "equity_start": 970.950000000003,
      "equity_end": 1436.49999999997,
      "win_rate_pct": 47.32824427480916,
      "pnl_pct": 47.94788609093831
    },
    {
      "month": "2025-03",
      "signals": 446,
      "wins": 83,
      "losses": 75,
      "no_fills": 175,
      "open": 0,
      "pnl": 620.2850000000276,
      "trading_pnl": 620.2850000000276,
      "bonus": 0.0,
      "closed_lots": 9.98999999999996,
      "equity_start": 1436.49999999997,
      "equity_end": 2065.9149999999963,
      "win_rate_pct": 52.53164556962025,
      "pnl_pct": 43.1802993386732
    },
    {
      "month": "2025-04",
      "signals": 459,
      "wins": 93,
      "losses": 67,
      "no_fills": 91,
      "open": 0,
      "pnl": 452.02500000000646,
      "trading_pnl": 452.02500000000646,
      "bonus": 0.0,
      "closed_lots": 14.23999999999987,
      "equity_start": 2056.7849999999976,
      "equity_end": 2508.810000000004,
      "win_rate_pct": 58.12500000000001,
      "pnl_pct": 21.977260627630354
    },
    {
      "month": "2025-05",
      "signals": 448,
      "wins": 75,
      "losses": 78,
      "no_fills": 105,
      "open": 0,
      "pnl": -327.3799999999655,
      "trading_pnl": -327.3799999999655,
      "bonus": 0.0,
      "closed_lots": 13.249999999999893,
      "equity_start": 2508.810000000004,
      "equity_end": 2181.4300000000385,
      "win_rate_pct": 49.01960784313725,
      "pnl_pct": -13.049214567861455
    },
    {
      "month": "2025-06",
      "signals": 440,
      "wins": 95,
      "losses": 81,
      "no_fills": 123,
      "open": 0,
      "pnl": -448.0049999999855,
      "trading_pnl": -448.0049999999855,
      "bonus": 0.0,
      "closed_lots": 12.119999999999916,
      "equity_start": 2181.4300000000385,
      "equity_end": 1733.425000000053,
      "win_rate_pct": 53.97727272727273,
      "pnl_pct": -20.5372164130858
    },
    {
      "month": "2025-07",
      "signals": 471,
      "wins": 52,
      "losses": 91,
      "no_fills": 194,
      "open": 0,
      "pnl": -1290.0699999999997,
      "trading_pnl": -1290.0699999999997,
      "bonus": 0.0,
      "closed_lots": 10.639999999999949,
      "equity_start": 1733.425000000053,
      "equity_end": 511.3350000000519,
      "win_rate_pct": 36.36363636363637,
      "pnl_pct": -74.42317954338723
    },
    {
      "month": "2025-08",
      "signals": 454,
      "wins": 94,
      "losses": 93,
      "no_fills": 156,
      "open": 0,
      "pnl": 103.17999999995985,
      "trading_pnl": 103.17999999995985,
      "bonus": 0.0,
      "closed_lots": 10.91999999999994,
      "equity_start": 425.94500000005337,
      "equity_end": 546.535000000013,
      "win_rate_pct": 50.26737967914438,
      "pnl_pct": 24.22378476093085
    },
    {
      "month": "2025-09",
      "signals": 469,
      "wins": 81,
      "losses": 53,
      "no_fills": 156,
      "open": 0,
      "pnl": 1183.8349999999705,
      "trading_pnl": 1183.8349999999705,
      "bonus": 0.0,
      "closed_lots": 11.789999999999921,
      "equity_start": 546.535000000013,
      "equity_end": 1751.8699999999826,
      "win_rate_pct": 60.447761194029844,
      "pnl_pct": 216.60735360039928
    },
    {
      "month": "2025-10",
      "signals": 479,
      "wins": 137,
      "losses": 39,
      "no_fills": 93,
      "open": 0,
      "pnl": 1588.4599999999377,
      "trading_pnl": 1588.4599999999377,
      "bonus": 0.0,
      "closed_lots": 15.109999999999852,
      "equity_start": 1730.3699999999835,
      "equity_end": 3318.8299999999213,
      "win_rate_pct": 77.8409090909091,
      "pnl_pct": 91.79886382680888
    },
    {
      "month": "2025-11",
      "signals": 433,
      "wins": 95,
      "losses": 31,
      "no_fills": 82,
      "open": 0,
      "pnl": 907.8949999999554,
      "trading_pnl": 907.8949999999554,
      "bonus": 0.0,
      "closed_lots": 13.559999999999887,
      "equity_start": 3318.8299999999213,
      "equity_end": 4226.724999999877,
      "win_rate_pct": 75.39682539682539,
      "pnl_pct": 27.355875413925297
    },
    {
      "month": "2025-12",
      "signals": 459,
      "wins": 114,
      "losses": 35,
      "no_fills": 78,
      "open": 0,
      "pnl": 790.5599999999458,
      "trading_pnl": 790.5599999999458,
      "bonus": 0.0,
      "closed_lots": 14.709999999999862,
      "equity_start": 4226.724999999877,
      "equity_end": 5017.2849999998225,
      "win_rate_pct": 76.51006711409396,
      "pnl_pct": 18.703842809739665
    },
    {
      "month": "2026-01",
      "signals": 447,
      "wins": 123,
      "losses": 25,
      "no_fills": 80,
      "open": 0,
      "pnl": 2398.864999999919,
      "trading_pnl": 2398.864999999919,
      "bonus": 0.0,
      "closed_lots": 14.199999999999873,
      "equity_start": 5017.2849999998225,
      "equity_end": 7416.149999999741,
      "win_rate_pct": 83.1081081081081,
      "pnl_pct": 47.812013868058195
    },
    {
      "month": "2026-02",
      "signals": 430,
      "wins": 176,
      "losses": 21,
      "no_fills": 36,
      "open": 0,
      "pnl": 5446.209999999929,
      "trading_pnl": 5446.209999999929,
      "bonus": 0.0,
      "closed_lots": 15.549999999999844,
      "equity_start": 7416.149999999741,
      "equity_end": 12862.359999999673,
      "win_rate_pct": 89.34010152284264,
      "pnl_pct": 73.43716079097806
    },
    {
      "month": "2026-03",
      "signals": 466,
      "wins": 152,
      "losses": 26,
      "no_fills": 43,
      "open": 0,
      "pnl": 3761.6199999999662,
      "trading_pnl": 3761.6199999999662,
      "bonus": 0.0,
      "closed_lots": 16.659999999999823,
      "equity_start": 12862.359999999673,
      "equity_end": 16669.21999999965,
      "win_rate_pct": 85.39325842696628,
      "pnl_pct": 29.245177401348286
    },
    {
      "month": "2026-04",
      "signals": 437,
      "wins": 106,
      "losses": 39,
      "no_fills": 50,
      "open": 0,
      "pnl": 1510.8850000000148,
      "trading_pnl": 1510.8850000000148,
      "bonus": 0.0,
      "closed_lots": 15.149999999999853,
      "equity_start": 16623.979999999647,
      "equity_end": 18134.86499999966,
      "win_rate_pct": 73.10344827586206,
      "pnl_pct": 9.088587690793942
    },
    {
      "month": "2026-05",
      "signals": 449,
      "wins": 104,
      "losses": 34,
      "no_fills": 67,
      "open": 0,
      "pnl": 1290.7200000000075,
      "trading_pnl": 1290.7200000000075,
      "bonus": 0.0,
      "closed_lots": 14.71999999999986,
      "equity_start": 18134.39499999966,