{
  "rank": 11,
  "candidate_id": "948fdd3e29bab0ae",
  "filter_preset": "self_limit",
  "metrics": {
    "candidate_id": "948fdd3e29bab0ae",
    "filter_preset": "self_limit",
    "passes_recommendation_gate": false,
    "passes_dd": false,
    "passes_edge": true,
    "passes_consistency": true,
    "passes_oos": true,
    "score": 10308.59374999974,
    "fixed_no_bonus_profit": 10115.512499999744,
    "fixed_with_bonus_profit": 10387.612499999921,
    "bonus_contribution": 272.1000000001768,
    "concurrent_risk_max_dd_pct": 54.027419328323404,
    "risk_net_profit_with_bonus": 264777756.25749543,
    "stable_months": 15,
    "total_months": 18,
    "stable_fraction": 0.8333333333333334,
    "worst_month_pnl": -211.1549999999993,
    "oos_fixed_no_bonus_profit": 7515.999999999809
  },
  "monthly": [
    {
      "month": "2025-01",
      "signals": 446,
      "wins": 27,
      "losses": 17,
      "no_fills": 372,
      "open": 0,
      "pnl": 107.13000000000102,
      "trading_pnl": 107.13000000000102,
      "bonus": 0.0,
      "closed_lots": 1.270000000000001,
      "equity_start": 1000.0,
      "equity_end": 1107.130000000001,
      "win_rate_pct": 61.36363636363637,
      "pnl_pct": 10.713000000000102
    },
    {
      "month": "2025-02",
      "signals": 419,
      "wins": 38,
      "losses": 27,
      "no_fills": 290,
      "open": 0,
      "pnl": 201.56999999999653,
      "trading_pnl": 201.56999999999653,
      "bonus": 0.0,
      "closed_lots": 2.2699999999999996,
      "equity_start": 1107.130000000001,
      "equity_end": 1308.6999999999975,
      "win_rate_pct": 58.46153846153847,
      "pnl_pct": 18.206534011362383
    },
    {
      "month": "2025-03",
      "signals": 446,
      "wins": 50,
      "losses": 21,
      "no_fills": 316,
      "open": 0,
      "pnl": 364.6650000000036,
      "trading_pnl": 364.6650000000036,
      "bonus": 0.0,
      "closed_lots": 2.16,
      "equity_start": 1308.6999999999975,
      "equity_end": 1673.3650000000011,
      "win_rate_pct": 70.4225352112676,
      "pnl_pct": 27.864674868190136
    },
    {
      "month": "2025-04",
      "signals": 459,
      "wins": 102,
      "losses": 51,
      "no_fills": 192,
      "open": 0,
      "pnl": 189.2600000000025,
      "trading_pnl": 189.2600000000025,
      "bonus": 0.0,
      "closed_lots": 5.769999999999986,
      "equity_start": 1673.3650000000011,
      "equity_end": 1862.6250000000036,
      "win_rate_pct": 66.66666666666666,
      "pnl_pct": 11.310144529137538
    },
    {
      "month": "2025-05",
      "signals": 448,
      "wins": 71,
      "losses": 48,
      "no_fills": 216,
      "open": 0,
      "pnl": -52.384999999986576,
      "trading_pnl": -52.384999999986576,
      "bonus": 0.0,
      "closed_lots": 4.649999999999981,
      "equity_start": 1862.6250000000036,
      "equity_end": 1810.240000000017,
      "win_rate_pct": 59.66386554621849,
      "pnl_pct": -2.812428696059941
    },
    {
      "month": "2025-06",
      "signals": 440,
      "wins": 64,
      "losses": 45,
      "no_fills": 242,
      "open": 0,
      "pnl": -68.06249999999227,
      "trading_pnl": -68.06249999999227,
      "bonus": 0.0,
      "closed_lots": 3.7399999999999873,
      "equity_start": 1810.240000000017,
      "equity_end": 1742.1775000000248,
      "win_rate_pct": 58.71559633027523,
      "pnl_pct": -3.759860570973552
    },
    {
      "month": "2025-07",
      "signals": 471,
      "wins": 30,
      "losses": 32,
      "no_fills": 347,
      "open": 0,
      "pnl": -211.1549999999993,
      "trading_pnl": -211.1549999999993,
      "bonus": 0.0,
      "closed_lots": 2.1100000000000008,
      "equity_start": 1742.1775000000248,
      "equity_end": 1531.0225000000255,
      "win_rate_pct": 48.38709677419355,
      "pnl_pct": -12.120177192048244
    },
    {
      "month": "2025-08",
      "signals": 454,
      "wins": 55,
      "losses": 33,
      "no_fills": 325,
      "open": 0,
      "pnl": 23.88249999999698,
      "trading_pnl": 23.88249999999698,
      "bonus": 0.0,
      "closed_lots": 2.2799999999999985,
      "equity_start": 1531.0225000000255,
      "equity_end": 1554.9050000000225,
      "win_rate_pct": 62.5,
      "pnl_pct": 1.559905226735504
    },
    {
      "month": "2025-09",
      "signals": 469,
      "wins": 74,
      "losses": 32,
      "no_fills": 274,
      "open": 0,
      "pnl": 458.79499999999234,
      "trading_pnl": 458.79499999999234,
      "bonus": 0.0,
      "closed_lots": 3.679999999999988,
      "equity_start": 1554.9050000000225,
      "equity_end": 2013.7000000000148,
      "win_rate_pct": 69.81132075471697,
      "pnl_pct": 29.506304243666698
    },
    {
      "month": "2025-10",
      "signals": 479,
      "wins": 141,
      "losses": 49,
      "no_fills": 180,
      "open": 0,
      "pnl": 827.5099999999647,
      "trading_pnl": 827.5099999999647,
      "bonus": 0.0,
      "closed_lots": 7.340000000000001,
      "equity_start": 2013.7000000000148,
      "equity_end": 2841.2099999999796,
      "win_rate_pct": 74.21052631578947,
      "pnl_pct": 41.09400605849723
    },
    {
      "month": "2025-11",
      "signals": 433,
      "wins": 98,
      "losses": 45,
      "no_fills": 182,
      "open": 0,
      "pnl": 575.5374999999767,
      "trading_pnl": 575.5374999999767,
      "bonus": 0.0,
      "closed_lots": 5.88999999999999,
      "equity_start": 2841.2099999999796,
      "equity_end": 3416.7474999999563,
      "win_rate_pct": 68.53146853146853,
      "pnl_pct": 20.25677440245462
    },
    {
      "month": "2025-12",
      "signals": 459,
      "wins": 100,
      "losses": 49,
      "no_fills": 194,
      "open": 0,
      "pnl": 182.76499999997122,
      "trading_pnl": 182.76499999997122,
      "bonus": 0.0,
      "closed_lots": 5.629999999999986,
      "equity_start": 3416.7474999999563,
      "equity_end": 3599.5124999999275,
      "win_rate_pct": 67.11409395973155,
      "pnl_pct": 5.349092960482844
    },
    {
      "month": "2026-01",
      "signals": 447,
      "wins": 132,
      "losses": 42,
      "no_fills": 151,
      "open": 0,
      "pnl": 1193.097499999938,
      "trading_pnl": 1193.097499999938,
      "bonus": 0.0,
      "closed_lots": 7.17,
      "equity_start": 3599.5124999999275,
      "equity_end": 4792.609999999866,
      "win_rate_pct": 75.86206896551724,
      "pnl_pct": 33.14608575466711
    },
    {
      "month": "2026-02",
      "signals": 430,
      "wins": 188,
      "losses": 37,
      "no_fills": 91,
      "open": 0,
      "pnl": 2961.7649999999467,
      "trading_pnl": 2961.7649999999467,
      "bonus": 0.0,
      "closed_lots": 9.089999999999982,
      "equity_start": 4792.609999999866,
      "equity_end": 7754.374999999813,
      "win_rate_pct": 83.55555555555556,
      "pnl_pct": 61.79858156620358
    },
    {
      "month": "2026-03",
      "signals": 466,
      "wins": 187,
      "losses": 53,
      "no_fills": 95,
      "open": 0,
      "pnl": 1907.1949999999542,
      "trading_pnl": 1907.1949999999542,
      "bonus": 0.0,
      "closed_lots": 9.829999999999968,
      "equity_start": 7754.374999999813,
      "equity_end": 9661.569999999778,
      "win_rate_pct": 77.91666666666667,
      "pnl_pct": 24.595083420649637
    },
    {
      "month": "2026-04",
      "signals": 437,
      "wins": 113,
      "losses": 48,
      "no_fills": 121,
      "open": 0,
      "pnl": 435.9974999999813,
      "trading_pnl": 435.9974999999813,
      "bonus": 0.0,
      "closed_lots": 7.619999999999986,
      "equity_start": 9661.569999999778,
      "equity_end": 10097.567499999761,
      "win_rate_pct": 70.1863354037267,
      "pnl_pct": 4.512698246765188
    },
    {
      "month": "2026-05",
      "signals": 449,
      "wins": 116,
      "losses": 43,
      "no_fills": 141,
      "open": 0,
      "pnl": 668.4224999999851,
      "trading_pnl": 668.4224999999851,
      "bonus": 0.0,
      "closed_lots": 7.199999999999989,
      "equity_start": 10097.567499999761,
      "equity_end": 10765.989999999741,