{
  "rank": 5,
  "candidate_id": "64173564b2c411b1",
  "filter_preset": "self_limit",
  "metrics": {
    "candidate_id": "64173564b2c411b1",
    "filter_preset": "self_limit",
    "passes_recommendation_gate": false,
    "passes_dd": false,
    "passes_edge": true,
    "passes_consistency": true,
    "passes_oos": true,
    "score": 21095.992499999113,
    "fixed_no_bonus_profit": 20092.049999999115,
    "fixed_with_bonus_profit": 20568.989999998663,
    "bonus_contribution": 476.9399999995476,
    "concurrent_risk_max_dd_pct": 67.70553766004026,
    "risk_net_profit_with_bonus": 661823934.1599922,
    "stable_months": 16,
    "total_months": 18,
    "stable_fraction": 0.8888888888888888,
    "worst_month_pnl": -904.0500000000084,
    "oos_fixed_no_bonus_profit": 12945.569999999596
  },
  "monthly": [
    {
      "month": "2025-01",
      "signals": 446,
      "wins": 82,
      "losses": 87,
      "no_fills": 277,
      "open": 0,
      "pnl": 44.54000000002816,
      "trading_pnl": 44.54000000002816,
      "bonus": 0.0,
      "closed_lots": 4.559999999999991,
      "equity_start": 1000.0,
      "equity_end": 1044.5400000000282,
      "win_rate_pct": 48.5207100591716,
      "pnl_pct": 4.454000000002816
    },
    {
      "month": "2025-02",
      "signals": 419,
      "wins": 142,
      "losses": 87,
      "no_fills": 190,
      "open": 0,
      "pnl": 841.2099999999164,
      "trading_pnl": 841.2099999999164,
      "bonus": 0.0,
      "closed_lots": 6.430000000000003,
      "equity_start": 1044.5400000000282,
      "equity_end": 1885.7499999999445,
      "win_rate_pct": 62.00873362445415,
      "pnl_pct": 80.53401497308803
    },
    {
      "month": "2025-03",
      "signals": 446,
      "wins": 164,
      "losses": 79,
      "no_fills": 203,
      "open": 0,
      "pnl": 657.7000000000371,
      "trading_pnl": 657.7000000000371,
      "bonus": 0.0,
      "closed_lots": 6.670000000000003,
      "equity_start": 1885.7499999999445,
      "equity_end": 2547.8899999999826,
      "win_rate_pct": 67.48971193415639,
      "pnl_pct": 34.8773697467881
    },
    {
      "month": "2025-04",
      "signals": 459,
      "wins": 248,
      "losses": 102,
      "no_fills": 109,
      "open": 0,
      "pnl": 992.4000000000165,
      "trading_pnl": 992.4000000000165,
      "bonus": 0.0,
      "closed_lots": 10.10999999999997,
      "equity_start": 2543.4499999999816,
      "equity_end": 3540.4399999999964,
      "win_rate_pct": 70.85714285714285,
      "pnl_pct": 39.017869429319376
    },
    {
      "month": "2025-05",
      "signals": 448,
      "wins": 210,
      "losses": 115,
      "no_fills": 123,
      "open": 0,
      "pnl": 767.6400000001008,
      "trading_pnl": 767.6400000001008,
      "bonus": 0.0,
      "closed_lots": 9.299999999999985,
      "equity_start": 3535.849999999998,
      "equity_end": 4303.490000000102,
      "win_rate_pct": 64.61538461538461,
      "pnl_pct": 21.710196982340914
    },
    {
      "month": "2025-06",
      "signals": 440,
      "wins": 197,
      "losses": 101,
      "no_fills": 142,
      "open": 0,
      "pnl": 421.18000000000075,
      "trading_pnl": 421.18000000000075,
      "bonus": 0.0,
      "closed_lots": 8.480000000000002,
      "equity_start": 4303.490000000102,
      "equity_end": 4724.6700000001,
      "win_rate_pct": 66.10738255033557,
      "pnl_pct": 9.78694036700424
    },
    {
      "month": "2025-07",
      "signals": 471,
      "wins": 127,
      "losses": 124,
      "no_fills": 220,
      "open": 0,
      "pnl": -904.0500000000084,
      "trading_pnl": -904.0500000000084,
      "bonus": 0.0,
      "closed_lots": 7.1100000000000065,
      "equity_start": 4724.6700000001,
      "equity_end": 3851.86000000009,
      "win_rate_pct": 50.59760956175299,
      "pnl_pct": -19.13466972296455
    },
    {
      "month": "2025-08",
      "signals": 454,
      "wins": 142,
      "losses": 126,
      "no_fills": 186,
      "open": 0,
      "pnl": -338.2300000000605,
      "trading_pnl": -338.2300000000605,
      "bonus": 0.0,
      "closed_lots": 7.19,
      "equity_start": 3813.1100000000906,
      "equity_end": 3482.390000000027,
      "win_rate_pct": 52.98507462686567,
      "pnl_pct": -8.87018732740604
    },
    {
      "month": "2025-09",
      "signals": 469,
      "wins": 189,
      "losses": 104,
      "no_fills": 176,
      "open": 0,
      "pnl": 649.7899999999076,
      "trading_pnl": 649.7899999999076,
      "bonus": 0.0,
      "closed_lots": 8.18000000000001,
      "equity_start": 3482.390000000027,
      "equity_end": 4158.90999999993,
      "win_rate_pct": 64.50511945392492,
      "pnl_pct": 18.65931156475589
    },
    {
      "month": "2025-10",
      "signals": 479,
      "wins": 284,
      "losses": 86,
      "no_fills": 109,
      "open": 0,
      "pnl": 1960.3099999998585,
      "trading_pnl": 1960.3099999998585,
      "bonus": 0.0,
      "closed_lots": 10.839999999999959,
      "equity_start": 4132.179999999933,
      "equity_end": 6092.489999999798,
      "win_rate_pct": 76.75675675675676,
      "pnl_pct": 47.44009215474375
    },
    {
      "month": "2025-11",
      "signals": 433,
      "wins": 238,
      "losses": 96,
      "no_fills": 99,
      "open": 0,
      "pnl": 817.9899999998579,
      "trading_pnl": 817.9899999998579,
      "bonus": 0.0,
      "closed_lots": 9.659999999999984,
      "equity_start": 6092.489999999798,
      "equity_end": 6910.479999999655,
      "win_rate_pct": 71.25748502994011,
      "pnl_pct": 13.426201766435153
    },
    {
      "month": "2025-12",
      "signals": 459,
      "wins": 271,
      "losses": 93,
      "no_fills": 95,
      "open": 0,
      "pnl": 1235.99999999985,
      "trading_pnl": 1235.99999999985,
      "bonus": 0.0,
      "closed_lots": 10.339999999999964,
      "equity_start": 6910.479999999655,
      "equity_end": 8146.479999999508,
      "win_rate_pct": 74.45054945054946,
      "pnl_pct": 17.885877681433296
    },
    {
      "month": "2026-01",
      "signals": 447,
      "wins": 284,
      "losses": 65,
      "no_fills": 98,
      "open": 0,
      "pnl": 2492.4899999998333,
      "trading_pnl": 2492.4899999998333,
      "bonus": 0.0,
      "closed_lots": 10.039999999999973,
      "equity_start": 8146.479999999508,
      "equity_end": 10638.96999999932,
      "win_rate_pct": 81.37535816618912,
      "pnl_pct": 30.595913817992354
    },
    {
      "month": "2026-02",
      "signals": 430,
      "wins": 315,
      "losses": 71,
      "no_fills": 44,
      "open": 0,
      "pnl": 3573.129999999881,
      "trading_pnl": 3573.129999999881,
      "bonus": 0.0,
      "closed_lots": 11.379999999999947,
      "equity_start": 10638.96999999932,
      "equity_end": 14212.099999999176,
      "win_rate_pct": 81.60621761658031,
      "pnl_pct": 33.58530008074192
    },
    {
      "month": "2026-03",
      "signals": 466,
      "wins": 332,
      "losses": 83,
      "no_fills": 51,
      "open": 0,
      "pnl": 2962.009999999963,
      "trading_pnl": 2962.009999999963,
      "bonus": 0.0,
      "closed_lots": 12.259999999999927,
      "equity_start": 14212.099999999176,
      "equity_end": 17275.599999999147,
      "win_rate_pct": 80.0,
      "pnl_pct": 20.841466074683787
    },
    {
      "month": "2026-04",
      "signals": 437,
      "wins": 281,
      "losses": 95,
      "no_fills": 61,
      "open": 0,
      "pnl": 1309.459999999969,
      "trading_pnl": 1309.459999999969,
      "bonus": 0.0,
      "closed_lots": 11.029999999999955,
      "equity_start": 17174.109999999142,
      "equity_end": 18507.009999999107,
      "win_rate_pct": 74.7340425531915,
      "pnl_pct": 7.624616355665793
    },
    {
      "month": "2026-05",
      "signals": 449,
      "wins": 286,
      "losses": 83,
      "no_fills": 80,
      "open": 0,
      "pnl": 1520.509999999982,
      "trading_pnl": 1520.509999999982,
      "bonus": 0.0,
      "closed_lots": 10.69999999999996,
      "equity_start": 18475.759999999103,
      "equity_end": 20004.079999999103,