{
  "rank": 15,
  "candidate_id": "012c82ddb0e2dfe0",
  "filter_preset": "self_limit",
  "metrics": {
    "candidate_id": "012c82ddb0e2dfe0",
    "filter_preset": "self_limit",
    "passes_recommendation_gate": false,
    "passes_dd": false,
    "passes_edge": true,
    "passes_consistency": false,
    "passes_oos": true,
    "score": 7595.98027777706,
    "fixed_no_bonus_profit": 9521.329999998885,
    "fixed_with_bonus_profit": 10127.809999999225,
    "bonus_contribution": 606.4800000003397,
    "concurrent_risk_max_dd_pct": 88.94424357669506,
    "risk_net_profit_with_bonus": 37895.90999999593,
    "stable_months": 10,
    "total_months": 18,
    "stable_fraction": 0.5555555555555556,
    "worst_month_pnl": -1417.920000000032,
    "oos_fixed_no_bonus_profit": 9225.409999999607
  },
  "monthly": [
    {
      "month": "2025-01",
      "signals": 446,
      "wins": 82,
      "losses": 67,
      "no_fills": 297,
      "open": 0,
      "pnl": 455.11000000000513,
      "trading_pnl": 455.11000000000513,
      "bonus": 0.0,
      "closed_lots": 5.400000000000001,
      "equity_start": 1000.0,
      "equity_end": 1455.1100000000051,
      "win_rate_pct": 55.033557046979865,
      "pnl_pct": 45.511000000000514
    },
    {
      "month": "2025-02",
      "signals": 419,
      "wins": 122,
      "losses": 95,
      "no_fills": 202,
      "open": 0,
      "pnl": 740.2899999999327,
      "trading_pnl": 740.2899999999327,
      "bonus": 0.0,
      "closed_lots": 7.890000000000003,
      "equity_start": 1455.1100000000051,
      "equity_end": 2195.399999999938,
      "win_rate_pct": 56.22119815668203,
      "pnl_pct": 50.875191566268526
    },
    {
      "month": "2025-03",
      "signals": 446,
      "wins": 135,
      "losses": 81,
      "no_fills": 230,
      "open": 0,
      "pnl": 1418.8500000000354,
      "trading_pnl": 1418.8500000000354,
      "bonus": 0.0,
      "closed_lots": 7.970000000000005,
      "equity_start": 2195.399999999938,
      "equity_end": 3613.6099999999738,
      "win_rate_pct": 62.5,
      "pnl_pct": 64.62831374692884
    },
    {
      "month": "2025-04",
      "signals": 459,
      "wins": 196,
      "losses": 139,
      "no_fills": 124,
      "open": 0,
      "pnl": -263.2099999999791,
      "trading_pnl": -263.2099999999791,
      "bonus": 0.0,
      "closed_lots": 13.039999999999896,
      "equity_start": 3614.249999999973,
      "equity_end": 3339.2499999999936,
      "win_rate_pct": 58.507462686567166,
      "pnl_pct": -7.282562080652447
    },
    {
      "month": "2025-05",
      "signals": 448,
      "wins": 177,
      "losses": 136,
      "no_fills": 135,
      "open": 0,
      "pnl": 103.64000000009446,
      "trading_pnl": 103.64000000009446,
      "bonus": 0.0,
      "closed_lots": 11.839999999999923,
      "equity_start": 3351.039999999994,
      "equity_end": 3454.6800000000876,
      "win_rate_pct": 56.54952076677316,
      "pnl_pct": 3.0927711993916707
    },
    {
      "month": "2025-06",
      "signals": 440,
      "wins": 156,
      "losses": 127,
      "no_fills": 157,
      "open": 0,
      "pnl": -88.20999999999094,
      "trading_pnl": -88.20999999999094,
      "bonus": 0.0,
      "closed_lots": 10.679999999999948,
      "equity_start": 3454.6800000000876,
      "equity_end": 3366.4700000000967,
      "win_rate_pct": 55.12367491166078,
      "pnl_pct": -2.553347922238491
    },
    {
      "month": "2025-07",
      "signals": 471,
      "wins": 116,
      "losses": 114,
      "no_fills": 234,
      "open": 0,
      "pnl": -1417.920000000032,
      "trading_pnl": -1417.920000000032,
      "bonus": 0.0,
      "closed_lots": 8.849999999999985,
      "equity_start": 3366.4700000000967,
      "equity_end": 1947.6400000000644,
      "win_rate_pct": 50.43478260869565,
      "pnl_pct": -42.1188960543237
    },
    {
      "month": "2025-08",
      "signals": 454,
      "wins": 140,
      "losses": 98,
      "no_fills": 216,
      "open": 0,
      "pnl": -192.11000000010745,
      "trading_pnl": -192.11000000010745,
      "bonus": 0.0,
      "closed_lots": 8.57999999999999,
      "equity_start": 1948.5500000000648,
      "equity_end": 1756.4399999999573,
      "win_rate_pct": 58.82352941176471,
      "pnl_pct": -9.859126016786895
    },
    {
      "month": "2025-09",
      "signals": 469,
      "wins": 156,
      "losses": 117,
      "no_fills": 196,
      "open": 0,
      "pnl": -138.03000000011434,
      "trading_pnl": -138.03000000011434,
      "bonus": 0.0,
      "closed_lots": 10.159999999999958,
      "equity_start": 1756.4399999999573,
      "equity_end": 1620.8099999998408,
      "win_rate_pct": 57.14285714285714,
      "pnl_pct": -7.858509257368182
    },
    {
      "month": "2025-10",
      "signals": 479,
      "wins": 241,
      "losses": 120,
      "no_fills": 118,
      "open": 0,
      "pnl": 784.5399999998026,
      "trading_pnl": 784.5399999998026,
      "bonus": 0.0,
      "closed_lots": 14.069999999999876,
      "equity_start": 1618.409999999843,
      "equity_end": 2402.9499999996456,
      "win_rate_pct": 66.7590027700831,
      "pnl_pct": 48.4759733318429
    },
    {
      "month": "2025-11",
      "signals": 433,
      "wins": 184,
      "losses": 134,
      "no_fills": 115,
      "open": 0,
      "pnl": -1152.0700000001993,
      "trading_pnl": -1152.0700000001993,
      "bonus": 0.0,
      "closed_lots": 12.50999999999991,
      "equity_start": 2402.9499999996456,
      "equity_end": 1250.8799999994462,
      "win_rate_pct": 57.861635220125784,
      "pnl_pct": -47.9439855178164
    },
    {
      "month": "2025-12",
      "signals": 459,
      "wins": 220,
      "losses": 123,
      "no_fills": 116,
      "open": 0,
      "pnl": 45.03999999983262,
      "trading_pnl": 45.03999999983262,
      "bonus": 0.0,
      "closed_lots": 13.079999999999897,
      "equity_start": 1250.8799999994462,
      "equity_end": 1295.9199999992788,
      "win_rate_pct": 64.1399416909621,
      "pnl_pct": 3.6006651317354628
    },
    {
      "month": "2026-01",
      "signals": 447,
      "wins": 244,
      "losses": 90,
      "no_fills": 113,
      "open": 0,
      "pnl": 3508.629999999812,
      "trading_pnl": 3508.629999999812,
      "bonus": 0.0,
      "closed_lots": 12.9499999999999,
      "equity_start": 1295.9199999992788,
      "equity_end": 4804.549999999091,
      "win_rate_pct": 73.05389221556887,
      "pnl_pct": 270.74433607026396
    },
    {
      "month": "2026-02",
      "signals": 430,
      "wins": 279,
      "losses": 99,
      "no_fills": 52,
      "open": 0,
      "pnl": 3257.5599999998585,
      "trading_pnl": 3257.5599999998585,
      "bonus": 0.0,
      "closed_lots": 14.979999999999857,
      "equity_start": 4804.549999999091,
      "equity_end": 8062.109999998952,
      "win_rate_pct": 73.80952380952381,
      "pnl_pct": 67.80156310165312
    },
    {
      "month": "2026-03",
      "signals": 466,
      "wins": 293,
      "losses": 117,
      "no_fills": 56,
      "open": 0,
      "pnl": 2305.609999999928,
      "trading_pnl": 2305.609999999928,
      "bonus": 0.0,
      "closed_lots": 16.109999999999832,
      "equity_start": 8062.109999998952,
      "equity_end": 10518.249999998874,
      "win_rate_pct": 71.46341463414633,
      "pnl_pct": 28.59809652808294
    },
    {
      "month": "2026-04",
      "signals": 437,
      "wins": 237,
      "losses": 130,
      "no_fills": 70,
      "open": 0,
      "pnl": -7.270000000017717,
      "trading_pnl": -7.270000000017717,
      "bonus": 0.0,
      "closed_lots": 14.37999999999987,
      "equity_start": 10367.719999998873,
      "equity_end": 10364.039999998877,
      "win_rate_pct": 64.57765667574932,
      "pnl_pct": -0.07012149247875624
    },
    {
      "month": "2026-05",
      "signals": 449,
      "wins": 227,
      "losses": 131,
      "no_fills": 91,
      "open": 0,
      "pnl": 162.63999999998487,
      "trading_pnl": 162.63999999998487,
      "bonus": 0.0,
      "closed_lots": 13.719999999999883,