{
  "rank": 3,
  "candidate_id": "c943db887d793bdd",
  "filter_preset": "self_limit",
  "metrics": {
    "candidate_id": "c943db887d793bdd",
    "filter_preset": "self_limit",
    "passes_recommendation_gate": true,
    "passes_dd": true,
    "passes_edge": true,
    "passes_consistency": true,
    "passes_oos": true,
    "score": 9032.42416666637,
    "fixed_no_bonus_profit": 9941.429999999647,
    "fixed_with_bonus_profit": 10274.339999999675,
    "bonus_contribution": 332.91000000002714,
    "concurrent_risk_max_dd_pct": 30.878749976591948,
    "risk_net_profit_with_bonus": 9491924.909999903,
    "stable_months": 13,
    "total_months": 18,
    "stable_fraction": 0.7222222222222222,
    "worst_month_pnl": -166.74000000000433,
    "oos_fixed_no_bonus_profit": 7410.009999999831
  },
  "monthly": [
    {
      "month": "2025-01",
      "signals": 446,
      "wins": 36,
      "losses": 24,
      "no_fills": 372,
      "open": 0,
      "pnl": -58.14999999999236,
      "trading_pnl": -58.14999999999236,
      "bonus": 0.0,
      "closed_lots": 1.8200000000000014,
      "equity_start": 1000.0,
      "equity_end": 941.8500000000076,
      "win_rate_pct": 60.0,
      "pnl_pct": -5.814999999999236
    },
    {
      "month": "2025-02",
      "signals": 419,
      "wins": 84,
      "losses": 30,
      "no_fills": 292,
      "open": 0,
      "pnl": 250.39999999997235,
      "trading_pnl": 250.39999999997235,
      "bonus": 0.0,
      "closed_lots": 3.3399999999999923,
      "equity_start": 941.8500000000076,
      "equity_end": 1192.24999999998,
      "win_rate_pct": 73.68421052631578,
      "pnl_pct": 26.585974412058217
    },
    {
      "month": "2025-03",
      "signals": 446,
      "wins": 88,
      "losses": 27,
      "no_fills": 317,
      "open": 0,
      "pnl": 252.63000000000739,
      "trading_pnl": 252.63000000000739,
      "bonus": 0.0,
      "closed_lots": 3.229999999999993,
      "equity_start": 1192.24999999998,
      "equity_end": 1444.8799999999874,
      "win_rate_pct": 76.52173913043478,
      "pnl_pct": 21.189347871672183
    },
    {
      "month": "2025-04",
      "signals": 459,
      "wins": 173,
      "losses": 47,
      "no_fills": 192,
      "open": 0,
      "pnl": 281.6700000000051,
      "trading_pnl": 281.6700000000051,
      "bonus": 0.0,
      "closed_lots": 7.190000000000006,
      "equity_start": 1444.8799999999874,
      "equity_end": 1726.5499999999925,
      "win_rate_pct": 78.63636363636364,
      "pnl_pct": 19.494352472178143
    },
    {
      "month": "2025-05",
      "signals": 448,
      "wins": 133,
      "losses": 55,
      "no_fills": 217,
      "open": 0,
      "pnl": -34.77999999995973,
      "trading_pnl": -34.77999999995973,
      "bonus": 0.0,
      "closed_lots": 6.219999999999998,
      "equity_start": 1726.5499999999925,
      "equity_end": 1691.7700000000327,
      "win_rate_pct": 70.74468085106383,
      "pnl_pct": -2.0144218238660843
    },
    {
      "month": "2025-06",
      "signals": 440,
      "wins": 114,
      "losses": 52,
      "no_fills": 245,
      "open": 0,
      "pnl": -141.27999999999793,
      "trading_pnl": -141.27999999999793,
      "bonus": 0.0,
      "closed_lots": 4.939999999999992,
      "equity_start": 1691.7700000000327,
      "equity_end": 1550.4900000000348,
      "win_rate_pct": 68.67469879518072,
      "pnl_pct": -8.351016982213611
    },
    {
      "month": "2025-07",
      "signals": 471,
      "wins": 69,
      "losses": 35,
      "no_fills": 348,
      "open": 0,
      "pnl": -166.74000000000433,
      "trading_pnl": -166.74000000000433,
      "bonus": 0.0,
      "closed_lots": 3.1699999999999933,
      "equity_start": 1550.4900000000348,
      "equity_end": 1383.7500000000305,
      "win_rate_pct": 66.34615384615384,
      "pnl_pct": -10.754019696999052
    },
    {
      "month": "2025-08",
      "signals": 454,
      "wins": 78,
      "losses": 40,
      "no_fills": 328,
      "open": 0,
      "pnl": 145.81999999997652,
      "trading_pnl": 145.81999999997652,
      "bonus": 0.0,
      "closed_lots": 3.179999999999994,
      "equity_start": 1383.7500000000305,
      "equity_end": 1529.570000000007,
      "win_rate_pct": 66.10169491525424,
      "pnl_pct": 10.538030713638541
    },
    {
      "month": "2025-09",
      "signals": 469,
      "wins": 120,
      "losses": 43,
      "no_fills": 275,
      "open": 0,
      "pnl": 450.0699999999656,
      "trading_pnl": 450.0699999999656,
      "bonus": 0.0,
      "closed_lots": 5.099999999999994,
      "equity_start": 1529.570000000007,
      "equity_end": 1979.6399999999726,
      "win_rate_pct": 73.61963190184049,
      "pnl_pct": 29.424609530780778
    },
    {
      "month": "2025-10",
      "signals": 479,
      "wins": 193,
      "losses": 33,
      "no_fills": 180,
      "open": 0,
      "pnl": 1041.5999999999385,
      "trading_pnl": 1041.5999999999385,
      "bonus": 0.0,
      "closed_lots": 8.440000000000007,
      "equity_start": 1979.6399999999726,
      "equity_end": 3021.239999999911,
      "win_rate_pct": 85.39823008849558,
      "pnl_pct": 52.61562708370982
    },
    {
      "month": "2025-11",
      "signals": 433,
      "wins": 164,
      "losses": 33,
      "no_fills": 182,
      "open": 0,
      "pnl": 590.3299999999499,
      "trading_pnl": 590.3299999999499,
      "bonus": 0.0,
      "closed_lots": 7.08000000000001,
      "equity_start": 3021.239999999911,
      "equity_end": 3611.569999999861,
      "win_rate_pct": 83.24873096446701,
      "pnl_pct": 19.539328222847814
    },
    {
      "month": "2025-12",
      "signals": 459,
      "wins": 170,
      "losses": 43,
      "no_fills": 197,
      "open": 0,
      "pnl": -80.15000000005512,
      "trading_pnl": -80.15000000005512,
      "bonus": 0.0,
      "closed_lots": 7.190000000000003,
      "equity_start": 3611.569999999861,
      "equity_end": 3531.419999999806,
      "win_rate_pct": 79.81220657276995,
      "pnl_pct": -2.219256445259491
    },
    {
      "month": "2026-01",
      "signals": 447,
      "wins": 180,
      "losses": 26,
      "no_fills": 149,
      "open": 0,
      "pnl": 1526.949999999937,
      "trading_pnl": 1526.949999999937,
      "bonus": 0.0,
      "closed_lots": 8.300000000000006,
      "equity_start": 3531.419999999806,
      "equity_end": 5058.369999999743,
      "win_rate_pct": 87.37864077669903,
      "pnl_pct": 43.23898035351278
    },
    {
      "month": "2026-02",
      "signals": 430,
      "wins": 214,
      "losses": 28,
      "no_fills": 91,
      "open": 0,
      "pnl": 2583.1499999999314,
      "trading_pnl": 2583.1499999999314,
      "bonus": 0.0,
      "closed_lots": 9.839999999999977,
      "equity_start": 5058.369999999743,
      "equity_end": 7641.519999999675,
      "win_rate_pct": 88.42975206611571,
      "pnl_pct": 51.06684564395373
    },
    {
      "month": "2026-03",
      "signals": 466,
      "wins": 219,
      "losses": 35,
      "no_fills": 97,
      "open": 0,
      "pnl": 1794.8099999999977,
      "trading_pnl": 1794.8099999999977,
      "bonus": 0.0,
      "closed_lots": 10.699999999999958,
      "equity_start": 7641.519999999675,
      "equity_end": 9436.329999999673,
      "win_rate_pct": 86.22047244094489,
      "pnl_pct": 23.48760456035022
    },
    {
      "month": "2026-04",
      "signals": 437,
      "wins": 181,
      "losses": 44,
      "no_fills": 120,
      "open": 0,
      "pnl": 492.50999999998476,
      "trading_pnl": 492.50999999998476,
      "bonus": 0.0,
      "closed_lots": 8.959999999999994,
      "equity_start": 9436.329999999673,
      "equity_end": 9928.839999999662,
      "win_rate_pct": 80.44444444444444,
      "pnl_pct": 5.219296061074611
    },
    {
      "month": "2026-05",
      "signals": 449,
      "wins": 179,
      "losses": 34,
      "no_fills": 141,
      "open": 0,
      "pnl": 774.1899999999914,
      "trading_pnl": 774.1899999999914,
      "bonus": 0.0,
      "closed_lots": 8.709999999999997,
      "equity_start": 9928.839999999662,