{
  "rank": 12,
  "candidate_id": "b4a4ef09328afcc0",
  "filter_preset": "self_limit",
  "metrics": {
    "candidate_id": "b4a4ef09328afcc0",
    "filter_preset": "self_limit",
    "passes_recommendation_gate": false,
    "passes_dd": false,
    "passes_edge": true,
    "passes_consistency": true,
    "passes_oos": true,
    "score": 10300.723333333068,
    "fixed_no_bonus_profit": 10337.88999999972,
    "fixed_with_bonus_profit": 10580.049999999886,
    "bonus_contribution": 242.1600000001672,
    "concurrent_risk_max_dd_pct": 65.76661840491622,
    "risk_net_profit_with_bonus": 2.373385056445117e+17,
    "stable_months": 15,
    "total_months": 18,
    "stable_fraction": 0.8333333333333334,
    "worst_month_pnl": -146.28999999999587,
    "oos_fixed_no_bonus_profit": 6743.259999999874
  },
  "monthly": [
    {
      "month": "2025-01",
      "signals": 446,
      "wins": 38,
      "losses": 77,
      "no_fills": 308,
      "open": 0,
      "pnl": -146.28999999999587,
      "trading_pnl": -146.28999999999587,
      "bonus": 0.0,
      "closed_lots": 1.5900000000000012,
      "equity_start": 1000.0,
      "equity_end": 853.7100000000041,
      "win_rate_pct": 33.04347826086956,
      "pnl_pct": -14.628999999999587
    },
    {
      "month": "2025-02",
      "signals": 419,
      "wins": 96,
      "losses": 72,
      "no_fills": 228,
      "open": 0,
      "pnl": 240.50999999998385,
      "trading_pnl": 240.50999999998385,
      "bonus": 0.0,
      "closed_lots": 2.5199999999999956,
      "equity_start": 853.7100000000041,
      "equity_end": 1094.219999999988,
      "win_rate_pct": 57.14285714285714,
      "pnl_pct": 28.172330182378406
    },
    {
      "month": "2025-03",
      "signals": 446,
      "wins": 100,
      "losses": 75,
      "no_fills": 240,
      "open": 0,
      "pnl": 363.72000000000753,
      "trading_pnl": 363.72000000000753,
      "bonus": 0.0,
      "closed_lots": 2.609999999999993,
      "equity_start": 1094.219999999988,
      "equity_end": 1457.9399999999955,
      "win_rate_pct": 57.14285714285714,
      "pnl_pct": 33.240116247190834
    },
    {
      "month": "2025-04",
      "signals": 459,
      "wins": 153,
      "losses": 133,
      "no_fills": 129,
      "open": 0,
      "pnl": 287.66000000000395,
      "trading_pnl": 287.66000000000395,
      "bonus": 0.0,
      "closed_lots": 5.309999999999962,
      "equity_start": 1457.9399999999955,
      "equity_end": 1745.5999999999995,
      "win_rate_pct": 53.4965034965035,
      "pnl_pct": 19.730578761814947
    },
    {
      "month": "2025-05",
      "signals": 448,
      "wins": 149,
      "losses": 115,
      "no_fills": 140,
      "open": 0,
      "pnl": 216.32000000002972,
      "trading_pnl": 216.32000000002972,
      "bonus": 0.0,
      "closed_lots": 4.649999999999974,
      "equity_start": 1745.5999999999995,
      "equity_end": 1961.9200000000292,
      "win_rate_pct": 56.439393939393945,
      "pnl_pct": 12.392300641614904
    },
    {
      "month": "2025-06",
      "signals": 440,
      "wins": 122,
      "losses": 109,
      "no_fills": 172,
      "open": 0,
      "pnl": 95.87000000000535,
      "trading_pnl": 95.87000000000535,
      "bonus": 0.0,
      "closed_lots": 3.8899999999999872,
      "equity_start": 1961.9200000000292,
      "equity_end": 2057.7900000000345,
      "win_rate_pct": 52.81385281385281,
      "pnl_pct": 4.886539716196579
    },
    {
      "month": "2025-07",
      "signals": 471,
      "wins": 85,
      "losses": 100,
      "no_fills": 265,
      "open": 0,
      "pnl": -129.64000000000078,
      "trading_pnl": -129.64000000000078,
      "bonus": 0.0,
      "closed_lots": 2.7399999999999936,
      "equity_start": 2057.7900000000345,
      "equity_end": 1928.1500000000337,
      "win_rate_pct": 45.94594594594595,
      "pnl_pct": -6.299962581215703
    },
    {
      "month": "2025-08",
      "signals": 454,
      "wins": 104,
      "losses": 98,
      "no_fills": 238,
      "open": 0,
      "pnl": -40.64000000002761,
      "trading_pnl": -40.64000000002761,
      "bonus": 0.0,
      "closed_lots": 2.809999999999994,
      "equity_start": 1928.1500000000337,
      "equity_end": 1887.5100000000061,
      "win_rate_pct": 51.48514851485149,
      "pnl_pct": -2.1077198350764674
    },
    {
      "month": "2025-09",
      "signals": 469,
      "wins": 128,
      "losses": 106,
      "no_fills": 197,
      "open": 0,
      "pnl": 657.9799999999755,
      "trading_pnl": 657.9799999999755,
      "bonus": 0.0,
      "closed_lots": 3.9399999999999893,
      "equity_start": 1887.5100000000061,
      "equity_end": 2545.4899999999816,
      "win_rate_pct": 54.700854700854705,
      "pnl_pct": 34.859682862605936
    },
    {
      "month": "2025-10",
      "signals": 479,
      "wins": 189,
      "losses": 101,
      "no_fills": 127,
      "open": 0,
      "pnl": 1095.9599999999568,
      "trading_pnl": 1095.9599999999568,
      "bonus": 0.0,
      "closed_lots": 5.859999999999955,
      "equity_start": 2545.4899999999816,
      "equity_end": 3641.4499999999384,
      "win_rate_pct": 65.17241379310344,
      "pnl_pct": 43.05497173432089
    },
    {
      "month": "2025-11",
      "signals": 433,
      "wins": 144,
      "losses": 102,
      "no_fills": 123,
      "open": 0,
      "pnl": 415.7499999999627,
      "trading_pnl": 415.7499999999627,
      "bonus": 0.0,
      "closed_lots": 5.059999999999972,
      "equity_start": 3641.4499999999384,
      "equity_end": 4057.199999999901,
      "win_rate_pct": 58.536585365853654,
      "pnl_pct": 11.417155254087513
    },
    {
      "month": "2025-12",
      "signals": 459,
      "wins": 173,
      "losses": 104,
      "no_fills": 125,
      "open": 0,
      "pnl": 537.4299999999475,
      "trading_pnl": 537.4299999999475,
      "bonus": 0.0,
      "closed_lots": 5.18999999999996,
      "equity_start": 4057.199999999901,
      "equity_end": 4594.629999999848,
      "win_rate_pct": 62.454873646209386,
      "pnl_pct": 13.246327516512881
    },
    {
      "month": "2026-01",
      "signals": 447,
      "wins": 189,
      "losses": 91,
      "no_fills": 105,
      "open": 0,
      "pnl": 1363.3099999999486,
      "trading_pnl": 1363.3099999999486,
      "bonus": 0.0,
      "closed_lots": 5.719999999999958,
      "equity_start": 4594.629999999848,
      "equity_end": 5957.939999999797,
      "win_rate_pct": 67.5,
      "pnl_pct": 29.671812528973902
    },
    {
      "month": "2026-02",
      "signals": 430,
      "wins": 224,
      "losses": 106,
      "no_fills": 50,
      "open": 0,
      "pnl": 2021.699999999959,
      "trading_pnl": 2021.699999999959,
      "bonus": 0.0,
      "closed_lots": 6.909999999999937,
      "equity_start": 5957.939999999797,
      "equity_end": 7979.639999999756,
      "win_rate_pct": 67.87878787878789,
      "pnl_pct": 33.93286941459679
    },
    {
      "month": "2026-03",
      "signals": 466,
      "wins": 209,
      "losses": 127,
      "no_fills": 57,
      "open": 0,
      "pnl": 1576.4399999999823,
      "trading_pnl": 1576.4399999999823,
      "bonus": 0.0,
      "closed_lots": 7.359999999999925,
      "equity_start": 7979.639999999756,
      "equity_end": 9576.369999999755,
      "win_rate_pct": 62.202380952380956,
      "pnl_pct": 19.75577845617134
    },
    {
      "month": "2026-04",
      "signals": 437,
      "wins": 187,
      "losses": 121,
      "no_fills": 76,
      "open": 0,
      "pnl": 683.299999999992,
      "trading_pnl": 683.299999999992,
      "bonus": 0.0,
      "closed_lots": 6.12999999999995,
      "equity_start": 9556.079999999754,
      "equity_end": 10239.379999999739,
      "win_rate_pct": 60.71428571428571,
      "pnl_pct": 7.1504215117496885
    },
    {
      "month": "2026-05",
      "signals": 449,
      "wins": 173,
      "losses": 124,
      "no_fills": 97,
      "open": 0,
      "pnl": 712.1899999999969,
      "trading_pnl": 712.1899999999969,
      "bonus": 0.0,
      "closed_lots": 5.809999999999956,