{
  "rank": 4,
  "candidate_id": "bb3451562613809b",
  "filter_preset": "self_limit",
  "metrics": {
    "candidate_id": "bb3451562613809b",
    "filter_preset": "self_limit",
    "passes_recommendation_gate": false,
    "passes_dd": false,
    "passes_edge": true,
    "passes_consistency": true,
    "passes_oos": true,
    "score": 21946.53833333263,
    "fixed_no_bonus_profit": 21808.269999999247,
    "fixed_with_bonus_profit": 22389.009999999224,
    "bonus_contribution": 580.7399999999761,
    "concurrent_risk_max_dd_pct": 72.20293342895454,
    "risk_net_profit_with_bonus": 16241909532.66002,
    "stable_months": 15,
    "total_months": 18,
    "stable_fraction": 0.8333333333333334,
    "worst_month_pnl": -947.4900000000061,
    "oos_fixed_no_bonus_profit": 15091.919999999694
  },
  "monthly": [
    {
      "month": "2025-01",
      "signals": 446,
      "wins": 73,
      "losses": 65,
      "no_fills": 308,
      "open": 0,
      "pnl": -271.42999999998847,
      "trading_pnl": -271.42999999998847,
      "bonus": 0.0,
      "closed_lots": 4.77,
      "equity_start": 1000.0,
      "equity_end": 728.5700000000115,
      "win_rate_pct": 52.89855072463768,
      "pnl_pct": -27.142999999998846
    },
    {
      "month": "2025-02",
      "signals": 419,
      "wins": 130,
      "losses": 61,
      "no_fills": 228,
      "open": 0,
      "pnl": 1133.629999999927,
      "trading_pnl": 1133.629999999927,
      "bonus": 0.0,
      "closed_lots": 7.030000000000002,
      "equity_start": 728.5700000000115,
      "equity_end": 1862.1999999999384,
      "win_rate_pct": 68.06282722513089,
      "pnl_pct": 155.59657960112398
    },
    {
      "month": "2025-03",
      "signals": 446,
      "wins": 127,
      "losses": 77,
      "no_fills": 240,
      "open": 0,
      "pnl": 857.9300000000248,
      "trading_pnl": 857.9300000000248,
      "bonus": 0.0,
      "closed_lots": 7.399999999999999,
      "equity_start": 1862.1999999999384,
      "equity_end": 2720.1299999999633,
      "win_rate_pct": 62.254901960784316,
      "pnl_pct": 46.070776500915755
    },
    {
      "month": "2025-04",
      "signals": 459,
      "wins": 219,
      "losses": 107,
      "no_fills": 129,
      "open": 0,
      "pnl": 788.3000000000111,
      "trading_pnl": 788.3000000000111,
      "bonus": 0.0,
      "closed_lots": 12.439999999999909,
      "equity_start": 2720.1299999999633,
      "equity_end": 3508.4299999999744,
      "win_rate_pct": 67.17791411042946,
      "pnl_pct": 28.980232562415097
    },
    {
      "month": "2025-05",
      "signals": 448,
      "wins": 193,
      "losses": 110,
      "no_fills": 140,
      "open": 0,
      "pnl": 329.54000000007727,
      "trading_pnl": 329.54000000007727,
      "bonus": 0.0,
      "closed_lots": 11.589999999999927,
      "equity_start": 3508.4299999999744,
      "equity_end": 3837.9700000000516,
      "win_rate_pct": 63.6963696369637,
      "pnl_pct": 9.39280532888157
    },
    {
      "month": "2025-06",
      "signals": 440,
      "wins": 168,
      "losses": 100,
      "no_fills": 172,
      "open": 0,
      "pnl": 139.70000000001028,
      "trading_pnl": 139.70000000001028,
      "bonus": 0.0,
      "closed_lots": 9.949999999999962,
      "equity_start": 3837.9700000000516,
      "equity_end": 3977.67000000006,
      "win_rate_pct": 62.68656716417911,
      "pnl_pct": 3.6399450751310827
    },
    {
      "month": "2025-07",
      "signals": 471,
      "wins": 100,
      "losses": 106,
      "no_fills": 265,
      "open": 0,
      "pnl": -947.4900000000061,
      "trading_pnl": -947.4900000000061,
      "bonus": 0.0,
      "closed_lots": 7.720000000000003,
      "equity_start": 3977.67000000006,
      "equity_end": 3030.1800000000535,
      "win_rate_pct": 48.54368932038835,
      "pnl_pct": -23.8202264139557
    },
    {
      "month": "2025-08",
      "signals": 454,
      "wins": 128,
      "losses": 87,
      "no_fills": 238,
      "open": 0,
      "pnl": 286.29999999991423,
      "trading_pnl": 286.29999999991423,
      "bonus": 0.0,
      "closed_lots": 7.509999999999999,
      "equity_start": 3030.1800000000535,
      "equity_end": 3316.4799999999677,
      "win_rate_pct": 59.53488372093023,
      "pnl_pct": 9.448283600311177
    },
    {
      "month": "2025-09",
      "signals": 469,
      "wins": 188,
      "losses": 83,
      "no_fills": 197,
      "open": 0,
      "pnl": 1283.799999999922,
      "trading_pnl": 1283.799999999922,
      "bonus": 0.0,
      "closed_lots": 10.069999999999958,
      "equity_start": 3316.4799999999677,
      "equity_end": 4609.079999999892,
      "win_rate_pct": 69.37269372693727,
      "pnl_pct": 38.70971632574098
    },
    {
      "month": "2025-10",
      "signals": 479,
      "wins": 266,
      "losses": 81,
      "no_fills": 127,
      "open": 0,
      "pnl": 2576.579999999852,
      "trading_pnl": 2576.579999999852,
      "bonus": 0.0,
      "closed_lots": 13.459999999999887,
      "equity_start": 4600.279999999892,
      "equity_end": 7176.8599999997405,
      "win_rate_pct": 76.657060518732,
      "pnl_pct": 56.00919944003218
    },
    {
      "month": "2025-11",
      "signals": 433,
      "wins": 211,
      "losses": 97,
      "no_fills": 122,
      "open": 0,
      "pnl": -6.360000000111086,
      "trading_pnl": -6.360000000111086,
      "bonus": 0.0,
      "closed_lots": 11.839999999999922,
      "equity_start": 7176.8599999997405,
      "equity_end": 7170.499999999628,
      "win_rate_pct": 68.5064935064935,
      "pnl_pct": -0.08861814219744173
    },
    {
      "month": "2025-12",
      "signals": 459,
      "wins": 233,
      "losses": 96,
      "no_fills": 125,
      "open": 0,
      "pnl": 545.8499999998912,
      "trading_pnl": 545.8499999998912,
      "bonus": 0.0,
      "closed_lots": 12.589999999999904,
      "equity_start": 7170.499999999628,
      "equity_end": 7716.349999999519,
      "win_rate_pct": 70.82066869300911,
      "pnl_pct": 7.612439857749384
    },
    {
      "month": "2026-01",
      "signals": 447,
      "wins": 258,
      "losses": 69,
      "no_fills": 106,
      "open": 0,
      "pnl": 2748.609999999834,
      "trading_pnl": 2748.609999999834,
      "bonus": 0.0,
      "closed_lots": 12.919999999999899,
      "equity_start": 7716.349999999519,
      "equity_end": 10464.959999999344,
      "win_rate_pct": 78.89908256880734,
      "pnl_pct": 35.620597821508944
    },
    {
      "month": "2026-02",
      "signals": 430,
      "wins": 282,
      "losses": 74,
      "no_fills": 50,
      "open": 0,
      "pnl": 4223.149999999867,
      "trading_pnl": 4223.149999999867,
      "bonus": 0.0,
      "closed_lots": 14.889999999999858,
      "equity_start": 10464.959999999344,
      "equity_end": 14688.109999999215,
      "win_rate_pct": 79.21348314606742,
      "pnl_pct": 40.355147081308786
    },
    {
      "month": "2026-03",
      "signals": 466,
      "wins": 292,
      "losses": 100,
      "no_fills": 57,
      "open": 0,
      "pnl": 3538.289999999978,
      "trading_pnl": 3538.289999999978,
      "bonus": 0.0,
      "closed_lots": 16.039999999999832,
      "equity_start": 14688.109999999215,
      "equity_end": 18304.5999999992,
      "win_rate_pct": 74.48979591836735,
      "pnl_pct": 24.089484623958885
    },
    {
      "month": "2026-04",
      "signals": 437,
      "wins": 262,
      "losses": 92,
      "no_fills": 76,
      "open": 0,
      "pnl": 1481.7399999999998,
      "trading_pnl": 1481.7399999999998,
      "bonus": 0.0,
      "closed_lots": 13.989999999999878,
      "equity_start": 18226.399999999194,
      "equity_end": 19778.699999999226,
      "win_rate_pct": 74.01129943502825,
      "pnl_pct": 8.129636132204194
    },
    {
      "month": "2026-05",
      "signals": 449,
      "wins": 258,
      "losses": 85,
      "no_fills": 97,
      "open": 0,
      "pnl": 2145.759999999982,
      "trading_pnl": 2145.759999999982,
      "bonus": 0.0,
      "closed_lots": 13.489999999999887,
      "equity_start": 19688.63999999922,