{
  "rank": 10,
  "candidate_id": "f3781547ef4d3d97",
  "filter_preset": "self_limit",
  "metrics": {
    "bonus_contribution": 8.219999999992524,
    "candidate_id": "f3781547ef4d3d97",
    "concurrent_risk_max_dd_pct": 19.685445140425863,
    "filter_preset": "self_limit",
    "fixed_no_bonus_profit": 243.2899999999854,
    "fixed_with_bonus_profit": 251.50999999997794,
    "oos_fixed_no_bonus_profit": 187.97999999999683,
    "passes_consistency": true,
    "passes_dd": true,
    "passes_edge": true,
    "passes_oos": true,
    "passes_recommendation_gate": true,
    "risk_net_profit_with_bonus": 611.0334999999536,
    "score": 209.18833333332282,
    "stable_fraction": 0.6666666666666666,
    "stable_months": 12,
    "total_months": 18,
    "worst_month_pnl": -13.955500000001848
  },
  "monthly": [
    {
      "month": "2025-01",
      "signals": 25,
      "wins": 4,
      "losses": 4,
      "no_fills": 17,
      "open": 0,
      "pnl": 1.8500000000003638,
      "trading_pnl": 1.8500000000003638,
      "bonus": 0.0,
      "closed_lots": 0.08,
      "equity_start": 1000.0,
      "equity_end": 1001.8500000000004,
      "win_rate_pct": 50.0,
      "pnl_pct": 0.18500000000003639
    },
    {
      "month": "2025-02",
      "signals": 23,
      "wins": 7,
      "losses": 5,
      "no_fills": 11,
      "open": 0,
      "pnl": -10.409000000002834,
      "trading_pnl": -10.409000000002834,
      "bonus": 0.0,
      "closed_lots": 0.11999999999999998,
      "equity_start": 1001.8500000000004,
      "equity_end": 991.4409999999975,
      "win_rate_pct": 58.333333333333336,
      "pnl_pct": -1.0389778909021141
    },
    {
      "month": "2025-03",
      "signals": 31,
      "wins": 12,
      "losses": 6,
      "no_fills": 13,
      "open": 0,
      "pnl": 1.1465000000007421,
      "trading_pnl": 1.1465000000007421,
      "bonus": 0.0,
      "closed_lots": 0.18000000000000002,
      "equity_start": 991.4409999999975,
      "equity_end": 992.5874999999983,
      "win_rate_pct": 66.66666666666666,
      "pnl_pct": 0.11563976071200857
    },
    {
      "month": "2025-04",
      "signals": 24,
      "wins": 9,
      "losses": 4,
      "no_fills": 11,
      "open": 0,
      "pnl": -8.399999999998727,
      "trading_pnl": -8.399999999998727,
      "bonus": 0.0,
      "closed_lots": 0.12999999999999998,
      "equity_start": 992.5874999999983,
      "equity_end": 984.1874999999995,
      "win_rate_pct": 69.23076923076923,
      "pnl_pct": -0.8462729986020114
    },
    {
      "month": "2025-05",
      "signals": 30,
      "wins": 12,
      "losses": 2,
      "no_fills": 16,
      "open": 0,
      "pnl": 35.36000000000149,
      "trading_pnl": 35.36000000000149,
      "bonus": 0.0,
      "closed_lots": 0.13999999999999999,
      "equity_start": 984.1874999999995,
      "equity_end": 1019.547500000001,
      "win_rate_pct": 85.71428571428571,
      "pnl_pct": 3.592811329142212
    },
    {
      "month": "2025-06",
      "signals": 31,
      "wins": 15,
      "losses": 5,
      "no_fills": 11,
      "open": 0,
      "pnl": -8.87850000000026,
      "trading_pnl": -8.87850000000026,
      "bonus": 0.0,
      "closed_lots": 0.20000000000000004,
      "equity_start": 1019.547500000001,
      "equity_end": 1010.6690000000008,
      "win_rate_pct": 75.0,
      "pnl_pct": -0.8708274994544395
    },
    {
      "month": "2025-07",
      "signals": 28,
      "wins": 3,
      "losses": 7,
      "no_fills": 18,
      "open": 0,
      "pnl": -13.580500000000029,
      "trading_pnl": -13.580500000000029,
      "bonus": 0.0,
      "closed_lots": 0.09999999999999999,
      "equity_start": 1010.6690000000008,
      "equity_end": 997.0885000000007,
      "win_rate_pct": 30.0,
      "pnl_pct": -1.3437139162277678
    },
    {
      "month": "2025-08",
      "signals": 31,
      "wins": 10,
      "losses": 8,
      "no_fills": 13,
      "open": 0,
      "pnl": -13.955500000001848,
      "trading_pnl": -13.955500000001848,
      "bonus": 0.0,
      "closed_lots": 0.18000000000000002,
      "equity_start": 997.0885000000007,
      "equity_end": 983.1329999999989,
      "win_rate_pct": 55.55555555555556,
      "pnl_pct": -1.3996250082115917
    },
    {
      "month": "2025-09",
      "signals": 23,
      "wins": 11,
      "losses": 4,
      "no_fills": 8,
      "open": 0,
      "pnl": 23.519999999999072,
      "trading_pnl": 23.519999999999072,
      "bonus": 0.0,
      "closed_lots": 0.15,
      "equity_start": 983.1329999999989,
      "equity_end": 1006.652999999998,
      "win_rate_pct": 73.33333333333333,
      "pnl_pct": 2.392351797772946
    },
    {
      "month": "2025-10",
      "signals": 25,
      "wins": 10,
      "losses": 3,
      "no_fills": 12,
      "open": 0,
      "pnl": -8.664000000000215,
      "trading_pnl": -8.664000000000215,
      "bonus": 0.0,
      "closed_lots": 0.12999999999999998,
      "equity_start": 1006.652999999998,
      "equity_end": 997.9889999999978,
      "win_rate_pct": 76.92307692307693,
      "pnl_pct": -0.8606739363018072
    },
    {
      "month": "2025-11",
      "signals": 29,
      "wins": 16,
      "losses": 4,
      "no_fills": 9,
      "open": 0,
      "pnl": 21.490999999997257,
      "trading_pnl": 21.490999999997257,
      "bonus": 0.0,
      "closed_lots": 0.20000000000000004,
      "equity_start": 997.9889999999978,
      "equity_end": 1019.479999999995,
      "win_rate_pct": 80.0,
      "pnl_pct": 2.1534305488334344
    },
    {
      "month": "2025-12",
      "signals": 36,
      "wins": 20,
      "losses": 4,
      "no_fills": 12,
      "open": 0,
      "pnl": 35.82999999999356,
      "trading_pnl": 35.82999999999356,
      "bonus": 0.0,
      "closed_lots": 0.24000000000000007,
      "equity_start": 1019.479999999995,
      "equity_end": 1055.3099999999886,
      "win_rate_pct": 83.33333333333334,
      "pnl_pct": 3.514536822693308
    },
    {
      "month": "2026-01",
      "signals": 17,
      "wins": 13,
      "losses": 1,
      "no_fills": 3,
      "open": 0,
      "pnl": 39.67999999999938,
      "trading_pnl": 39.67999999999938,
      "bonus": 0.0,
      "closed_lots": 0.13999999999999999,
      "equity_start": 1055.3099999999886,
      "equity_end": 1094.989999999988,
      "win_rate_pct": 92.85714285714286,
      "pnl_pct": 3.7600325970567714
    },
    {
      "month": "2026-02",
      "signals": 19,
      "wins": 12,
      "losses": 2,
      "no_fills": 5,
      "open": 0,
      "pnl": 21.320000000001528,
      "trading_pnl": 21.320000000001528,
      "bonus": 0.0,
      "closed_lots": 0.13999999999999999,
      "equity_start": 1094.989999999988,
      "equity_end": 1116.3099999999895,
      "win_rate_pct": 85.71428571428571,
      "pnl_pct": 1.9470497447466883
    },
    {
      "month": "2026-03",
      "signals": 36,
      "wins": 20,
      "losses": 1,
      "no_fills": 15,
      "open": 0,
      "pnl": 51.00999999999931,
      "trading_pnl": 51.00999999999931,
      "bonus": 0.0,
      "closed_lots": 0.21000000000000005,
      "equity_start": 1116.3099999999895,
      "equity_end": 1167.3199999999888,
      "win_rate_pct": 95.23809523809523,
      "pnl_pct": 4.569519219571606
    },
    {
      "month": "2026-04",
      "signals": 36,
      "wins": 16,
      "losses": 1,
      "no_fills": 19,
      "open": 0,
      "pnl": 32.789999999999054,
      "trading_pnl": 32.789999999999054,
      "bonus": 0.0,
      "closed_lots": 0.17,
      "equity_start": 1167.3199999999888,
      "equity_end": 1200.1099999999878,
      "win_rate_pct": 94.11764705882352,
      "pnl_pct": 2.8089983894732695
    },
    {
      "month": "2026-05",
      "signals": 31,
      "wins": 14,
      "losses": 4,
      "no_fills": 13,
      "open": 0,
      "pnl": 13.079999999999018,
      "trading_pnl": 13.079999999999018,
      "bonus": 0.0,
      "closed_lots": 0.18000000000000002,
      "equity_start": 1200.1099999999878,
      "equity_end": 1213.1899999999869,
      "win_rate_pct": 77.77777777777779,