{
  "rank": 2,
  "candidate_id": "1c12c691874bfbd7",
  "filter_preset": "self_limit",
  "metrics": {
    "bonus_contribution": 39.119999999984884,
    "candidate_id": "1c12c691874bfbd7",
    "concurrent_risk_max_dd_pct": 20.614500000001122,
    "filter_preset": "self_limit",
    "fixed_no_bonus_profit": 1486.5289999999845,
    "fixed_with_bonus_profit": 1525.6489999999694,
    "oos_fixed_no_bonus_profit": 952.676000000004,
    "passes_consistency": true,
    "passes_dd": true,
    "passes_edge": true,
    "passes_oos": true,
    "passes_recommendation_gate": true,
    "risk_net_profit_with_bonus": 1409.5354999999477,
    "score": 1394.3582222222112,
    "stable_fraction": 0.7777777777777778,
    "stable_months": 14,
    "total_months": 18,
    "worst_month_pnl": -58.99099999999771
  },
  "monthly": [
    {
      "month": "2025-01",
      "signals": 57,
      "wins": 17,
      "losses": 10,
      "no_fills": 30,
      "open": 0,
      "pnl": -41.654000000000906,
      "trading_pnl": -41.654000000000906,
      "bonus": 0.0,
      "closed_lots": 0.6900000000000003,
      "equity_start": 1000.0,
      "equity_end": 958.3459999999991,
      "win_rate_pct": 62.96296296296296,
      "pnl_pct": -4.165400000000091
    },
    {
      "month": "2025-02",
      "signals": 42,
      "wins": 15,
      "losses": 7,
      "no_fills": 20,
      "open": 0,
      "pnl": -58.753000000004704,
      "trading_pnl": -58.753000000004704,
      "bonus": 0.0,
      "closed_lots": 0.5100000000000002,
      "equity_start": 958.3459999999991,
      "equity_end": 899.5929999999944,
      "win_rate_pct": 68.18181818181817,
      "pnl_pct": -6.130666794665472
    },
    {
      "month": "2025-03",
      "signals": 50,
      "wins": 24,
      "losses": 9,
      "no_fills": 17,
      "open": 0,
      "pnl": 20.80000000000109,
      "trading_pnl": 20.80000000000109,
      "bonus": 0.0,
      "closed_lots": 0.8000000000000005,
      "equity_start": 899.5929999999944,
      "equity_end": 920.3929999999955,
      "win_rate_pct": 72.72727272727273,
      "pnl_pct": 2.3121567197611834
    },
    {
      "month": "2025-04",
      "signals": 48,
      "wins": 26,
      "losses": 2,
      "no_fills": 19,
      "open": 0,
      "pnl": 119.6065000000035,
      "trading_pnl": 119.6065000000035,
      "bonus": 0.0,
      "closed_lots": 0.6800000000000004,
      "equity_start": 920.3929999999955,
      "equity_end": 1039.999499999999,
      "win_rate_pct": 92.85714285714286,
      "pnl_pct": 12.995155330386488
    },
    {
      "month": "2025-05",
      "signals": 55,
      "wins": 23,
      "losses": 4,
      "no_fills": 27,
      "open": 0,
      "pnl": 26.305000000008476,
      "trading_pnl": 26.305000000008476,
      "bonus": 0.0,
      "closed_lots": 0.6800000000000004,
      "equity_start": 1039.999499999999,
      "equity_end": 1066.3045000000075,
      "win_rate_pct": 85.18518518518519,
      "pnl_pct": 2.5293281391008846
    },
    {
      "month": "2025-06",
      "signals": 57,
      "wins": 23,
      "losses": 12,
      "no_fills": 22,
      "open": 0,
      "pnl": -58.99099999999771,
      "trading_pnl": -58.99099999999771,
      "bonus": 0.0,
      "closed_lots": 0.8700000000000006,
      "equity_start": 1066.3045000000075,
      "equity_end": 1007.3135000000098,
      "win_rate_pct": 65.71428571428571,
      "pnl_pct": -5.53228463351672
    },
    {
      "month": "2025-07",
      "signals": 55,
      "wins": 18,
      "losses": 7,
      "no_fills": 30,
      "open": 0,
      "pnl": -8.019500000001699,
      "trading_pnl": -8.019500000001699,
      "bonus": 0.0,
      "closed_lots": 0.6200000000000003,
      "equity_start": 1007.3135000000098,
      "equity_end": 999.294000000008,
      "win_rate_pct": 72.0,
      "pnl_pct": -0.7961275213726036
    },
    {
      "month": "2025-08",
      "signals": 52,
      "wins": 24,
      "losses": 7,
      "no_fills": 21,
      "open": 0,
      "pnl": 81.29699999999639,
      "trading_pnl": 81.29699999999639,
      "bonus": 0.0,
      "closed_lots": 0.7000000000000004,
      "equity_start": 999.294000000008,
      "equity_end": 1080.5910000000044,
      "win_rate_pct": 77.41935483870968,
      "pnl_pct": 8.13544362319755
    },
    {
      "month": "2025-09",
      "signals": 45,
      "wins": 20,
      "losses": 9,
      "no_fills": 15,
      "open": 0,
      "pnl": 135.0354999999945,
      "trading_pnl": 135.0354999999945,
      "bonus": 0.0,
      "closed_lots": 0.7200000000000004,
      "equity_start": 1080.5910000000044,
      "equity_end": 1215.626499999999,
      "win_rate_pct": 68.96551724137932,
      "pnl_pct": 12.496448702607548
    },
    {
      "month": "2025-10",
      "signals": 51,
      "wins": 21,
      "losses": 6,
      "no_fills": 23,
      "open": 0,
      "pnl": 64.5464999999981,
      "trading_pnl": 64.5464999999981,
      "bonus": 0.0,
      "closed_lots": 0.7100000000000004,
      "equity_start": 1215.626499999999,
      "equity_end": 1280.172999999997,
      "win_rate_pct": 77.77777777777779,
      "pnl_pct": 5.309731237349478
    },
    {
      "month": "2025-11",
      "signals": 52,
      "wins": 28,
      "losses": 3,
      "no_fills": 20,
      "open": 0,
      "pnl": 83.59999999999354,
      "trading_pnl": 83.59999999999354,
      "bonus": 0.0,
      "closed_lots": 0.7400000000000004,
      "equity_start": 1280.172999999997,
      "equity_end": 1363.7729999999906,
      "win_rate_pct": 90.32258064516128,
      "pnl_pct": 6.530367380033303
    },
    {
      "month": "2025-12",
      "signals": 62,
      "wins": 37,
      "losses": 2,
      "no_fills": 23,
      "open": 0,
      "pnl": 170.07999999998992,
      "trading_pnl": 170.07999999998992,
      "bonus": 0.0,
      "closed_lots": 0.9500000000000005,
      "equity_start": 1363.7729999999906,
      "equity_end": 1533.8529999999805,
      "win_rate_pct": 94.87179487179486,
      "pnl_pct": 12.471283710704869
    },
    {
      "month": "2026-01",
      "signals": 45,
      "wins": 25,
      "losses": 4,
      "no_fills": 16,
      "open": 0,
      "pnl": 99.44049999999515,
      "trading_pnl": 99.44049999999515,
      "bonus": 0.0,
      "closed_lots": 0.7300000000000003,
      "equity_start": 1533.8529999999805,
      "equity_end": 1633.2934999999757,
      "win_rate_pct": 86.20689655172413,
      "pnl_pct": 6.4830528088412915
    },
    {
      "month": "2026-02",
      "signals": 53,
      "wins": 23,
      "losses": 3,
      "no_fills": 24,
      "open": 0,
      "pnl": 244.06000000000495,
      "trading_pnl": 244.06000000000495,
      "bonus": 0.0,
      "closed_lots": 0.7000000000000003,
      "equity_start": 1633.2934999999757,
      "equity_end": 1877.3534999999806,
      "win_rate_pct": 88.46153846153845,
      "pnl_pct": 14.942813401266127
    },
    {
      "month": "2026-03",
      "signals": 64,
      "wins": 36,
      "losses": 4,
      "no_fills": 22,
      "open": 0,
      "pnl": 265.6825000000026,
      "trading_pnl": 265.6825000000026,
      "bonus": 0.0,
      "closed_lots": 0.9800000000000005,
      "equity_start": 1877.3534999999806,
      "equity_end": 2143.0359999999832,
      "win_rate_pct": 90.0,
      "pnl_pct": 14.151969780864679
    },
    {
      "month": "2026-04",
      "signals": 55,
      "wins": 29,
      "losses": 2,
      "no_fills": 23,
      "open": 0,
      "pnl": 163.1429999999964,
      "trading_pnl": 163.1429999999964,
      "bonus": 0.0,
      "closed_lots": 0.7600000000000005,
      "equity_start": 2143.0359999999832,
      "equity_end": 2306.1789999999796,
      "win_rate_pct": 93.54838709677419,
      "pnl_pct": 7.612704592923201
    },
    {
      "month": "2026-05",
      "signals": 54,
      "wins": 26,
      "losses": 7,
      "no_fills": 21,
      "open": 0,
      "pnl": 96.6304999999993,
      "trading_pnl": 96.6304999999993,
      "bonus": 0.0,
      "closed_lots": 0.8100000000000004,
      "equity_start": 2306.1789999999796,
      "equity_end": 2402.809499999979,
      "win_rate_pct": 78.78787878787878,