{
  "rank": 3,
  "candidate_id": "0e86921b1c5e32b7",
  "filter_preset": "self_limit",
  "metrics": {
    "candidate_id": "0e86921b1c5e32b7",
    "filter_preset": "self_limit",
    "passes_recommendation_gate": true,
    "passes_dd": true,
    "passes_edge": true,
    "passes_consistency": true,
    "passes_oos": true,
    "score": 1359.6813333333155,
    "fixed_no_bonus_profit": 1460.99549999998,
    "fixed_with_bonus_profit": 1500.1154999999694,
    "bonus_contribution": 39.11999999998943,
    "concurrent_risk_max_dd_pct": 21.15855000000015,
    "risk_net_profit_with_bonus": 1359.2144999999527,
    "stable_months": 14,
    "total_months": 18,
    "stable_fraction": 0.7777777777777778,
    "worst_month_pnl": -108.83949999999868,
    "oos_fixed_no_bonus_profit": 893.4059999999909
  },
  "monthly": [
    {
      "month": "2025-01",
      "signals": 57,
      "wins": 16,
      "losses": 11,
      "no_fills": 30,
      "open": 0,
      "pnl": -57.09199999999828,
      "trading_pnl": -57.09199999999828,
      "bonus": 0.0,
      "closed_lots": 0.6900000000000003,
      "equity_start": 1000.0,
      "equity_end": 942.9080000000017,
      "win_rate_pct": 59.25925925925925,
      "pnl_pct": -5.709199999999828
    },
    {
      "month": "2025-02",
      "signals": 42,
      "wins": 14,
      "losses": 8,
      "no_fills": 20,
      "open": 0,
      "pnl": -50.10950000000366,
      "trading_pnl": -50.10950000000366,
      "bonus": 0.0,
      "closed_lots": 0.5100000000000002,
      "equity_start": 942.9080000000017,
      "equity_end": 892.7984999999981,
      "win_rate_pct": 63.63636363636363,
      "pnl_pct": -5.314357286183124
    },
    {
      "month": "2025-03",
      "signals": 50,
      "wins": 23,
      "losses": 10,
      "no_fills": 17,
      "open": 0,
      "pnl": 17.365000000000236,
      "trading_pnl": 17.365000000000236,
      "bonus": 0.0,
      "closed_lots": 0.8000000000000005,
      "equity_start": 892.7984999999981,
      "equity_end": 910.1634999999983,
      "win_rate_pct": 69.6969696969697,
      "pnl_pct": 1.9450077481089265
    },
    {
      "month": "2025-04",
      "signals": 48,
      "wins": 24,
      "losses": 5,
      "no_fills": 19,
      "open": 0,
      "pnl": 124.62000000000535,
      "trading_pnl": 124.62000000000535,
      "bonus": 0.0,
      "closed_lots": 0.6800000000000004,
      "equity_start": 910.1634999999983,
      "equity_end": 1034.7835000000036,
      "win_rate_pct": 82.75862068965517,
      "pnl_pct": 13.692045440188009
    },
    {
      "month": "2025-05",
      "signals": 55,
      "wins": 18,
      "losses": 10,
      "no_fills": 27,
      "open": 0,
      "pnl": -32.94549999999208,
      "trading_pnl": -32.94549999999208,
      "bonus": 0.0,
      "closed_lots": 0.6800000000000004,
      "equity_start": 1034.7835000000036,
      "equity_end": 1001.8380000000116,
      "win_rate_pct": 64.28571428571429,
      "pnl_pct": -3.1838060811746574
    },
    {
      "month": "2025-06",
      "signals": 57,
      "wins": 20,
      "losses": 15,
      "no_fills": 22,
      "open": 0,
      "pnl": -108.83949999999868,
      "trading_pnl": -108.83949999999868,
      "bonus": 0.0,
      "closed_lots": 0.8700000000000006,
      "equity_start": 1001.8380000000116,
      "equity_end": 892.9985000000129,
      "win_rate_pct": 57.14285714285714,
      "pnl_pct": -10.863982001081753
    },
    {
      "month": "2025-07",
      "signals": 55,
      "wins": 18,
      "losses": 7,
      "no_fills": 30,
      "open": 0,
      "pnl": 23.005999999999858,
      "trading_pnl": 23.005999999999858,
      "bonus": 0.0,
      "closed_lots": 0.6200000000000003,
      "equity_start": 892.9985000000129,
      "equity_end": 916.0045000000127,
      "win_rate_pct": 72.0,
      "pnl_pct": 2.57626412586354
    },
    {
      "month": "2025-08",
      "signals": 52,
      "wins": 22,
      "losses": 9,
      "no_fills": 21,
      "open": 0,
      "pnl": 66.92149999999674,
      "trading_pnl": 66.92149999999674,
      "bonus": 0.0,
      "closed_lots": 0.7000000000000004,
      "equity_start": 916.0045000000127,
      "equity_end": 982.9260000000095,
      "win_rate_pct": 70.96774193548387,
      "pnl_pct": 7.3058047203912
    },
    {
      "month": "2025-09",
      "signals": 45,
      "wins": 21,
      "losses": 9,
      "no_fills": 15,
      "open": 0,
      "pnl": 139.9694999999956,
      "trading_pnl": 139.9694999999956,
      "bonus": 0.0,
      "closed_lots": 0.7200000000000004,
      "equity_start": 982.9260000000095,
      "equity_end": 1122.895500000005,
      "win_rate_pct": 70.0,
      "pnl_pct": 14.240085214959647
    },
    {
      "month": "2025-10",
      "signals": 51,
      "wins": 23,
      "losses": 5,
      "no_fills": 23,
      "open": 0,
      "pnl": 63.57099999999491,
      "trading_pnl": 63.57099999999491,
      "bonus": 0.0,
      "closed_lots": 0.7100000000000004,
      "equity_start": 1122.895500000005,
      "equity_end": 1186.4665,
      "win_rate_pct": 82.14285714285714,
      "pnl_pct": 5.661346046893466
    },
    {
      "month": "2025-11",
      "signals": 52,
      "wins": 28,
      "losses": 3,
      "no_fills": 20,
      "open": 0,
      "pnl": 137.26999999999362,
      "trading_pnl": 137.26999999999362,
      "bonus": 0.0,
      "closed_lots": 0.7400000000000004,
      "equity_start": 1186.4665,
      "equity_end": 1323.7364999999936,
      "win_rate_pct": 90.32258064516128,
      "pnl_pct": 11.569648194870535
    },
    {
      "month": "2025-12",
      "signals": 62,
      "wins": 35,
      "losses": 4,
      "no_fills": 23,
      "open": 0,
      "pnl": 243.85299999999552,
      "trading_pnl": 243.85299999999552,
      "bonus": 0.0,
      "closed_lots": 0.9500000000000005,
      "equity_start": 1323.7364999999936,
      "equity_end": 1567.5894999999891,
      "win_rate_pct": 89.74358974358975,
      "pnl_pct": 18.42156652777926
    },
    {
      "month": "2026-01",
      "signals": 45,
      "wins": 23,
      "losses": 6,
      "no_fills": 16,
      "open": 0,
      "pnl": 21.50749999999607,
      "trading_pnl": 21.50749999999607,
      "bonus": 0.0,
      "closed_lots": 0.7300000000000003,
      "equity_start": 1567.5894999999891,
      "equity_end": 1589.0969999999852,
      "win_rate_pct": 79.3103448275862,
      "pnl_pct": 1.3720109760875676
    },
    {
      "month": "2026-02",
      "signals": 53,
      "wins": 24,
      "losses": 3,
      "no_fills": 24,
      "open": 0,
      "pnl": 242.51200000000335,
      "trading_pnl": 242.51200000000335,
      "bonus": 0.0,
      "closed_lots": 0.7000000000000003,
      "equity_start": 1589.0969999999852,
      "equity_end": 1831.6089999999886,
      "win_rate_pct": 88.88888888888889,
      "pnl_pct": 15.26099413692214
    },
    {
      "month": "2026-03",
      "signals": 64,
      "wins": 39,
      "losses": 3,
      "no_fills": 22,
      "open": 0,
      "pnl": 371.420000000001,
      "trading_pnl": 371.420000000001,
      "bonus": 0.0,
      "closed_lots": 0.9800000000000005,
      "equity_start": 1831.6089999999886,
      "equity_end": 2203.0289999999895,
      "win_rate_pct": 92.85714285714286,
      "pnl_pct": 20.27834543289552
    },
    {
      "month": "2026-04",
      "signals": 55,
      "wins": 29,
      "losses": 3,
      "no_fills": 23,
      "open": 0,
      "pnl": 182.76699999999073,
      "trading_pnl": 182.76699999999073,
      "bonus": 0.0,
      "closed_lots": 0.7600000000000005,
      "equity_start": 2203.0289999999895,
      "equity_end": 2385.7959999999803,
      "win_rate_pct": 90.625,
      "pnl_pct": 8.2961685933318
    },
    {
      "month": "2026-05",
      "signals": 54,
      "wins": 24,
      "losses": 9,
      "no_fills": 21,
      "open": 0,
      "pnl": 25.64049999999679,
      "trading_pnl": 25.64049999999679,
      "bonus": 0.0,
      "closed_lots": 0.8100000000000004,
      "equity_start": 2385.7959999999803,
      "equity_end": 2411.436499999977,
      "win_rate_pct": 72.72727272727273,