{
  "rank": 4,
  "candidate_id": "64173564b2c411b1",
  "filter_preset": "self_limit",
  "metrics": {
    "bonus_contribution": 44.09999999999491,
    "candidate_id": "64173564b2c411b1",
    "concurrent_risk_max_dd_pct": 39.65444309460505,
    "filter_preset": "self_limit",
    "fixed_no_bonus_profit": 1511.3829999999443,
    "fixed_with_bonus_profit": 1555.4829999999392,
    "oos_fixed_no_bonus_profit": 1275.3249999999744,
    "passes_consistency": true,
    "passes_dd": true,
    "passes_edge": true,
    "passes_oos": true,
    "passes_recommendation_gate": true,
    "risk_net_profit_with_bonus": 1389.513999999926,
    "score": 1326.419916666623,
    "stable_fraction": 0.6666666666666666,
    "stable_months": 12,
    "total_months": 18,
    "worst_month_pnl": -268.800999999989
  },
  "monthly": [
    {
      "month": "2025-01",
      "signals": 57,
      "wins": 15,
      "losses": 15,
      "no_fills": 27,
      "open": 0,
      "pnl": -45.192999999999756,
      "trading_pnl": -45.192999999999756,
      "bonus": 0.0,
      "closed_lots": 0.7500000000000004,
      "equity_start": 1000.0,
      "equity_end": 954.8070000000002,
      "win_rate_pct": 50.0,
      "pnl_pct": -4.5192999999999754
    },
    {
      "month": "2025-02",
      "signals": 42,
      "wins": 11,
      "losses": 12,
      "no_fills": 19,
      "open": 0,
      "pnl": -138.26800000001003,
      "trading_pnl": -138.26800000001003,
      "bonus": 0.0,
      "closed_lots": 0.5600000000000003,
      "equity_start": 954.8070000000002,
      "equity_end": 816.5389999999902,
      "win_rate_pct": 47.82608695652174,
      "pnl_pct": -14.48125118479546
    },
    {
      "month": "2025-03",
      "signals": 50,
      "wins": 27,
      "losses": 8,
      "no_fills": 15,
      "open": 0,
      "pnl": 54.01600000000781,
      "trading_pnl": 54.01600000000781,
      "bonus": 0.0,
      "closed_lots": 0.8800000000000004,
      "equity_start": 816.5389999999902,
      "equity_end": 870.554999999998,
      "win_rate_pct": 77.14285714285715,
      "pnl_pct": 6.6152382188736185
    },
    {
      "month": "2025-04",
      "signals": 48,
      "wins": 24,
      "losses": 9,
      "no_fills": 15,
      "open": 0,
      "pnl": 176.52000000000544,
      "trading_pnl": 176.52000000000544,
      "bonus": 0.0,
      "closed_lots": 0.7900000000000005,
      "equity_start": 870.554999999998,
      "equity_end": 1047.0750000000035,
      "win_rate_pct": 72.72727272727273,
      "pnl_pct": 20.276720023434
    },
    {
      "month": "2025-05",
      "signals": 55,
      "wins": 15,
      "losses": 14,
      "no_fills": 26,
      "open": 0,
      "pnl": -268.800999999989,
      "trading_pnl": -268.800999999989,
      "bonus": 0.0,
      "closed_lots": 0.7400000000000004,
      "equity_start": 1047.0750000000035,
      "equity_end": 778.2740000000144,
      "win_rate_pct": 51.724137931034484,
      "pnl_pct": -25.671609006039503
    },
    {
      "month": "2025-06",
      "signals": 57,
      "wins": 22,
      "losses": 16,
      "no_fills": 19,
      "open": 0,
      "pnl": -40.65599999999722,
      "trading_pnl": -40.65599999999722,
      "bonus": 0.0,
      "closed_lots": 0.9400000000000006,
      "equity_start": 778.2740000000144,
      "equity_end": 737.6180000000172,
      "win_rate_pct": 57.89473684210527,
      "pnl_pct": -5.2238671727433355
    },
    {
      "month": "2025-07",
      "signals": 55,
      "wins": 13,
      "losses": 15,
      "no_fills": 27,
      "open": 0,
      "pnl": -26.23500000000149,
      "trading_pnl": -26.23500000000149,
      "bonus": 0.0,
      "closed_lots": 0.7300000000000004,
      "equity_start": 737.6180000000172,
      "equity_end": 711.3830000000157,
      "win_rate_pct": 46.42857142857143,
      "pnl_pct": -3.5567190605436525
    },
    {
      "month": "2025-08",
      "signals": 52,
      "wins": 19,
      "losses": 15,
      "no_fills": 18,
      "open": 0,
      "pnl": 31.81999999998834,
      "trading_pnl": 31.81999999998834,
      "bonus": 0.0,
      "closed_lots": 0.8200000000000005,
      "equity_start": 711.3830000000157,
      "equity_end": 743.2030000000041,
      "win_rate_pct": 55.88235294117647,
      "pnl_pct": 4.472977285089415
    },
    {
      "month": "2025-09",
      "signals": 45,
      "wins": 19,
      "losses": 13,
      "no_fills": 13,
      "open": 0,
      "pnl": 105.13899999998921,
      "trading_pnl": 105.13899999998921,
      "bonus": 0.0,
      "closed_lots": 0.7800000000000005,
      "equity_start": 743.2030000000041,
      "equity_end": 848.3419999999933,
      "win_rate_pct": 59.375,
      "pnl_pct": 14.146740527149197
    },
    {
      "month": "2025-10",
      "signals": 51,
      "wins": 22,
      "losses": 8,
      "no_fills": 21,
      "open": 0,
      "pnl": 50.02599999999575,
      "trading_pnl": 50.02599999999575,
      "bonus": 0.0,
      "closed_lots": 0.7800000000000005,
      "equity_start": 848.3419999999933,
      "equity_end": 898.367999999989,
      "win_rate_pct": 73.33333333333333,
      "pnl_pct": 5.896914216200087
    },
    {
      "month": "2025-11",
      "signals": 52,
      "wins": 31,
      "losses": 7,
      "no_fills": 14,
      "open": 0,
      "pnl": 183.3399999999906,
      "trading_pnl": 183.3399999999906,
      "bonus": 0.0,
      "closed_lots": 0.9500000000000006,
      "equity_start": 898.367999999989,
      "equity_end": 1081.7079999999796,
      "win_rate_pct": 81.57894736842105,
      "pnl_pct": 20.40811783144467
    },
    {
      "month": "2025-12",
      "signals": 62,
      "wins": 33,
      "losses": 10,
      "no_fills": 19,
      "open": 0,
      "pnl": 154.34999999999036,
      "trading_pnl": 154.34999999999036,
      "bonus": 0.0,
      "closed_lots": 1.1200000000000008,
      "equity_start": 1081.7079999999796,
      "equity_end": 1236.05799999997,
      "win_rate_pct": 76.74418604651163,
      "pnl_pct": 14.26910034870716
    },
    {
      "month": "2026-01",
      "signals": 45,
      "wins": 21,
      "losses": 10,
      "no_fills": 14,
      "open": 0,
      "pnl": 219.87099999998736,
      "trading_pnl": 219.87099999998736,
      "bonus": 0.0,
      "closed_lots": 0.8200000000000005,
      "equity_start": 1236.05799999997,
      "equity_end": 1455.9289999999573,
      "win_rate_pct": 67.74193548387096,
      "pnl_pct": 17.78808114182285
    },
    {
      "month": "2026-02",
      "signals": 53,
      "wins": 26,
      "losses": 8,
      "no_fills": 19,
      "open": 0,
      "pnl": 270.10599999999704,
      "trading_pnl": 270.10599999999704,
      "bonus": 0.0,
      "closed_lots": 0.8500000000000004,
      "equity_start": 1455.9289999999573,
      "equity_end": 1726.0349999999544,
      "win_rate_pct": 76.47058823529412,
      "pnl_pct": 18.55214093544431
    },
    {
      "month": "2026-03",
      "signals": 64,
      "wins": 33,
      "losses": 10,
      "no_fills": 21,
      "open": 0,
      "pnl": 370.29999999999654,
      "trading_pnl": 370.29999999999654,
      "bonus": 0.0,
      "closed_lots": 1.0600000000000007,
      "equity_start": 1726.0349999999544,
      "equity_end": 2096.334999999951,
      "win_rate_pct": 76.74418604651163,
      "pnl_pct": 21.453794390033014
    },
    {
      "month": "2026-04",
      "signals": 55,
      "wins": 23,
      "losses": 7,
      "no_fills": 25,
      "open": 0,
      "pnl": 159.61799999999403,
      "trading_pnl": 159.61799999999403,
      "bonus": 0.0,
      "closed_lots": 0.7600000000000005,
      "equity_start": 2096.334999999951,
      "equity_end": 2255.952999999945,
      "win_rate_pct": 76.66666666666667,
      "pnl_pct": 7.614145639890464
    },
    {
      "month": "2026-05",
      "signals": 54,
      "wins": 27,
      "losses": 11,
      "no_fills": 16,
      "open": 0,
      "pnl": 318.04999999999563,
      "trading_pnl": 318.04999999999563,
      "bonus": 0.0,
      "closed_lots": 0.9600000000000005,
      "equity_start": 2255.952999999945,
      "equity_end": 2574.0029999999406,