{
  "rank": 13,
  "candidate_id": "948fdd3e29bab0ae",
  "filter_preset": "self_limit",
  "metrics": {
    "candidate_id": "948fdd3e29bab0ae",
    "filter_preset": "self_limit",
    "passes_recommendation_gate": true,
    "passes_dd": true,
    "passes_edge": true,
    "passes_consistency": true,
    "passes_oos": true,
    "score": 249.81227499998272,
    "fixed_no_bonus_profit": 255.97769999997763,
    "fixed_with_bonus_profit": 283.0976999999691,
    "bonus_contribution": 27.119999999991478,
    "concurrent_risk_max_dd_pct": 28.330000042130308,
    "risk_net_profit_with_bonus": 111.77249999996366,
    "stable_months": 12,
    "total_months": 18,
    "stable_fraction": 0.6666666666666666,
    "worst_month_pnl": -125.68070000000444,
    "oos_fixed_no_bonus_profit": 316.6418999999905
  },
  "monthly": [
    {
      "month": "2025-01",
      "signals": 57,
      "wins": 8,
      "losses": 10,
      "no_fills": 32,
      "open": 0,
      "pnl": -95.4736999999991,
      "trading_pnl": -95.4736999999991,
      "bonus": 0.0,
      "closed_lots": 0.6200000000000002,
      "equity_start": 1000.0,
      "equity_end": 904.5263000000009,
      "win_rate_pct": 44.44444444444444,
      "pnl_pct": -9.547369999999908
    },
    {
      "month": "2025-02",
      "signals": 42,
      "wins": 4,
      "losses": 7,
      "no_fills": 25,
      "open": 0,
      "pnl": -71.3300000000022,
      "trading_pnl": -71.3300000000022,
      "bonus": 0.0,
      "closed_lots": 0.3800000000000001,
      "equity_start": 904.5263000000009,
      "equity_end": 833.1962999999987,
      "win_rate_pct": 36.36363636363637,
      "pnl_pct": -7.885895633991198
    },
    {
      "month": "2025-03",
      "signals": 50,
      "wins": 11,
      "losses": 7,
      "no_fills": 22,
      "open": 0,
      "pnl": 9.476000000000568,
      "trading_pnl": 9.476000000000568,
      "bonus": 0.0,
      "closed_lots": 0.5900000000000002,
      "equity_start": 833.1962999999987,
      "equity_end": 842.6722999999993,
      "win_rate_pct": 61.111111111111114,
      "pnl_pct": 1.137307018766236
    },
    {
      "month": "2025-04",
      "signals": 48,
      "wins": 15,
      "losses": 4,
      "no_fills": 21,
      "open": 0,
      "pnl": 143.9986000000008,
      "trading_pnl": 143.9986000000008,
      "bonus": 0.0,
      "closed_lots": 0.5400000000000003,
      "equity_start": 842.6722999999993,
      "equity_end": 986.6709000000001,
      "win_rate_pct": 78.94736842105263,
      "pnl_pct": 17.08832721806578
    },
    {
      "month": "2025-05",
      "signals": 55,
      "wins": 10,
      "losses": 7,
      "no_fills": 35,
      "open": 0,
      "pnl": -32.18749999999818,
      "trading_pnl": -32.18749999999818,
      "bonus": 0.0,
      "closed_lots": 0.4600000000000002,
      "equity_start": 986.6709000000001,
      "equity_end": 954.4834000000019,
      "win_rate_pct": 58.82352941176471,
      "pnl_pct": -3.262232624880107
    },
    {
      "month": "2025-06",
      "signals": 57,
      "wins": 6,
      "losses": 8,
      "no_fills": 34,
      "open": 0,
      "pnl": -51.19099999999844,
      "trading_pnl": -51.19099999999844,
      "bonus": 0.0,
      "closed_lots": 0.4800000000000002,
      "equity_start": 954.4834000000019,
      "equity_end": 903.2924000000035,
      "win_rate_pct": 42.857142857142854,
      "pnl_pct": -5.363215326740972
    },
    {
      "month": "2025-07",
      "signals": 55,
      "wins": 5,
      "losses": 8,
      "no_fills": 33,
      "open": 0,
      "pnl": -82.45450000000073,
      "trading_pnl": -82.45450000000073,
      "bonus": 0.0,
      "closed_lots": 0.43000000000000016,
      "equity_start": 903.2924000000035,
      "equity_end": 820.8379000000027,
      "win_rate_pct": 38.46153846153847,
      "pnl_pct": -9.128218060951296
    },
    {
      "month": "2025-08",
      "signals": 52,
      "wins": 9,
      "losses": 3,
      "no_fills": 30,
      "open": 0,
      "pnl": 77.64129999999705,
      "trading_pnl": 77.64129999999705,
      "bonus": 0.0,
      "closed_lots": 0.41000000000000014,
      "equity_start": 820.8379000000027,
      "equity_end": 898.4791999999998,
      "win_rate_pct": 75.0,
      "pnl_pct": 9.458785955180286
    },
    {
      "month": "2025-09",
      "signals": 45,
      "wins": 9,
      "losses": 6,
      "no_fills": 22,
      "open": 0,
      "pnl": 77.91419999999698,
      "trading_pnl": 77.91419999999698,
      "bonus": 0.0,
      "closed_lots": 0.4900000000000002,
      "equity_start": 898.4791999999998,
      "equity_end": 976.3933999999967,
      "win_rate_pct": 60.0,
      "pnl_pct": 8.671786725835947
    },
    {
      "month": "2025-10",
      "signals": 51,
      "wins": 7,
      "losses": 6,
      "no_fills": 28,
      "open": 0,
      "pnl": -125.68070000000444,
      "trading_pnl": -125.68070000000444,
      "bonus": 0.0,
      "closed_lots": 0.5300000000000002,
      "equity_start": 976.3933999999967,
      "equity_end": 850.7126999999923,
      "win_rate_pct": 53.84615384615385,
      "pnl_pct": -12.871932563248055
    },
    {
      "month": "2025-11",
      "signals": 52,
      "wins": 12,
      "losses": 3,
      "no_fills": 23,
      "open": 0,
      "pnl": 77.26199999999926,
      "trading_pnl": 77.26199999999926,
      "bonus": 0.0,
      "closed_lots": 0.6100000000000003,
      "equity_start": 850.7126999999923,
      "equity_end": 927.9746999999916,
      "win_rate_pct": 80.0,
      "pnl_pct": 9.082032042074834
    },
    {
      "month": "2025-12",
      "signals": 62,
      "wins": 12,
      "losses": 3,
      "no_fills": 31,
      "open": 0,
      "pnl": 11.361099999995531,
      "trading_pnl": 11.361099999995531,
      "bonus": 0.0,
      "closed_lots": 0.6500000000000004,
      "equity_start": 927.9746999999916,
      "equity_end": 939.3357999999871,
      "win_rate_pct": 80.0,
      "pnl_pct": 1.2242898432463336
    },
    {
      "month": "2026-01",
      "signals": 45,
      "wins": 11,
      "losses": 4,
      "no_fills": 19,
      "open": 0,
      "pnl": 21.069799999995666,
      "trading_pnl": 21.069799999995666,
      "bonus": 0.0,
      "closed_lots": 0.5500000000000003,
      "equity_start": 939.3357999999871,
      "equity_end": 960.4055999999828,
      "win_rate_pct": 73.33333333333333,
      "pnl_pct": 2.243053016822733
    },
    {
      "month": "2026-02",
      "signals": 53,
      "wins": 10,
      "losses": 2,
      "no_fills": 30,
      "open": 0,
      "pnl": 5.748999999997977,
      "trading_pnl": 5.748999999997977,
      "bonus": 0.0,
      "closed_lots": 0.41000000000000014,
      "equity_start": 960.4055999999828,
      "equity_end": 966.1545999999807,
      "win_rate_pct": 83.33333333333334,
      "pnl_pct": 0.5986012576351158
    },
    {
      "month": "2026-03",
      "signals": 64,
      "wins": 18,
      "losses": 0,
      "no_fills": 33,
      "open": 0,
      "pnl": 212.09999999999854,
      "trading_pnl": 212.09999999999854,
      "bonus": 0.0,
      "closed_lots": 0.5800000000000003,
      "equity_start": 966.1545999999807,
      "equity_end": 1178.2545999999793,
      "win_rate_pct": 100.0,
      "pnl_pct": 21.953008348767657
    },
    {
      "month": "2026-04",
      "signals": 55,
      "wins": 13,
      "losses": 3,
      "no_fills": 29,
      "open": 0,
      "pnl": 40.42780000000039,
      "trading_pnl": 40.42780000000039,
      "bonus": 0.0,
      "closed_lots": 0.5100000000000002,
      "equity_start": 1178.2545999999793,
      "equity_end": 1218.6823999999797,
      "win_rate_pct": 81.25,
      "pnl_pct": 3.4311599547331366
    },
    {
      "month": "2026-05",
      "signals": 54,
      "wins": 12,
      "losses": 4,
      "no_fills": 29,
      "open": 0,
      "pnl": 24.052199999996446,
      "trading_pnl": 24.052199999996446,
      "bonus": 0.0,
      "closed_lots": 0.4800000000000002,
      "equity_start": 1218.6823999999797,
      "equity_end": 1242.7345999999761,
      "win_rate_pct": 75.0,