{
  "rank": 7,
  "candidate_id": "b4a4ef09328afcc0",
  "filter_preset": "self_limit",
  "metrics": {
    "candidate_id": "b4a4ef09328afcc0",
    "filter_preset": "self_limit",
    "passes_recommendation_gate": true,
    "passes_dd": true,
    "passes_edge": true,
    "passes_consistency": true,
    "passes_oos": true,
    "score": 670.1512499999832,
    "fixed_no_bonus_profit": 714.0104999999803,
    "fixed_with_bonus_profit": 737.500499999959,
    "bonus_contribution": 23.489999999978636,
    "concurrent_risk_max_dd_pct": 39.054099999999174,
    "risk_net_profit_with_bonus": 1223.3024999999302,
    "stable_months": 14,
    "total_months": 18,
    "stable_fraction": 0.7777777777777778,
    "worst_month_pnl": -42.02349999999751,
    "oos_fixed_no_bonus_profit": 459.2389999999941
  },
  "monthly": [
    {
      "month": "2025-01",
      "signals": 57,
      "wins": 11,
      "losses": 16,
      "no_fills": 30,
      "open": 0,
      "pnl": -42.02349999999751,
      "trading_pnl": -42.02349999999751,
      "bonus": 0.0,
      "closed_lots": 0.4300000000000001,
      "equity_start": 1000.0,
      "equity_end": 957.9765000000025,
      "win_rate_pct": 40.74074074074074,
      "pnl_pct": -4.202349999999751
    },
    {
      "month": "2025-02",
      "signals": 42,
      "wins": 11,
      "losses": 10,
      "no_fills": 20,
      "open": 0,
      "pnl": -29.74550000000272,
      "trading_pnl": -29.74550000000272,
      "bonus": 0.0,
      "closed_lots": 0.33000000000000007,
      "equity_start": 957.9765000000025,
      "equity_end": 928.2309999999998,
      "win_rate_pct": 52.38095238095239,
      "pnl_pct": -3.1050344136837014
    },
    {
      "month": "2025-03",
      "signals": 50,
      "wins": 18,
      "losses": 13,
      "no_fills": 17,
      "open": 0,
      "pnl": 20.848500000000513,
      "trading_pnl": 20.848500000000513,
      "bonus": 0.0,
      "closed_lots": 0.4700000000000002,
      "equity_start": 928.2309999999998,
      "equity_end": 949.0795000000003,
      "win_rate_pct": 58.06451612903226,
      "pnl_pct": 2.246046512129041
    },
    {
      "month": "2025-04",
      "signals": 48,
      "wins": 13,
      "losses": 11,
      "no_fills": 19,
      "open": 0,
      "pnl": 64.26499999999942,
      "trading_pnl": 64.26499999999942,
      "bonus": 0.0,
      "closed_lots": 0.41000000000000014,
      "equity_start": 949.0795000000003,
      "equity_end": 1013.3444999999997,
      "win_rate_pct": 54.166666666666664,
      "pnl_pct": 6.771297873360388
    },
    {
      "month": "2025-05",
      "signals": 55,
      "wins": 10,
      "losses": 12,
      "no_fills": 27,
      "open": 0,
      "pnl": -0.816999999996824,
      "trading_pnl": -0.816999999996824,
      "bonus": 0.0,
      "closed_lots": 0.42000000000000015,
      "equity_start": 1013.3444999999997,
      "equity_end": 1012.5275000000029,
      "win_rate_pct": 45.45454545454545,
      "pnl_pct": -0.08062411154319427
    },
    {
      "month": "2025-06",
      "signals": 57,
      "wins": 15,
      "losses": 19,
      "no_fills": 22,
      "open": 0,
      "pnl": -28.947499999999764,
      "trading_pnl": -28.947499999999764,
      "bonus": 0.0,
      "closed_lots": 0.5500000000000002,
      "equity_start": 1012.5275000000029,
      "equity_end": 983.5800000000031,
      "win_rate_pct": 44.11764705882353,
      "pnl_pct": -2.858934695600829
    },
    {
      "month": "2025-07",
      "signals": 55,
      "wins": 12,
      "losses": 12,
      "no_fills": 30,
      "open": 0,
      "pnl": 5.66150000000016,
      "trading_pnl": 5.66150000000016,
      "bonus": 0.0,
      "closed_lots": 0.3600000000000001,
      "equity_start": 983.5800000000031,
      "equity_end": 989.2415000000033,
      "win_rate_pct": 50.0,
      "pnl_pct": 0.5756013745704611
    },
    {
      "month": "2025-08",
      "signals": 52,
      "wins": 18,
      "losses": 10,
      "no_fills": 21,
      "open": 0,
      "pnl": 29.087499999998272,
      "trading_pnl": 29.087499999998272,
      "bonus": 0.0,
      "closed_lots": 0.4000000000000002,
      "equity_start": 989.2415000000033,
      "equity_end": 1018.3290000000015,
      "win_rate_pct": 64.28571428571429,
      "pnl_pct": 2.9403841225826226
    },
    {
      "month": "2025-09",
      "signals": 45,
      "wins": 15,
      "losses": 12,
      "no_fills": 15,
      "open": 0,
      "pnl": 114.0464999999963,
      "trading_pnl": 114.0464999999963,
      "bonus": 0.0,
      "closed_lots": 0.44000000000000017,
      "equity_start": 1018.3290000000015,
      "equity_end": 1132.3754999999978,
      "win_rate_pct": 55.55555555555556,
      "pnl_pct": 11.199376625824868
    },
    {
      "month": "2025-10",
      "signals": 51,
      "wins": 13,
      "losses": 9,
      "no_fills": 23,
      "open": 0,
      "pnl": 0.918499999997497,
      "trading_pnl": 0.918499999997497,
      "bonus": 0.0,
      "closed_lots": 0.4300000000000001,
      "equity_start": 1132.3754999999978,
      "equity_end": 1133.2939999999953,
      "win_rate_pct": 59.09090909090909,
      "pnl_pct": 0.08111266978113697
    },
    {
      "month": "2025-11",
      "signals": 52,
      "wins": 20,
      "losses": 6,
      "no_fills": 20,
      "open": 0,
      "pnl": 54.17699999999604,
      "trading_pnl": 54.17699999999604,
      "bonus": 0.0,
      "closed_lots": 0.4600000000000002,
      "equity_start": 1133.2939999999953,
      "equity_end": 1187.4709999999914,
      "win_rate_pct": 76.92307692307693,
      "pnl_pct": 4.780489440515547
    },
    {
      "month": "2025-12",
      "signals": 62,
      "wins": 22,
      "losses": 11,
      "no_fills": 23,
      "open": 0,
      "pnl": 67.30049999999483,
      "trading_pnl": 67.30049999999483,
      "bonus": 0.0,
      "closed_lots": 0.5700000000000003,
      "equity_start": 1187.4709999999914,
      "equity_end": 1254.7714999999862,
      "win_rate_pct": 66.66666666666666,
      "pnl_pct": 5.6675489338261995
    },
    {
      "month": "2026-01",
      "signals": 45,
      "wins": 15,
      "losses": 10,
      "no_fills": 16,
      "open": 0,
      "pnl": 2.5990000000010705,
      "trading_pnl": 2.5990000000010705,
      "bonus": 0.0,
      "closed_lots": 0.4100000000000002,
      "equity_start": 1254.7714999999862,
      "equity_end": 1257.3704999999873,
      "win_rate_pct": 60.0,
      "pnl_pct": 0.20712934586106707
    },
    {
      "month": "2026-02",
      "signals": 53,
      "wins": 14,
      "losses": 5,
      "no_fills": 24,
      "open": 0,
      "pnl": 63.97099999999955,
      "trading_pnl": 63.97099999999955,
      "bonus": 0.0,
      "closed_lots": 0.4100000000000002,
      "equity_start": 1257.3704999999873,
      "equity_end": 1321.3414999999868,
      "win_rate_pct": 73.68421052631578,
      "pnl_pct": 5.087680997764796
    },
    {
      "month": "2026-03",
      "signals": 64,
      "wins": 27,
      "losses": 7,
      "no_fills": 22,
      "open": 0,
      "pnl": 215.01749999999993,
      "trading_pnl": 215.01749999999993,
      "bonus": 0.0,
      "closed_lots": 0.5800000000000003,
      "equity_start": 1321.3414999999868,
      "equity_end": 1536.3589999999867,
      "win_rate_pct": 79.41176470588235,
      "pnl_pct": 16.2726668313984
    },
    {
      "month": "2026-04",
      "signals": 55,
      "wins": 16,
      "losses": 7,
      "no_fills": 23,
      "open": 0,
      "pnl": 77.97049999999763,
      "trading_pnl": 77.97049999999763,
      "bonus": 0.0,
      "closed_lots": 0.4500000000000002,
      "equity_start": 1536.3589999999867,
      "equity_end": 1614.3294999999844,
      "win_rate_pct": 69.56521739130434,
      "pnl_pct": 5.075018273723674
    },
    {
      "month": "2026-05",
      "signals": 54,
      "wins": 17,
      "losses": 9,
      "no_fills": 21,
      "open": 0,
      "pnl": 52.615499999998065,
      "trading_pnl": 52.615499999998065,
      "bonus": 0.0,
      "closed_lots": 0.47000000000000014,
      "equity_start": 1614.3294999999844,
      "equity_end": 1666.9449999999824,