{
  "rank": 8,
  "candidate_id": "ef6d203222e6ea3a",
  "filter_preset": "self_limit",
  "metrics": {
    "bonus_contribution": 18.3599999999833,
    "candidate_id": "ef6d203222e6ea3a",
    "concurrent_risk_max_dd_pct": 19.19239955395923,
    "filter_preset": "self_limit",
    "fixed_no_bonus_profit": 721.1119999999896,
    "fixed_with_bonus_profit": 739.4719999999729,
    "oos_fixed_no_bonus_profit": 532.3000000000015,
    "passes_consistency": true,
    "passes_dd": true,
    "passes_edge": true,
    "passes_oos": true,
    "passes_recommendation_gate": true,
    "risk_net_profit_with_bonus": 745.6029999999819,
    "score": 653.878111111104,
    "stable_fraction": 0.7222222222222222,
    "stable_months": 13,
    "total_months": 18,
    "worst_month_pnl": -31.786999999998443
  },
  "monthly": [
    {
      "month": "2025-01",
      "signals": 57,
      "wins": 14,
      "losses": 17,
      "no_fills": 26,
      "open": 0,
      "pnl": -14.079999999999927,
      "trading_pnl": -14.079999999999927,
      "bonus": 0.0,
      "closed_lots": 0.3100000000000001,
      "equity_start": 1000.0,
      "equity_end": 985.9200000000001,
      "win_rate_pct": 45.16129032258064,
      "pnl_pct": -1.4079999999999928
    },
    {
      "month": "2025-02",
      "signals": 42,
      "wins": 15,
      "losses": 8,
      "no_fills": 18,
      "open": 0,
      "pnl": -0.3320000000012442,
      "trading_pnl": -0.3320000000012442,
      "bonus": 0.0,
      "closed_lots": 0.24000000000000007,
      "equity_start": 985.9200000000001,
      "equity_end": 985.5879999999988,
      "win_rate_pct": 65.21739130434783,
      "pnl_pct": -0.033674131775523794
    },
    {
      "month": "2025-03",
      "signals": 50,
      "wins": 19,
      "losses": 17,
      "no_fills": 14,
      "open": 0,
      "pnl": -4.387999999996737,
      "trading_pnl": -4.387999999996737,
      "bonus": 0.0,
      "closed_lots": 0.36000000000000015,
      "equity_start": 985.5879999999988,
      "equity_end": 981.2000000000021,
      "win_rate_pct": 52.77777777777778,
      "pnl_pct": -0.44521645961565504
    },
    {
      "month": "2025-04",
      "signals": 48,
      "wins": 29,
      "losses": 4,
      "no_fills": 14,
      "open": 0,
      "pnl": 45.15000000000191,
      "trading_pnl": 45.15000000000191,
      "bonus": 0.0,
      "closed_lots": 0.34000000000000014,
      "equity_start": 981.2000000000021,
      "equity_end": 1026.350000000004,
      "win_rate_pct": 87.87878787878788,
      "pnl_pct": 4.601508357113923
    },
    {
      "month": "2025-05",
      "signals": 55,
      "wins": 21,
      "losses": 8,
      "no_fills": 23,
      "open": 0,
      "pnl": 14.890000000001692,
      "trading_pnl": 14.890000000001692,
      "bonus": 0.0,
      "closed_lots": 0.3200000000000001,
      "equity_start": 1026.350000000004,
      "equity_end": 1041.2400000000057,
      "win_rate_pct": 72.41379310344827,
      "pnl_pct": 1.4507721537488802
    },
    {
      "month": "2025-06",
      "signals": 57,
      "wins": 25,
      "losses": 14,
      "no_fills": 18,
      "open": 0,
      "pnl": -31.786999999998443,
      "trading_pnl": -31.786999999998443,
      "bonus": 0.0,
      "closed_lots": 0.3900000000000002,
      "equity_start": 1041.2400000000057,
      "equity_end": 1009.4530000000073,
      "win_rate_pct": 64.1025641025641,
      "pnl_pct": -3.0528024278742913
    },
    {
      "month": "2025-07",
      "signals": 55,
      "wins": 18,
      "losses": 11,
      "no_fills": 26,
      "open": 0,
      "pnl": 0.817000000000007,
      "trading_pnl": 0.817000000000007,
      "bonus": 0.0,
      "closed_lots": 0.2900000000000001,
      "equity_start": 1009.4530000000073,
      "equity_end": 1010.2700000000073,
      "win_rate_pct": 62.06896551724138,
      "pnl_pct": 0.08093492218062665
    },
    {
      "month": "2025-08",
      "signals": 52,
      "wins": 21,
      "losses": 15,
      "no_fills": 16,
      "open": 0,
      "pnl": -0.3980000000033215,
      "trading_pnl": -0.3980000000033215,
      "bonus": 0.0,
      "closed_lots": 0.36000000000000015,
      "equity_start": 1010.2700000000073,
      "equity_end": 1009.8720000000039,
      "win_rate_pct": 58.333333333333336,
      "pnl_pct": -0.03939540914837802
    },
    {
      "month": "2025-09",
      "signals": 45,
      "wins": 26,
      "losses": 6,
      "no_fills": 11,
      "open": 0,
      "pnl": 81.70999999999776,
      "trading_pnl": 81.70999999999776,
      "bonus": 0.0,
      "closed_lots": 0.34000000000000014,
      "equity_start": 1009.8720000000039,
      "equity_end": 1091.5820000000017,
      "win_rate_pct": 81.25,
      "pnl_pct": 8.091124419728187
    },
    {
      "month": "2025-10",
      "signals": 51,
      "wins": 25,
      "losses": 4,
      "no_fills": 20,
      "open": 0,
      "pnl": 52.429999999995744,
      "trading_pnl": 52.429999999995744,
      "bonus": 0.0,
      "closed_lots": 0.3100000000000001,
      "equity_start": 1091.5820000000017,
      "equity_end": 1144.0119999999974,
      "win_rate_pct": 86.20689655172413,
      "pnl_pct": 4.803120608437631
    },
    {
      "month": "2025-11",
      "signals": 52,
      "wins": 30,
      "losses": 7,
      "no_fills": 12,
      "open": 0,
      "pnl": 6.739999999995688,
      "trading_pnl": 6.739999999995688,
      "bonus": 0.0,
      "closed_lots": 0.4000000000000002,
      "equity_start": 1144.0119999999974,
      "equity_end": 1150.7519999999931,
      "win_rate_pct": 81.08108108108108,
      "pnl_pct": 0.5891546592164858
    },
    {
      "month": "2025-12",
      "signals": 62,
      "wins": 31,
      "losses": 7,
      "no_fills": 18,
      "open": 0,
      "pnl": 38.05999999999494,
      "trading_pnl": 38.05999999999494,
      "bonus": 0.0,
      "closed_lots": 0.4400000000000002,
      "equity_start": 1150.7519999999931,
      "equity_end": 1188.811999999988,
      "win_rate_pct": 81.57894736842105,
      "pnl_pct": 3.3074024637797863
    },
    {
      "month": "2026-01",
      "signals": 45,
      "wins": 24,
      "losses": 5,
      "no_fills": 13,
      "open": 0,
      "pnl": 49.80000000000018,
      "trading_pnl": 49.80000000000018,
      "bonus": 0.0,
      "closed_lots": 0.3200000000000001,
      "equity_start": 1188.811999999988,
      "equity_end": 1238.6119999999883,
      "win_rate_pct": 82.75862068965517,
      "pnl_pct": 4.189055965114811
    },
    {
      "month": "2026-02",
      "signals": 53,
      "wins": 25,
      "losses": 5,
      "no_fills": 17,
      "open": 0,
      "pnl": 171.18000000000302,
      "trading_pnl": 171.18000000000302,
      "bonus": 0.0,
      "closed_lots": 0.36000000000000015,
      "equity_start": 1238.6119999999883,
      "equity_end": 1409.7919999999913,
      "win_rate_pct": 83.33333333333334,
      "pnl_pct": 13.820308538913286
    },
    {
      "month": "2026-03",
      "signals": 64,
      "wins": 32,
      "losses": 2,
      "no_fills": 20,
      "open": 0,
      "pnl": 133.0500000000011,
      "trading_pnl": 133.0500000000011,
      "bonus": 0.0,
      "closed_lots": 0.4400000000000002,
      "equity_start": 1409.7919999999913,
      "equity_end": 1542.8419999999924,
      "win_rate_pct": 94.11764705882352,
      "pnl_pct": 9.437562420555793
    },
    {
      "month": "2026-04",
      "signals": 55,
      "wins": 26,
      "losses": 4,
      "no_fills": 21,
      "open": 0,
      "pnl": 39.789999999998145,
      "trading_pnl": 39.789999999998145,
      "bonus": 0.0,
      "closed_lots": 0.34000000000000014,
      "equity_start": 1542.8419999999924,
      "equity_end": 1582.6319999999905,
      "win_rate_pct": 86.66666666666667,
      "pnl_pct": 2.579006793955463
    },
    {
      "month": "2026-05",
      "signals": 54,
      "wins": 30,
      "losses": 6,
      "no_fills": 15,
      "open": 0,
      "pnl": 89.92999999999756,
      "trading_pnl": 89.92999999999756,
      "bonus": 0.0,
      "closed_lots": 0.3900000000000002,
      "equity_start": 1582.6319999999905,