{
  "rank": 1,
  "candidate_id": "23428e35e5964d32",
  "filter_preset": "self_limit",
  "metrics": {
    "candidate_id": "23428e35e5964d32",
    "filter_preset": "self_limit",
    "passes_recommendation_gate": true,
    "passes_dd": true,
    "passes_edge": true,
    "passes_consistency": true,
    "passes_oos": true,
    "score": 1523.908249999959,
    "fixed_no_bonus_profit": 1682.7614999999519,
    "fixed_with_bonus_profit": 1742.1014999999165,
    "bonus_contribution": 59.339999999964675,
    "concurrent_risk_max_dd_pct": 18.1724165468784,
    "risk_net_profit_with_bonus": 1503.2979999999202,
    "stable_months": 13,
    "total_months": 18,
    "stable_fraction": 0.7222222222222222,
    "worst_month_pnl": -94.43050000000585,
    "oos_fixed_no_bonus_profit": 1234.321999999976
  },
  "monthly": [
    {
      "month": "2025-01",
      "signals": 57,
      "wins": 8,
      "losses": 15,
      "no_fills": 26,
      "open": 0,
      "pnl": -24.592000000001462,
      "trading_pnl": -24.592000000001462,
      "bonus": 0.0,
      "closed_lots": 1.0800000000000005,
      "equity_start": 1000.0,
      "equity_end": 975.4079999999985,
      "win_rate_pct": 34.78260869565217,
      "pnl_pct": -2.459200000000146
    },
    {
      "month": "2025-02",
      "signals": 42,
      "wins": 2,
      "losses": 15,
      "no_fills": 18,
      "open": 0,
      "pnl": -94.43050000000585,
      "trading_pnl": -94.43050000000585,
      "bonus": 0.0,
      "closed_lots": 0.7900000000000001,
      "equity_start": 975.4079999999985,
      "equity_end": 880.9774999999927,
      "win_rate_pct": 11.76470588235294,
      "pnl_pct": -9.68112830733457
    },
    {
      "month": "2025-03",
      "signals": 50,
      "wins": 16,
      "losses": 12,
      "no_fills": 14,
      "open": 0,
      "pnl": -12.141499999992902,
      "trading_pnl": -12.141499999992902,
      "bonus": 0.0,
      "closed_lots": 1.2100000000000006,
      "equity_start": 880.9774999999927,
      "equity_end": 868.8359999999998,
      "win_rate_pct": 57.14285714285714,
      "pnl_pct": -1.3781850274261265
    },
    {
      "month": "2025-04",
      "signals": 48,
      "wins": 20,
      "losses": 6,
      "no_fills": 14,
      "open": 0,
      "pnl": 206.58000000000447,
      "trading_pnl": 206.58000000000447,
      "bonus": 0.0,
      "closed_lots": 1.0300000000000005,
      "equity_start": 868.8359999999998,
      "equity_end": 1075.4160000000043,
      "win_rate_pct": 76.92307692307693,
      "pnl_pct": 23.77663908954101
    },
    {
      "month": "2025-05",
      "signals": 55,
      "wins": 13,
      "losses": 10,
      "no_fills": 23,
      "open": 0,
      "pnl": 40.4445000000037,
      "trading_pnl": 40.4445000000037,
      "bonus": 0.0,
      "closed_lots": 1.0200000000000002,
      "equity_start": 1075.4160000000043,
      "equity_end": 1115.860500000008,
      "win_rate_pct": 56.52173913043478,
      "pnl_pct": 3.7608237184497475
    },
    {
      "month": "2025-06",
      "signals": 57,
      "wins": 19,
      "losses": 11,
      "no_fills": 18,
      "open": 0,
      "pnl": -29.02000000000089,
      "trading_pnl": -29.02000000000089,
      "bonus": 0.0,
      "closed_lots": 1.2900000000000007,
      "equity_start": 1115.860500000008,
      "equity_end": 1086.840500000007,
      "win_rate_pct": 63.33333333333333,
      "pnl_pct": -2.6006835083776765
    },
    {
      "month": "2025-07",
      "signals": 55,
      "wins": 11,
      "losses": 15,
      "no_fills": 26,
      "open": 0,
      "pnl": -84.72550000000138,
      "trading_pnl": -84.72550000000138,
      "bonus": 0.0,
      "closed_lots": 0.9800000000000003,
      "equity_start": 1086.840500000007,
      "equity_end": 1002.1150000000057,
      "win_rate_pct": 42.30769230769231,
      "pnl_pct": -7.79557810000647
    },
    {
      "month": "2025-08",
      "signals": 52,
      "wins": 13,
      "losses": 10,
      "no_fills": 16,
      "open": 0,
      "pnl": 55.81049999999641,
      "trading_pnl": 55.81049999999641,
      "bonus": 0.0,
      "closed_lots": 1.1100000000000003,
      "equity_start": 1002.1150000000057,
      "equity_end": 1057.925500000002,
      "win_rate_pct": 56.52173913043478,
      "pnl_pct": 5.569270991851843
    },
    {
      "month": "2025-09",
      "signals": 45,
      "wins": 7,
      "losses": 11,
      "no_fills": 11,
      "open": 0,
      "pnl": 229.5359999999978,
      "trading_pnl": 229.5359999999978,
      "bonus": 0.0,
      "closed_lots": 1.0300000000000005,
      "equity_start": 1057.925500000002,
      "equity_end": 1287.4615,
      "win_rate_pct": 38.88888888888889,
      "pnl_pct": 21.696801901456894
    },
    {
      "month": "2025-10",
      "signals": 51,
      "wins": 14,
      "losses": 6,
      "no_fills": 20,
      "open": 0,
      "pnl": 51.12649999999303,
      "trading_pnl": 51.12649999999303,
      "bonus": 0.0,
      "closed_lots": 1.0300000000000002,
      "equity_start": 1287.4615,
      "equity_end": 1338.587999999993,
      "win_rate_pct": 70.0,
      "pnl_pct": 3.971109038988198
    },
    {
      "month": "2025-11",
      "signals": 52,
      "wins": 16,
      "losses": 7,
      "no_fills": 12,
      "open": 0,
      "pnl": 46.97999999999365,
      "trading_pnl": 46.97999999999365,
      "bonus": 0.0,
      "closed_lots": 1.2400000000000007,
      "equity_start": 1338.587999999993,
      "equity_end": 1385.5679999999866,
      "win_rate_pct": 69.56521739130434,
      "pnl_pct": 3.5096683968475664
    },
    {
      "month": "2025-12",
      "signals": 62,
      "wins": 21,
      "losses": 8,
      "no_fills": 18,
      "open": 0,
      "pnl": 62.87149999998928,
      "trading_pnl": 62.87149999998928,
      "bonus": 0.0,
      "closed_lots": 1.5400000000000007,
      "equity_start": 1385.5679999999866,
      "equity_end": 1448.4394999999759,
      "win_rate_pct": 72.41379310344827,
      "pnl_pct": 4.537597577310525
    },
    {
      "month": "2026-01",
      "signals": 45,
      "wins": 18,
      "losses": 7,
      "no_fills": 13,
      "open": 0,
      "pnl": 111.02499999999236,
      "trading_pnl": 111.02499999999236,
      "bonus": 0.0,
      "closed_lots": 1.1400000000000006,
      "equity_start": 1448.4394999999759,
      "equity_end": 1559.4644999999682,
      "win_rate_pct": 72.0,
      "pnl_pct": 7.665145834533939
    },
    {
      "month": "2026-02",
      "signals": 53,
      "wins": 25,
      "losses": 3,
      "no_fills": 17,
      "open": 0,
      "pnl": 339.2634999999909,
      "trading_pnl": 339.2634999999909,
      "bonus": 0.0,
      "closed_lots": 1.2000000000000006,
      "equity_start": 1559.4644999999682,
      "equity_end": 1898.7279999999591,
      "win_rate_pct": 89.28571428571429,
      "pnl_pct": 21.75512812250602
    },
    {
      "month": "2026-03",
      "signals": 64,
      "wins": 32,
      "losses": 0,
      "no_fills": 20,
      "open": 0,
      "pnl": 498.64999999999327,
      "trading_pnl": 498.64999999999327,
      "bonus": 0.0,
      "closed_lots": 1.3600000000000008,
      "equity_start": 1898.7279999999591,
      "equity_end": 2397.3779999999524,
      "win_rate_pct": 100.0,
      "pnl_pct": 26.26231877341062
    },
    {
      "month": "2026-04",
      "signals": 55,
      "wins": 17,
      "losses": 2,
      "no_fills": 22,
      "open": 0,
      "pnl": 133.48150000000533,
      "trading_pnl": 133.48150000000533,
      "bonus": 0.0,
      "closed_lots": 0.9700000000000003,
      "equity_start": 2397.3779999999524,
      "equity_end": 2529.7594999999556,
      "win_rate_pct": 89.47368421052632,
      "pnl_pct": 5.567812001278396
    },
    {
      "month": "2026-05",
      "signals": 54,
      "wins": 21,
      "losses": 7,
      "no_fills": 15,
      "open": 0,
      "pnl": 112.66749999999138,
      "trading_pnl": 112.66749999999138,
      "bonus": 0.0,
      "closed_lots": 1.2200000000000006,
      "equity_start": 2525.419499999957,
      "equity_end": 2643.526999999949,
      "win_rate_pct": 75.0,