{
  "rank": 11,
  "candidate_id": "f72150fc27cd4a37",
  "filter_preset": "self_limit",
  "metrics": {
    "candidate_id": "f72150fc27cd4a37",
    "filter_preset": "self_limit",
    "passes_recommendation_gate": true,
    "passes_dd": true,
    "passes_edge": true,
    "passes_consistency": true,
    "passes_oos": true,
    "score": 407.73458333332604,
    "fixed_no_bonus_profit": 464.4679999999903,
    "fixed_with_bonus_profit": 482.8279999999736,
    "bonus_contribution": 18.3599999999833,
    "concurrent_risk_max_dd_pct": 31.482000000000674,
    "risk_net_profit_with_bonus": 427.0079999999623,
    "stable_months": 12,
    "total_months": 18,
    "stable_fraction": 0.6666666666666666,
    "worst_month_pnl": -48.66899999999714,
    "oos_fixed_no_bonus_profit": 392.3569999999968
  },
  "monthly": [
    {
      "month": "2025-01",
      "signals": 57,
      "wins": 15,
      "losses": 12,
      "no_fills": 26,
      "open": 0,
      "pnl": -14.030000000001564,
      "trading_pnl": -14.030000000001564,
      "bonus": 0.0,
      "closed_lots": 0.3100000000000001,
      "equity_start": 1000.0,
      "equity_end": 985.9699999999984,
      "win_rate_pct": 55.55555555555556,
      "pnl_pct": -1.4030000000001563
    },
    {
      "month": "2025-02",
      "signals": 42,
      "wins": 8,
      "losses": 8,
      "no_fills": 18,
      "open": 0,
      "pnl": -15.472000000001572,
      "trading_pnl": -15.472000000001572,
      "bonus": 0.0,
      "closed_lots": 0.24000000000000007,
      "equity_start": 985.9699999999984,
      "equity_end": 970.4979999999969,
      "win_rate_pct": 50.0,
      "pnl_pct": -1.5692161019099562
    },
    {
      "month": "2025-03",
      "signals": 50,
      "wins": 21,
      "losses": 9,
      "no_fills": 14,
      "open": 0,
      "pnl": -14.157999999996719,
      "trading_pnl": -14.157999999996719,
      "bonus": 0.0,
      "closed_lots": 0.36000000000000015,
      "equity_start": 970.4979999999969,
      "equity_end": 956.3400000000001,
      "win_rate_pct": 70.0,
      "pnl_pct": -1.4588386580906674
    },
    {
      "month": "2025-04",
      "signals": 48,
      "wins": 18,
      "losses": 3,
      "no_fills": 14,
      "open": 0,
      "pnl": 30.630000000002383,
      "trading_pnl": 30.630000000002383,
      "bonus": 0.0,
      "closed_lots": 0.34000000000000014,
      "equity_start": 956.3400000000001,
      "equity_end": 986.9700000000025,
      "win_rate_pct": 85.71428571428571,
      "pnl_pct": 3.2028358115317124
    },
    {
      "month": "2025-05",
      "signals": 55,
      "wins": 17,
      "losses": 7,
      "no_fills": 23,
      "open": 0,
      "pnl": -48.66899999999714,
      "trading_pnl": -48.66899999999714,
      "bonus": 0.0,
      "closed_lots": 0.3200000000000001,
      "equity_start": 986.9700000000025,
      "equity_end": 938.3010000000054,
      "win_rate_pct": 70.83333333333334,
      "pnl_pct": -4.931152922580931
    },
    {
      "month": "2025-06",
      "signals": 57,
      "wins": 20,
      "losses": 12,
      "no_fills": 18,
      "open": 0,
      "pnl": -43.95000000000027,
      "trading_pnl": -43.95000000000027,
      "bonus": 0.0,
      "closed_lots": 0.3900000000000002,
      "equity_start": 938.3010000000054,
      "equity_end": 894.3510000000051,
      "win_rate_pct": 62.5,
      "pnl_pct": -4.683997992115539
    },
    {
      "month": "2025-07",
      "signals": 55,
      "wins": 14,
      "losses": 11,
      "no_fills": 26,
      "open": 0,
      "pnl": -18.004000000000815,
      "trading_pnl": -18.004000000000815,
      "bonus": 0.0,
      "closed_lots": 0.2900000000000001,
      "equity_start": 894.3510000000051,
      "equity_end": 876.3470000000043,
      "win_rate_pct": 56.00000000000001,
      "pnl_pct": -2.013079875798284
    },
    {
      "month": "2025-08",
      "signals": 52,
      "wins": 16,
      "losses": 11,
      "no_fills": 16,
      "open": 0,
      "pnl": 6.111999999997806,
      "trading_pnl": 6.111999999997806,
      "bonus": 0.0,
      "closed_lots": 0.36000000000000015,
      "equity_start": 876.3470000000043,
      "equity_end": 882.4590000000021,
      "win_rate_pct": 59.25925925925925,
      "pnl_pct": 0.6974406256879725
    },
    {
      "month": "2025-09",
      "signals": 45,
      "wins": 16,
      "losses": 7,
      "no_fills": 11,
      "open": 0,
      "pnl": 57.521999999999025,
      "trading_pnl": 57.521999999999025,
      "bonus": 0.0,
      "closed_lots": 0.34000000000000014,
      "equity_start": 882.4590000000021,
      "equity_end": 939.9810000000011,
      "win_rate_pct": 69.56521739130434,
      "pnl_pct": 6.518376491145639
    },
    {
      "month": "2025-10",
      "signals": 51,
      "wins": 19,
      "losses": 4,
      "no_fills": 20,
      "open": 0,
      "pnl": 35.9899999999966,
      "trading_pnl": 35.9899999999966,
      "bonus": 0.0,
      "closed_lots": 0.3100000000000001,
      "equity_start": 939.9810000000011,
      "equity_end": 975.9709999999977,
      "win_rate_pct": 82.6086956521739,
      "pnl_pct": 3.8288007949093177
    },
    {
      "month": "2025-11",
      "signals": 52,
      "wins": 22,
      "losses": 3,
      "no_fills": 12,
      "open": 0,
      "pnl": 40.449999999998,
      "trading_pnl": 40.449999999998,
      "bonus": 0.0,
      "closed_lots": 0.4000000000000002,
      "equity_start": 975.9709999999977,
      "equity_end": 1016.4209999999957,
      "win_rate_pct": 88.0,
      "pnl_pct": 4.144590361803588
    },
    {
      "month": "2025-12",
      "signals": 62,
      "wins": 26,
      "losses": 4,
      "no_fills": 18,
      "open": 0,
      "pnl": 55.68999999999778,
      "trading_pnl": 55.68999999999778,
      "bonus": 0.0,
      "closed_lots": 0.4400000000000002,
      "equity_start": 1016.4209999999957,
      "equity_end": 1072.1109999999935,
      "win_rate_pct": 86.66666666666667,
      "pnl_pct": 5.479028866975201
    },
    {
      "month": "2026-01",
      "signals": 45,
      "wins": 14,
      "losses": 5,
      "no_fills": 13,
      "open": 0,
      "pnl": 1.1769999999969514,
      "trading_pnl": 1.1769999999969514,
      "bonus": 0.0,
      "closed_lots": 0.3200000000000001,
      "equity_start": 1072.1109999999935,
      "equity_end": 1073.2879999999905,
      "win_rate_pct": 73.68421052631578,
      "pnl_pct": 0.10978340862065203
    },
    {
      "month": "2026-02",
      "signals": 53,
      "wins": 19,
      "losses": 4,
      "no_fills": 17,
      "open": 0,
      "pnl": 145.96000000000004,
      "trading_pnl": 145.96000000000004,
      "bonus": 0.0,
      "closed_lots": 0.36000000000000015,
      "equity_start": 1073.2879999999905,
      "equity_end": 1219.2479999999905,
      "win_rate_pct": 82.6086956521739,
      "pnl_pct": 13.599332145705656
    },
    {
      "month": "2026-03",
      "signals": 64,
      "wins": 22,
      "losses": 3,
      "no_fills": 20,
      "open": 0,
      "pnl": 97.06000000000131,
      "trading_pnl": 97.06000000000131,
      "bonus": 0.0,
      "closed_lots": 0.4400000000000002,
      "equity_start": 1219.2479999999905,
      "equity_end": 1316.3079999999918,
      "win_rate_pct": 88.0,
      "pnl_pct": 7.960644594045023
    },
    {
      "month": "2026-04",
      "signals": 55,
      "wins": 19,
      "losses": 4,
      "no_fills": 21,
      "open": 0,
      "pnl": 33.199999999998,
      "trading_pnl": 33.199999999998,
      "bonus": 0.0,
      "closed_lots": 0.34000000000000014,
      "equity_start": 1316.3079999999918,
      "equity_end": 1349.5079999999898,
      "win_rate_pct": 82.6086956521739,
      "pnl_pct": 2.522206049040058
    },
    {
      "month": "2026-05",
      "signals": 54,
      "wins": 21,
      "losses": 6,
      "no_fills": 15,
      "open": 0,
      "pnl": 71.37999999999829,
      "trading_pnl": 71.37999999999829,
      "bonus": 0.0,
      "closed_lots": 0.3900000000000002,
      "equity_start": 1349.5079999999898,
      "equity_end": 1420.887999999988,
      "win_rate_pct": 77.77777777777779,