{
  "rank": 9,
  "candidate_id": "c0864ac279052a8c",
  "filter_preset": "self_limit",
  "metrics": {
    "candidate_id": "c0864ac279052a8c",
    "filter_preset": "self_limit",
    "passes_recommendation_gate": true,
    "passes_dd": true,
    "passes_edge": true,
    "passes_consistency": true,
    "passes_oos": true,
    "score": 541.7462222222107,
    "fixed_no_bonus_profit": 557.7559999999876,
    "fixed_with_bonus_profit": 572.665999999974,
    "bonus_contribution": 14.90999999998644,
    "concurrent_risk_max_dd_pct": 44.51779999999875,
    "risk_net_profit_with_bonus": 276.94699999996874,
    "stable_months": 14,
    "total_months": 18,
    "stable_fraction": 0.7777777777777778,
    "worst_month_pnl": -55.40799999999808,
    "oos_fixed_no_bonus_profit": 431.7439999999924
  },
  "monthly": [
    {
      "month": "2025-01",
      "signals": 57,
      "wins": 12,
      "losses": 15,
      "no_fills": 30,
      "open": 0,
      "pnl": -52.02599999999984,
      "trading_pnl": -52.02599999999984,
      "bonus": 0.0,
      "closed_lots": 0.2700000000000001,
      "equity_start": 1000.0,
      "equity_end": 947.9740000000002,
      "win_rate_pct": 44.44444444444444,
      "pnl_pct": -5.202599999999984
    },
    {
      "month": "2025-02",
      "signals": 42,
      "wins": 10,
      "losses": 8,
      "no_fills": 24,
      "open": 0,
      "pnl": -30.163000000001375,
      "trading_pnl": -30.163000000001375,
      "bonus": 0.0,
      "closed_lots": 0.18000000000000002,
      "equity_start": 947.9740000000002,
      "equity_end": 917.8109999999988,
      "win_rate_pct": 55.55555555555556,
      "pnl_pct": -3.18183832046041
    },
    {
      "month": "2025-03",
      "signals": 50,
      "wins": 20,
      "losses": 9,
      "no_fills": 21,
      "open": 0,
      "pnl": 21.23200000000179,
      "trading_pnl": 21.23200000000179,
      "bonus": 0.0,
      "closed_lots": 0.2900000000000001,
      "equity_start": 917.8109999999988,
      "equity_end": 939.0430000000006,
      "win_rate_pct": 68.96551724137932,
      "pnl_pct": 2.313330304387485
    },
    {
      "month": "2025-04",
      "signals": 48,
      "wins": 22,
      "losses": 6,
      "no_fills": 20,
      "open": 0,
      "pnl": 55.10000000000173,
      "trading_pnl": 55.10000000000173,
      "bonus": 0.0,
      "closed_lots": 0.2800000000000001,
      "equity_start": 939.0430000000006,
      "equity_end": 994.1430000000023,
      "win_rate_pct": 78.57142857142857,
      "pnl_pct": 5.867675921124134
    },
    {
      "month": "2025-05",
      "signals": 55,
      "wins": 13,
      "losses": 12,
      "no_fills": 30,
      "open": 0,
      "pnl": -55.40799999999808,
      "trading_pnl": -55.40799999999808,
      "bonus": 0.0,
      "closed_lots": 0.25000000000000006,
      "equity_start": 994.1430000000023,
      "equity_end": 938.7350000000042,
      "win_rate_pct": 52.0,
      "pnl_pct": -5.573443659513567
    },
    {
      "month": "2025-06",
      "signals": 57,
      "wins": 18,
      "losses": 12,
      "no_fills": 26,
      "open": 0,
      "pnl": -7.744999999999891,
      "trading_pnl": -7.744999999999891,
      "bonus": 0.0,
      "closed_lots": 0.3100000000000001,
      "equity_start": 938.7350000000042,
      "equity_end": 930.9900000000043,
      "win_rate_pct": 60.0,
      "pnl_pct": -0.825046472114053
    },
    {
      "month": "2025-07",
      "signals": 55,
      "wins": 15,
      "losses": 9,
      "no_fills": 31,
      "open": 0,
      "pnl": 6.476000000001022,
      "trading_pnl": 6.476000000001022,
      "bonus": 0.0,
      "closed_lots": 0.24000000000000007,
      "equity_start": 930.9900000000043,
      "equity_end": 937.4660000000054,
      "win_rate_pct": 62.5,
      "pnl_pct": 0.6956036047649268
    },
    {
      "month": "2025-08",
      "signals": 52,
      "wins": 20,
      "losses": 8,
      "no_fills": 24,
      "open": 0,
      "pnl": 43.90399999999681,
      "trading_pnl": 43.90399999999681,
      "bonus": 0.0,
      "closed_lots": 0.2800000000000001,
      "equity_start": 937.4660000000054,
      "equity_end": 981.3700000000022,
      "win_rate_pct": 71.42857142857143,
      "pnl_pct": 4.683263179677617
    },
    {
      "month": "2025-09",
      "signals": 45,
      "wins": 16,
      "losses": 12,
      "no_fills": 17,
      "open": 0,
      "pnl": 5.504999999997835,
      "trading_pnl": 5.504999999997835,
      "bonus": 0.0,
      "closed_lots": 0.2800000000000001,
      "equity_start": 981.3700000000022,
      "equity_end": 986.875,
      "win_rate_pct": 57.14285714285714,
      "pnl_pct": 0.5609505079631355
    },
    {
      "month": "2025-10",
      "signals": 51,
      "wins": 20,
      "losses": 5,
      "no_fills": 25,
      "open": 0,
      "pnl": 28.550999999997657,
      "trading_pnl": 28.550999999997657,
      "bonus": 0.0,
      "closed_lots": 0.26000000000000006,
      "equity_start": 986.875,
      "equity_end": 1015.4259999999977,
      "win_rate_pct": 80.0,
      "pnl_pct": 2.8930715642809535
    },
    {
      "month": "2025-11",
      "signals": 52,
      "wins": 26,
      "losses": 4,
      "no_fills": 21,
      "open": 0,
      "pnl": 85.57999999999811,
      "trading_pnl": 85.57999999999811,
      "bonus": 0.0,
      "closed_lots": 0.3100000000000001,
      "equity_start": 1015.4259999999977,
      "equity_end": 1101.0059999999958,
      "win_rate_pct": 86.66666666666667,
      "pnl_pct": 8.42798982889923
    },
    {
      "month": "2025-12",
      "signals": 62,
      "wins": 27,
      "losses": 8,
      "no_fills": 27,
      "open": 0,
      "pnl": 25.005999999999403,
      "trading_pnl": 25.005999999999403,
      "bonus": 0.0,
      "closed_lots": 0.35000000000000014,
      "equity_start": 1101.0059999999958,
      "equity_end": 1126.0119999999952,
      "win_rate_pct": 77.14285714285715,
      "pnl_pct": 2.271195615646009
    },
    {
      "month": "2026-01",
      "signals": 45,
      "wins": 21,
      "losses": 6,
      "no_fills": 17,
      "open": 0,
      "pnl": 24.308999999997468,
      "trading_pnl": 24.308999999997468,
      "bonus": 0.0,
      "closed_lots": 0.2800000000000001,
      "equity_start": 1126.0119999999952,
      "equity_end": 1150.3209999999926,
      "win_rate_pct": 77.77777777777779,
      "pnl_pct": 2.1588579873036498
    },
    {
      "month": "2026-02",
      "signals": 53,
      "wins": 19,
      "losses": 5,
      "no_fills": 26,
      "open": 0,
      "pnl": 59.860999999999876,
      "trading_pnl": 59.860999999999876,
      "bonus": 0.0,
      "closed_lots": 0.2700000000000001,
      "equity_start": 1150.3209999999926,
      "equity_end": 1210.1819999999925,
      "win_rate_pct": 79.16666666666666,
      "pnl_pct": 5.203851794412191
    },
    {
      "month": "2026-03",
      "signals": 64,
      "wins": 30,
      "losses": 3,
      "no_fills": 27,
      "open": 0,
      "pnl": 209.57999999999902,
      "trading_pnl": 209.57999999999902,
      "bonus": 0.0,
      "closed_lots": 0.37000000000000016,
      "equity_start": 1210.1819999999925,
      "equity_end": 1419.7619999999915,
      "win_rate_pct": 90.9090909090909,
      "pnl_pct": 17.31805629235936
    },
    {
      "month": "2026-04",
      "signals": 55,
      "wins": 23,
      "losses": 7,
      "no_fills": 24,
      "open": 0,
      "pnl": 12.323999999998705,
      "trading_pnl": 12.323999999998705,
      "bonus": 0.0,
      "closed_lots": 0.3100000000000001,
      "equity_start": 1419.7619999999915,
      "equity_end": 1432.0859999999902,
      "win_rate_pct": 76.66666666666667,
      "pnl_pct": 0.8680328111330475
    },
    {
      "month": "2026-05",
      "signals": 54,
      "wins": 22,
      "losses": 7,
      "no_fills": 25,
      "open": 0,
      "pnl": 88.88699999999608,
      "trading_pnl": 88.88699999999608,
      "bonus": 0.0,
      "closed_lots": 0.2900000000000001,
      "equity_start": 1432.0859999999902,
      "equity_end": 1520.9729999999863,
      "win_rate_pct": 75.86206896551724,