{
  "rank": 10,
  "candidate_id": "c943db887d793bdd",
  "filter_preset": "self_limit",
  "metrics": {
    "bonus_contribution": 26.459999999984575,
    "candidate_id": "c943db887d793bdd",
    "concurrent_risk_max_dd_pct": 15.553414258686848,
    "filter_preset": "self_limit",
    "fixed_no_bonus_profit": 623.01999999997,
    "fixed_with_bonus_profit": 649.4799999999545,
    "oos_fixed_no_bonus_profit": 460.099999999989,
    "passes_consistency": true,
    "passes_dd": true,
    "passes_edge": true,
    "passes_oos": true,
    "passes_recommendation_gate": true,
    "risk_net_profit_with_bonus": 613.0974999999453,
    "score": 495.75944444442337,
    "stable_fraction": 0.6111111111111112,
    "stable_months": 11,
    "total_months": 18,
    "worst_month_pnl": -54.49500000000262
  },
  "monthly": [
    {
      "month": "2025-01",
      "signals": 57,
      "wins": 14,
      "losses": 9,
      "no_fills": 32,
      "open": 0,
      "pnl": -18.20250000000351,
      "trading_pnl": -18.20250000000351,
      "bonus": 0.0,
      "closed_lots": 0.6100000000000003,
      "equity_start": 1000.0,
      "equity_end": 981.7974999999965,
      "win_rate_pct": 60.86956521739131,
      "pnl_pct": -1.8202500000003512
    },
    {
      "month": "2025-02",
      "signals": 42,
      "wins": 7,
      "losses": 6,
      "no_fills": 25,
      "open": 0,
      "pnl": -54.49500000000262,
      "trading_pnl": -54.49500000000262,
      "bonus": 0.0,
      "closed_lots": 0.3500000000000001,
      "equity_start": 981.7974999999965,
      "equity_end": 927.3024999999939,
      "win_rate_pct": 53.84615384615385,
      "pnl_pct": -5.5505335876291
    },
    {
      "month": "2025-03",
      "signals": 50,
      "wins": 20,
      "losses": 6,
      "no_fills": 22,
      "open": 0,
      "pnl": -11.3549999999982,
      "trading_pnl": -11.3549999999982,
      "bonus": 0.0,
      "closed_lots": 0.5700000000000002,
      "equity_start": 927.3024999999939,
      "equity_end": 915.9474999999957,
      "win_rate_pct": 76.92307692307693,
      "pnl_pct": -1.2245195068489814
    },
    {
      "month": "2025-04",
      "signals": 48,
      "wins": 18,
      "losses": 5,
      "no_fills": 21,
      "open": 0,
      "pnl": 83.26000000000204,
      "trading_pnl": 83.26000000000204,
      "bonus": 0.0,
      "closed_lots": 0.5200000000000002,
      "equity_start": 915.9474999999957,
      "equity_end": 999.2074999999977,
      "win_rate_pct": 78.26086956521739,
      "pnl_pct": 9.090040640975868
    },
    {
      "month": "2025-05",
      "signals": 55,
      "wins": 11,
      "losses": 5,
      "no_fills": 35,
      "open": 0,
      "pnl": -45.202499999997144,
      "trading_pnl": -45.202499999997144,
      "bonus": 0.0,
      "closed_lots": 0.41000000000000014,
      "equity_start": 999.2074999999977,
      "equity_end": 954.0050000000006,
      "win_rate_pct": 68.75,
      "pnl_pct": -4.523835139347658
    },
    {
      "month": "2025-06",
      "signals": 57,
      "wins": 11,
      "losses": 8,
      "no_fills": 35,
      "open": 0,
      "pnl": -52.037499999999454,
      "trading_pnl": -52.037499999999454,
      "bonus": 0.0,
      "closed_lots": 0.44000000000000017,
      "equity_start": 954.0050000000006,
      "equity_end": 901.9675000000011,
      "win_rate_pct": 57.89473684210527,
      "pnl_pct": -5.454635981991649
    },
    {
      "month": "2025-07",
      "signals": 55,
      "wins": 14,
      "losses": 7,
      "no_fills": 32,
      "open": 0,
      "pnl": -6.047499999999673,
      "trading_pnl": -6.047499999999673,
      "bonus": 0.0,
      "closed_lots": 0.43000000000000005,
      "equity_start": 901.9675000000011,
      "equity_end": 895.9200000000014,
      "win_rate_pct": 66.66666666666666,
      "pnl_pct": -0.6704787035009205
    },
    {
      "month": "2025-08",
      "signals": 52,
      "wins": 16,
      "losses": 3,
      "no_fills": 29,
      "open": 0,
      "pnl": 74.39999999999736,
      "trading_pnl": 74.39999999999736,
      "bonus": 0.0,
      "closed_lots": 0.40000000000000013,
      "equity_start": 895.9200000000014,
      "equity_end": 970.3199999999988,
      "win_rate_pct": 84.21052631578947,
      "pnl_pct": 8.304312885078717
    },
    {
      "month": "2025-09",
      "signals": 45,
      "wins": 11,
      "losses": 10,
      "no_fills": 22,
      "open": 0,
      "pnl": 77.94749999999567,
      "trading_pnl": 77.94749999999567,
      "bonus": 0.0,
      "closed_lots": 0.4900000000000002,
      "equity_start": 970.3199999999988,
      "equity_end": 1048.2674999999945,
      "win_rate_pct": 52.38095238095239,
      "pnl_pct": 8.033174622804411
    },
    {
      "month": "2025-10",
      "signals": 51,
      "wins": 15,
      "losses": 5,
      "no_fills": 28,
      "open": 0,
      "pnl": -12.132500000002437,
      "trading_pnl": -12.132500000002437,
      "bonus": 0.0,
      "closed_lots": 0.5200000000000002,
      "equity_start": 1048.2674999999945,
      "equity_end": 1036.134999999992,
      "win_rate_pct": 75.0,
      "pnl_pct": -1.1573858771737655
    },
    {
      "month": "2025-11",
      "signals": 52,
      "wins": 20,
      "losses": 3,
      "no_fills": 23,
      "open": 0,
      "pnl": 47.549999999994725,
      "trading_pnl": 47.549999999994725,
      "bonus": 0.0,
      "closed_lots": 0.5900000000000003,
      "equity_start": 1036.134999999992,
      "equity_end": 1083.6849999999868,
      "win_rate_pct": 86.95652173913044,
      "pnl_pct": 4.589170330120601
    },
    {
      "month": "2025-12",
      "signals": 62,
      "wins": 20,
      "losses": 4,
      "no_fills": 31,
      "open": 0,
      "pnl": 79.23499999999422,
      "trading_pnl": 79.23499999999422,
      "bonus": 0.0,
      "closed_lots": 0.6500000000000004,
      "equity_start": 1083.6849999999868,
      "equity_end": 1162.919999999981,
      "win_rate_pct": 83.33333333333334,
      "pnl_pct": 7.311626533540207
    },
    {
      "month": "2026-01",
      "signals": 45,
      "wins": 16,
      "losses": 2,
      "no_fills": 19,
      "open": 0,
      "pnl": 45.02249999999367,
      "trading_pnl": 45.02249999999367,
      "bonus": 0.0,
      "closed_lots": 0.5400000000000003,
      "equity_start": 1162.919999999981,
      "equity_end": 1207.9424999999746,
      "win_rate_pct": 88.88888888888889,
      "pnl_pct": 3.871504488700375
    },
    {
      "month": "2026-02",
      "signals": 53,
      "wins": 15,
      "losses": 2,
      "no_fills": 32,
      "open": 0,
      "pnl": 60.669999999997344,
      "trading_pnl": 60.669999999997344,
      "bonus": 0.0,
      "closed_lots": 0.3800000000000001,
      "equity_start": 1207.9424999999746,
      "equity_end": 1268.612499999972,
      "win_rate_pct": 88.23529411764706,
      "pnl_pct": 5.022590065338261
    },
    {
      "month": "2026-03",
      "signals": 64,
      "wins": 22,
      "losses": 3,
      "no_fills": 32,
      "open": 0,
      "pnl": 186.07000000000153,
      "trading_pnl": 186.07000000000153,
      "bonus": 0.0,
      "closed_lots": 0.6000000000000003,
      "equity_start": 1268.612499999972,
      "equity_end": 1454.6824999999735,
      "win_rate_pct": 88.0,
      "pnl_pct": 14.667205312891497
    },
    {
      "month": "2026-04",
      "signals": 55,
      "wins": 18,
      "losses": 3,
      "no_fills": 28,
      "open": 0,
      "pnl": 75.27749999999742,
      "trading_pnl": 75.27749999999742,
      "bonus": 0.0,
      "closed_lots": 0.5200000000000002,
      "equity_start": 1454.6824999999735,
      "equity_end": 1529.959999999971,
      "win_rate_pct": 85.71428571428571,
      "pnl_pct": 5.174840557991094
    },
    {
      "month": "2026-05",
      "signals": 54,
      "wins": 19,
      "losses": 5,
      "no_fills": 29,
      "open": 0,
      "pnl": 24.294999999996435,
      "trading_pnl": 24.294999999996435,
      "bonus": 0.0,
      "closed_lots": 0.4800000000000002,
      "equity_start": 1529.959999999971,
      "equity_end": 1554.2549999999674,
      "win_rate_pct": 79.16666666666666,