variant,initial_capital,final_equity,net_pnl,return_pct,max_drawdown_pct,max_daily_loss_pct,daily_win_rate,trading_days,signals,entries_filled,entry_win_rate,signal_win_rate,profit_factor,avg_win,avg_loss,payoff_ratio,max_consecutive_losing_signals,max_concurrent_open_signals_seen,max_open_lots_seen,tp3_hits,tp2_hits,tp1_hits,sl_hits,time_exits,trailing_stops,signals_rejected_by_daily_loss,signals_rejected_by_concurrency,signals_rejected_by_risk_budget
ts2k_e2_c1_d5_z6,2000.0,62556.77000000044,60556.77000000044,3027.838500000022,-8.252668630677036,-27.1519999999979,68.45637583892618,149,1396,2391,45.2530322040987,49.92836676217765,1.8596758440349108,121.07039741219926,-54.64809930178384,2.2154548641044363,10,33,0.82,193,0,0,1150,557,471,25,8797,0
ts2k_e3_c1_d5_z6,2000.0,77096.8500000006,75096.8500000006,3754.84250000003,-10.8977763704894,-42.11599999999778,66.44295302013423,149,1381,3552,45.15765765765766,48.87762490948588,1.8259477804308204,103.53292394014926,-47.39357998957752,2.1845347821987184,9,35,1.02,289,0,0,1708,833,693,77,8759,0
