{
  "rank": 12,
  "candidate_id": "f3781547ef4d3d97",
  "filter_preset": "self_limit",
  "metrics": {
    "candidate_id": "f3781547ef4d3d97",
    "filter_preset": "self_limit",
    "passes_recommendation_gate": false,
    "passes_dd": false,
    "passes_edge": true,
    "passes_consistency": true,
    "passes_oos": true,
    "score": 628.6104166666423,
    "fixed_no_bonus_profit": 752.1594999999643,
    "fixed_with_bonus_profit": 779.7894999999392,
    "bonus_contribution": 27.62999999997487,
    "concurrent_risk_max_dd_pct": 55.04829883735011,
    "risk_net_profit_with_bonus": 1842.0949999999089,
    "stable_months": 12,
    "total_months": 18,
    "stable_fraction": 0.6666666666666666,
    "worst_month_pnl": -40.303499999999985,
    "oos_fixed_no_bonus_profit": 508.6829999999977
  },
  "monthly": [
    {
      "month": "2025-01",
      "signals": 75,
      "wins": 16,
      "losses": 31,
      "no_fills": 28,
      "open": 0,
      "pnl": -40.303499999999985,
      "trading_pnl": -40.303499999999985,
      "bonus": 0.0,
      "closed_lots": 0.47000000000000025,
      "equity_start": 1000.0,
      "equity_end": 959.6965,
      "win_rate_pct": 34.04255319148936,
      "pnl_pct": -4.0303499999999985
    },
    {
      "month": "2025-02",
      "signals": 61,
      "wins": 23,
      "losses": 18,
      "no_fills": 20,
      "open": 0,
      "pnl": 17.673999999995885,
      "trading_pnl": 17.673999999995885,
      "bonus": 0.0,
      "closed_lots": 0.4100000000000002,
      "equity_start": 959.6965,
      "equity_end": 977.3704999999959,
      "win_rate_pct": 56.09756097560976,
      "pnl_pct": 1.8416238883851181
    },
    {
      "month": "2025-03",
      "signals": 70,
      "wins": 26,
      "losses": 28,
      "no_fills": 16,
      "open": 0,
      "pnl": 18.373000000002776,
      "trading_pnl": 18.373000000002776,
      "bonus": 0.0,
      "closed_lots": 0.5400000000000003,
      "equity_start": 977.3704999999959,
      "equity_end": 995.7434999999987,
      "win_rate_pct": 48.148148148148145,
      "pnl_pct": 1.8798398355590693
    },
    {
      "month": "2025-04",
      "signals": 65,
      "wins": 36,
      "losses": 18,
      "no_fills": 11,
      "open": 0,
      "pnl": -2.520999999999731,
      "trading_pnl": -2.520999999999731,
      "bonus": 0.0,
      "closed_lots": 0.5400000000000003,
      "equity_start": 995.7434999999987,
      "equity_end": 993.222499999999,
      "win_rate_pct": 66.66666666666666,
      "pnl_pct": -0.2531776506700505
    },
    {
      "month": "2025-05",
      "signals": 77,
      "wins": 31,
      "losses": 24,
      "no_fills": 22,
      "open": 0,
      "pnl": -29.807499999996708,
      "trading_pnl": -29.807499999996708,
      "bonus": 0.0,
      "closed_lots": 0.5500000000000003,
      "equity_start": 993.222499999999,
      "equity_end": 963.4150000000022,
      "win_rate_pct": 56.36363636363636,
      "pnl_pct": -3.001089886706829
    },
    {
      "month": "2025-06",
      "signals": 76,
      "wins": 33,
      "losses": 22,
      "no_fills": 21,
      "open": 0,
      "pnl": -31.046999999998206,
      "trading_pnl": -31.046999999998206,
      "bonus": 0.0,
      "closed_lots": 0.5500000000000003,
      "equity_start": 963.4150000000022,
      "equity_end": 932.368000000004,
      "win_rate_pct": 60.0,
      "pnl_pct": -3.2225987762281196
    },
    {
      "month": "2025-07",
      "signals": 77,
      "wins": 25,
      "losses": 27,
      "no_fills": 25,
      "open": 0,
      "pnl": -31.69149999999945,
      "trading_pnl": -31.69149999999945,
      "bonus": 0.0,
      "closed_lots": 0.5200000000000002,
      "equity_start": 932.368000000004,
      "equity_end": 900.6765000000046,
      "win_rate_pct": 48.07692307692308,
      "pnl_pct": -3.399033428860634
    },
    {
      "month": "2025-08",
      "signals": 75,
      "wins": 30,
      "losses": 33,
      "no_fills": 12,
      "open": 0,
      "pnl": -9.179500000006101,
      "trading_pnl": -9.179500000006101,
      "bonus": 0.0,
      "closed_lots": 0.6300000000000003,
      "equity_start": 900.6765000000046,
      "equity_end": 891.4969999999985,
      "win_rate_pct": 47.61904761904761,
      "pnl_pct": -1.0191783620429815
    },
    {
      "month": "2025-09",
      "signals": 64,
      "wins": 37,
      "losses": 15,
      "no_fills": 12,
      "open": 0,
      "pnl": 102.85399999999208,
      "trading_pnl": 102.85399999999208,
      "bonus": 0.0,
      "closed_lots": 0.5200000000000002,
      "equity_start": 891.4969999999985,
      "equity_end": 994.3509999999906,
      "win_rate_pct": 71.15384615384616,
      "pnl_pct": 11.537223344553292
    },
    {
      "month": "2025-10",
      "signals": 66,
      "wins": 40,
      "losses": 10,
      "no_fills": 16,
      "open": 0,
      "pnl": 53.03999999999178,
      "trading_pnl": 53.03999999999178,
      "bonus": 0.0,
      "closed_lots": 0.5000000000000002,
      "equity_start": 994.3509999999906,
      "equity_end": 1047.3909999999823,
      "win_rate_pct": 80.0,
      "pnl_pct": 5.334132514574057
    },
    {
      "month": "2025-11",
      "signals": 65,
      "wins": 41,
      "losses": 11,
      "no_fills": 13,
      "open": 0,
      "pnl": 98.86899999999287,
      "trading_pnl": 98.86899999999287,
      "bonus": 0.0,
      "closed_lots": 0.5200000000000002,
      "equity_start": 1047.3909999999823,
      "equity_end": 1146.2599999999752,
      "win_rate_pct": 78.84615384615384,
      "pnl_pct": 9.43955027301118
    },
    {
      "month": "2025-12",
      "signals": 75,
      "wins": 45,
      "losses": 11,
      "no_fills": 19,
      "open": 0,
      "pnl": 97.21649999999136,
      "trading_pnl": 97.21649999999136,
      "bonus": 0.0,
      "closed_lots": 0.5600000000000003,
      "equity_start": 1146.2599999999752,
      "equity_end": 1243.4764999999666,
      "win_rate_pct": 80.35714285714286,
      "pnl_pct": 8.481191003785655
    },
    {
      "month": "2026-01",
      "signals": 58,
      "wins": 32,
      "losses": 10,
      "no_fills": 16,
      "open": 0,
      "pnl": 80.08550000000287,
      "trading_pnl": 80.08550000000287,
      "bonus": 0.0,
      "closed_lots": 0.4200000000000002,
      "equity_start": 1243.4764999999666,
      "equity_end": 1323.5619999999694,
      "win_rate_pct": 76.19047619047619,
      "pnl_pct": 6.440451427912391
    },
    {
      "month": "2026-02",
      "signals": 72,
      "wins": 41,
      "losses": 11,
      "no_fills": 20,
      "open": 0,
      "pnl": 118.45499999999629,
      "trading_pnl": 118.45499999999629,
      "bonus": 0.0,
      "closed_lots": 0.5200000000000002,
      "equity_start": 1323.5619999999694,
      "equity_end": 1442.0169999999657,
      "win_rate_pct": 78.84615384615384,
      "pnl_pct": 8.94971297151165
    },
    {
      "month": "2026-03",
      "signals": 71,
      "wins": 52,
      "losses": 7,
      "no_fills": 12,
      "open": 0,
      "pnl": 182.63150000000041,
      "trading_pnl": 182.63150000000041,
      "bonus": 0.0,
      "closed_lots": 0.5900000000000003,
      "equity_start": 1442.0169999999657,
      "equity_end": 1624.6484999999661,
      "win_rate_pct": 88.13559322033898,
      "pnl_pct": 12.665003255856536
    },
    {
      "month": "2026-04",
      "signals": 73,
      "wins": 42,
      "losses": 13,
      "no_fills": 18,
      "open": 0,
      "pnl": 43.04149999999936,
      "trading_pnl": 43.04149999999936,
      "bonus": 0.0,
      "closed_lots": 0.5500000000000003,
      "equity_start": 1624.6484999999661,
      "equity_end": 1667.6899999999655,
      "win_rate_pct": 76.36363636363637,
      "pnl_pct": 2.649280752113473
    },
    {
      "month": "2026-05",
      "signals": 70,
      "wins": 43,
      "losses": 10,
      "no_fills": 17,
      "open": 0,
      "pnl": 49.93249999999716,
      "trading_pnl": 49.93249999999716,
      "bonus": 0.0,
      "closed_lots": 0.5300000000000002,
      "equity_start": 1667.6899999999655,
      "equity_end": 1717.6224999999627,