{
  "rank": 3,
  "candidate_id": "1c12c691874bfbd7",
  "filter_preset": "self_limit",
  "metrics": {
    "bonus_contribution": 62.8799999999801,
    "candidate_id": "1c12c691874bfbd7",
    "concurrent_risk_max_dd_pct": 36.17741597372668,
    "filter_preset": "self_limit",
    "fixed_no_bonus_profit": 1499.4744999999339,
    "fixed_with_bonus_profit": 1562.354499999914,
    "oos_fixed_no_bonus_profit": 1230.7239999999974,
    "passes_consistency": true,
    "passes_dd": true,
    "passes_edge": true,
    "passes_oos": true,
    "passes_recommendation_gate": true,
    "risk_net_profit_with_bonus": 1687.2339999999163,
    "score": 1307.330666666622,
    "stable_fraction": 0.6666666666666666,
    "stable_months": 12,
    "total_months": 18,
    "worst_month_pnl": -155.90849999999864
  },
  "monthly": [
    {
      "month": "2025-01",
      "signals": 75,
      "wins": 19,
      "losses": 25,
      "no_fills": 31,
      "open": 0,
      "pnl": -155.90849999999864,
      "trading_pnl": -155.90849999999864,
      "bonus": 0.0,
      "closed_lots": 1.2000000000000008,
      "equity_start": 1000.0,
      "equity_end": 844.0915000000014,
      "win_rate_pct": 43.18181818181818,
      "pnl_pct": -15.590849999999865
    },
    {
      "month": "2025-02",
      "signals": 61,
      "wins": 26,
      "losses": 13,
      "no_fills": 22,
      "open": 0,
      "pnl": 44.79199999998946,
      "trading_pnl": 44.79199999998946,
      "bonus": 0.0,
      "closed_lots": 0.9600000000000005,
      "equity_start": 844.0915000000014,
      "equity_end": 888.8834999999908,
      "win_rate_pct": 66.66666666666666,
      "pnl_pct": 5.306533711095229
    },
    {
      "month": "2025-03",
      "signals": 70,
      "wins": 40,
      "losses": 11,
      "no_fills": 19,
      "open": 0,
      "pnl": 72.69500000000562,
      "trading_pnl": 72.69500000000562,
      "bonus": 0.0,
      "closed_lots": 1.2300000000000009,
      "equity_start": 888.8834999999908,
      "equity_end": 961.5784999999964,
      "win_rate_pct": 78.43137254901961,
      "pnl_pct": 8.178237080563019
    },
    {
      "month": "2025-04",
      "signals": 65,
      "wins": 42,
      "losses": 7,
      "no_fills": 16,
      "open": 0,
      "pnl": 184.67699999999968,
      "trading_pnl": 184.67699999999968,
      "bonus": 0.0,
      "closed_lots": 1.2000000000000008,
      "equity_start": 961.5784999999964,
      "equity_end": 1146.2554999999961,
      "win_rate_pct": 85.71428571428571,
      "pnl_pct": 19.205608278471324
    },
    {
      "month": "2025-05",
      "signals": 77,
      "wins": 35,
      "losses": 15,
      "no_fills": 27,
      "open": 0,
      "pnl": -83.26149999999552,
      "trading_pnl": -83.26149999999552,
      "bonus": 0.0,
      "closed_lots": 1.2400000000000009,
      "equity_start": 1146.2554999999961,
      "equity_end": 1062.9940000000006,
      "win_rate_pct": 70.0,
      "pnl_pct": -7.263781940413443
    },
    {
      "month": "2025-06",
      "signals": 76,
      "wins": 32,
      "losses": 18,
      "no_fills": 26,
      "open": 0,
      "pnl": -76.06249999999909,
      "trading_pnl": -76.06249999999909,
      "bonus": 0.0,
      "closed_lots": 1.310000000000001,
      "equity_start": 1062.9940000000006,
      "equity_end": 986.9315000000015,
      "win_rate_pct": 64.0,
      "pnl_pct": -7.155496644383604
    },
    {
      "month": "2025-07",
      "signals": 77,
      "wins": 27,
      "losses": 18,
      "no_fills": 32,
      "open": 0,
      "pnl": -15.390500000003613,
      "trading_pnl": -15.390500000003613,
      "bonus": 0.0,
      "closed_lots": 1.1400000000000008,
      "equity_start": 986.9315000000015,
      "equity_end": 971.5409999999979,
      "win_rate_pct": 60.0,
      "pnl_pct": -1.5594294031554965
    },
    {
      "month": "2025-08",
      "signals": 75,
      "wins": 37,
      "losses": 19,
      "no_fills": 18,
      "open": 0,
      "pnl": -3.3355000000087793,
      "trading_pnl": -3.3355000000087793,
      "bonus": 0.0,
      "closed_lots": 1.4400000000000008,
      "equity_start": 971.5409999999979,
      "equity_end": 968.2054999999891,
      "win_rate_pct": 66.07142857142857,
      "pnl_pct": -0.343320559812585
    },
    {
      "month": "2025-09",
      "signals": 64,
      "wins": 35,
      "losses": 12,
      "no_fills": 17,
      "open": 0,
      "pnl": 112.71049999999195,
      "trading_pnl": 112.71049999999195,
      "bonus": 0.0,
      "closed_lots": 1.1600000000000008,
      "equity_start": 968.2054999999891,
      "equity_end": 1080.915999999981,
      "win_rate_pct": 74.46808510638297,
      "pnl_pct": 11.641175349653892
    },
    {
      "month": "2025-10",
      "signals": 66,
      "wins": 37,
      "losses": 9,
      "no_fills": 20,
      "open": 0,
      "pnl": -3.7160000000071705,
      "trading_pnl": -3.7160000000071705,
      "bonus": 0.0,
      "closed_lots": 1.1600000000000008,
      "equity_start": 1080.915999999981,
      "equity_end": 1077.199999999974,
      "win_rate_pct": 80.43478260869566,
      "pnl_pct": -0.34378249558774554
    },
    {
      "month": "2025-11",
      "signals": 65,
      "wins": 41,
      "losses": 6,
      "no_fills": 18,
      "open": 0,
      "pnl": 39.57049999997844,
      "trading_pnl": 39.57049999997844,
      "bonus": 0.0,
      "closed_lots": 1.1300000000000006,
      "equity_start": 1077.199999999974,
      "equity_end": 1116.7704999999523,
      "win_rate_pct": 87.2340425531915,
      "pnl_pct": 3.673458967692109
    },
    {
      "month": "2025-12",
      "signals": 75,
      "wins": 43,
      "losses": 4,
      "no_fills": 27,
      "open": 0,
      "pnl": 151.9799999999841,
      "trading_pnl": 151.9799999999841,
      "bonus": 0.0,
      "closed_lots": 1.1800000000000006,
      "equity_start": 1116.7704999999523,
      "equity_end": 1268.7504999999364,
      "win_rate_pct": 91.48936170212765,
      "pnl_pct": 13.60888383065192
    },
    {
      "month": "2026-01",
      "signals": 58,
      "wins": 31,
      "losses": 8,
      "no_fills": 19,
      "open": 0,
      "pnl": 156.96100000000388,
      "trading_pnl": 156.96100000000388,
      "bonus": 0.0,
      "closed_lots": 1.0100000000000005,
      "equity_start": 1268.7504999999364,
      "equity_end": 1425.7114999999403,
      "win_rate_pct": 79.48717948717949,
      "pnl_pct": 12.371305469437194
    },
    {
      "month": "2026-02",
      "signals": 72,
      "wins": 39,
      "losses": 4,
      "no_fills": 26,
      "open": 0,
      "pnl": 196.4899999999907,
      "trading_pnl": 196.4899999999907,
      "bonus": 0.0,
      "closed_lots": 1.1900000000000008,
      "equity_start": 1425.7114999999403,
      "equity_end": 1622.201499999931,
      "win_rate_pct": 90.69767441860465,
      "pnl_pct": 13.7818906559987
    },
    {
      "month": "2026-03",
      "signals": 71,
      "wins": 47,
      "losses": 5,
      "no_fills": 17,
      "open": 0,
      "pnl": 498.1790000000028,
      "trading_pnl": 498.1790000000028,
      "bonus": 0.0,
      "closed_lots": 1.290000000000001,
      "equity_start": 1622.201499999931,
      "equity_end": 2120.380499999934,
      "win_rate_pct": 90.38461538461539,
      "pnl_pct": 30.71005667298569
    },
    {
      "month": "2026-04",
      "signals": 73,
      "wins": 44,
      "losses": 7,
      "no_fills": 20,
      "open": 0,
      "pnl": 170.84149999999772,
      "trading_pnl": 170.84149999999772,
      "bonus": 0.0,
      "closed_lots": 1.3500000000000008,
      "equity_start": 2120.380499999934,
      "equity_end": 2291.2219999999315,
      "win_rate_pct": 86.27450980392157,
      "pnl_pct": 8.057115220593806
    },
    {
      "month": "2026-05",
      "signals": 70,
      "wins": 40,
      "losses": 6,
      "no_fills": 23,
      "open": 0,
      "pnl": 169.26549999999588,
      "trading_pnl": 169.26549999999588,
      "bonus": 0.0,
      "closed_lots": 1.1400000000000008,
      "equity_start": 2291.2219999999315,
      "equity_end": 2460.4874999999274,