{
  "rank": 2,
  "candidate_id": "64173564b2c411b1",
  "filter_preset": "self_limit",
  "metrics": {
    "bonus_contribution": 68.2199999999907,
    "candidate_id": "64173564b2c411b1",
    "concurrent_risk_max_dd_pct": 46.18615096714412,
    "filter_preset": "self_limit",
    "fixed_no_bonus_profit": 1582.348999999886,
    "fixed_with_bonus_profit": 1650.5689999998767,
    "oos_fixed_no_bonus_profit": 1223.1519999999696,
    "passes_consistency": true,
    "passes_dd": true,
    "passes_edge": true,
    "passes_oos": true,
    "passes_recommendation_gate": true,
    "risk_net_profit_with_bonus": 1657.1069999998876,
    "score": 1360.6873333332496,
    "stable_fraction": 0.6666666666666666,
    "stable_months": 12,
    "total_months": 18,
    "worst_month_pnl": -144.79399999999623
  },
  "monthly": [
    {
      "month": "2025-01",
      "signals": 75,
      "wins": 16,
      "losses": 30,
      "no_fills": 29,
      "open": 0,
      "pnl": -72.5130000000031,
      "trading_pnl": -72.5130000000031,
      "bonus": 0.0,
      "closed_lots": 1.2400000000000009,
      "equity_start": 1000.0,
      "equity_end": 927.4869999999969,
      "win_rate_pct": 34.78260869565217,
      "pnl_pct": -7.2513000000003105
    },
    {
      "month": "2025-02",
      "signals": 61,
      "wins": 22,
      "losses": 18,
      "no_fills": 21,
      "open": 0,
      "pnl": -17.46800000001531,
      "trading_pnl": -17.46800000001531,
      "bonus": 0.0,
      "closed_lots": 1.0700000000000007,
      "equity_start": 927.4869999999969,
      "equity_end": 910.0189999999816,
      "win_rate_pct": 55.00000000000001,
      "pnl_pct": -1.883368715681769
    },
    {
      "month": "2025-03",
      "signals": 70,
      "wins": 40,
      "losses": 13,
      "no_fills": 17,
      "open": 0,
      "pnl": 107.51600000000917,
      "trading_pnl": 107.51600000000917,
      "bonus": 0.0,
      "closed_lots": 1.320000000000001,
      "equity_start": 910.0189999999816,
      "equity_end": 1017.5349999999908,
      "win_rate_pct": 75.47169811320755,
      "pnl_pct": 11.814698374430792
    },
    {
      "month": "2025-04",
      "signals": 65,
      "wins": 35,
      "losses": 17,
      "no_fills": 13,
      "open": 0,
      "pnl": 151.03399999999647,
      "trading_pnl": 151.03399999999647,
      "bonus": 0.0,
      "closed_lots": 1.300000000000001,
      "equity_start": 1017.5349999999908,
      "equity_end": 1168.5689999999872,
      "win_rate_pct": 67.3076923076923,
      "pnl_pct": 14.843125789284677
    },
    {
      "month": "2025-05",
      "signals": 77,
      "wins": 29,
      "losses": 25,
      "no_fills": 23,
      "open": 0,
      "pnl": -84.86899999998695,
      "trading_pnl": -84.86899999998695,
      "bonus": 0.0,
      "closed_lots": 1.360000000000001,
      "equity_start": 1168.5689999999872,
      "equity_end": 1083.7000000000003,
      "win_rate_pct": 53.70370370370371,
      "pnl_pct": -7.262643455370448
    },
    {
      "month": "2025-06",
      "signals": 76,
      "wins": 28,
      "losses": 25,
      "no_fills": 23,
      "open": 0,
      "pnl": -107.52400000000534,
      "trading_pnl": -107.52400000000534,
      "bonus": 0.0,
      "closed_lots": 1.450000000000001,
      "equity_start": 1083.7000000000003,
      "equity_end": 976.1759999999949,
      "win_rate_pct": 52.83018867924528,
      "pnl_pct": -9.921934114607854
    },
    {
      "month": "2025-07",
      "signals": 77,
      "wins": 17,
      "losses": 33,
      "no_fills": 27,
      "open": 0,
      "pnl": -144.79399999999623,
      "trading_pnl": -144.79399999999623,
      "bonus": 0.0,
      "closed_lots": 1.340000000000001,
      "equity_start": 976.1759999999949,
      "equity_end": 831.3819999999987,
      "win_rate_pct": 34.0,
      "pnl_pct": -14.832776056776337
    },
    {
      "month": "2025-08",
      "signals": 75,
      "wins": 27,
      "losses": 33,
      "no_fills": 15,
      "open": 0,
      "pnl": -81.65500000001339,
      "trading_pnl": -81.65500000001339,
      "bonus": 0.0,
      "closed_lots": 1.5200000000000011,
      "equity_start": 831.3819999999987,
      "equity_end": 749.7269999999853,
      "win_rate_pct": 45.0,
      "pnl_pct": -9.8215982544743
    },
    {
      "month": "2025-09",
      "signals": 64,
      "wins": 29,
      "losses": 20,
      "no_fills": 15,
      "open": 0,
      "pnl": 138.6809999999864,
      "trading_pnl": 138.6809999999864,
      "bonus": 0.0,
      "closed_lots": 1.2200000000000009,
      "equity_start": 749.7269999999853,
      "equity_end": 888.4079999999717,
      "win_rate_pct": 59.183673469387756,
      "pnl_pct": 18.497533102047694
    },
    {
      "month": "2025-10",
      "signals": 66,
      "wins": 35,
      "losses": 13,
      "no_fills": 18,
      "open": 0,
      "pnl": 110.24599999998145,
      "trading_pnl": 110.24599999998145,
      "bonus": 0.0,
      "closed_lots": 1.2300000000000009,
      "equity_start": 888.4079999999717,
      "equity_end": 998.6539999999532,
      "win_rate_pct": 72.91666666666666,
      "pnl_pct": 12.409388479165537
    },
    {
      "month": "2025-11",
      "signals": 65,
      "wins": 38,
      "losses": 11,
      "no_fills": 16,
      "open": 0,
      "pnl": 132.049999999982,
      "trading_pnl": 132.049999999982,
      "bonus": 0.0,
      "closed_lots": 1.2100000000000009,
      "equity_start": 998.6539999999532,
      "equity_end": 1130.7039999999351,
      "win_rate_pct": 77.55102040816327,
      "pnl_pct": 13.22279788595331
    },
    {
      "month": "2025-12",
      "signals": 75,
      "wins": 44,
      "losses": 11,
      "no_fills": 20,
      "open": 0,
      "pnl": 228.4929999999813,
      "trading_pnl": 228.4929999999813,
      "bonus": 0.0,
      "closed_lots": 1.380000000000001,
      "equity_start": 1130.7039999999351,
      "equity_end": 1359.1969999999164,
      "win_rate_pct": 80.0,
      "pnl_pct": 20.208029687698495
    },
    {
      "month": "2026-01",
      "signals": 58,
      "wins": 31,
      "losses": 9,
      "no_fills": 18,
      "open": 0,
      "pnl": 381.720999999995,
      "trading_pnl": 381.720999999995,
      "bonus": 0.0,
      "closed_lots": 1.0700000000000007,
      "equity_start": 1359.1969999999164,
      "equity_end": 1740.9179999999114,
      "win_rate_pct": 77.5,
      "pnl_pct": 28.08430271697322
    },
    {
      "month": "2026-02",
      "signals": 72,
      "wins": 39,
      "losses": 11,
      "no_fills": 22,
      "open": 0,
      "pnl": 235.6799999999821,
      "trading_pnl": 235.6799999999821,
      "bonus": 0.0,
      "closed_lots": 1.310000000000001,
      "equity_start": 1740.9179999999114,
      "equity_end": 1976.5979999998935,
      "win_rate_pct": 78.0,
      "pnl_pct": 13.537685290174153
    },
    {
      "month": "2026-03",
      "signals": 71,
      "wins": 44,
      "losses": 13,
      "no_fills": 14,
      "open": 0,
      "pnl": 279.7769999999937,
      "trading_pnl": 279.7769999999937,
      "bonus": 0.0,
      "closed_lots": 1.380000000000001,
      "equity_start": 1976.5979999998935,
      "equity_end": 2256.374999999887,
      "win_rate_pct": 77.19298245614034,
      "pnl_pct": 14.15447147067885
    },
    {
      "month": "2026-04",
      "signals": 73,
      "wins": 39,
      "losses": 15,
      "no_fills": 19,
      "open": 0,
      "pnl": 37.68399999999383,
      "trading_pnl": 37.68399999999383,
      "bonus": 0.0,
      "closed_lots": 1.4200000000000008,
      "equity_start": 2256.374999999887,
      "equity_end": 2294.058999999881,
      "win_rate_pct": 72.22222222222221,
      "pnl_pct": 1.6701124591433476
    },
    {
      "month": "2026-05",
      "signals": 70,
      "wins": 36,
      "losses": 14,
      "no_fills": 20,
      "open": 0,
      "pnl": 196.5289999999968,
      "trading_pnl": 196.5289999999968,
      "bonus": 0.0,
      "closed_lots": 1.260000000000001,
      "equity_start": 2294.058999999881,
      "equity_end": 2490.587999999878,
      "win_rate_pct": 72.0,