{
  "rank": 7,
  "candidate_id": "ef6d203222e6ea3a",
  "filter_preset": "self_limit",
  "metrics": {
    "bonus_contribution": 27.62999999997487,
    "candidate_id": "ef6d203222e6ea3a",
    "concurrent_risk_max_dd_pct": 30.374785654510262,
    "filter_preset": "self_limit",
    "fixed_no_bonus_profit": 621.8639999999746,
    "fixed_with_bonus_profit": 649.4939999999494,
    "oos_fixed_no_bonus_profit": 403.89500000000635,
    "passes_consistency": true,
    "passes_dd": true,
    "passes_edge": true,
    "passes_oos": true,
    "passes_recommendation_gate": true,
    "risk_net_profit_with_bonus": 666.6299999999549,
    "score": 584.6457499999818,
    "stable_fraction": 0.7777777777777778,
    "stable_months": 14,
    "total_months": 18,
    "worst_month_pnl": -39.7199999999998
  },
  "monthly": [
    {
      "month": "2025-01",
      "signals": 75,
      "wins": 18,
      "losses": 29,
      "no_fills": 28,
      "open": 0,
      "pnl": -39.7199999999998,
      "trading_pnl": -39.7199999999998,
      "bonus": 0.0,
      "closed_lots": 0.47000000000000025,
      "equity_start": 1000.0,
      "equity_end": 960.2800000000002,
      "win_rate_pct": 38.297872340425535,
      "pnl_pct": -3.9719999999999795
    },
    {
      "month": "2025-02",
      "signals": 61,
      "wins": 28,
      "losses": 13,
      "no_fills": 20,
      "open": 0,
      "pnl": 7.787999999997282,
      "trading_pnl": 7.787999999997282,
      "bonus": 0.0,
      "closed_lots": 0.4100000000000002,
      "equity_start": 960.2800000000002,
      "equity_end": 968.0679999999975,
      "win_rate_pct": 68.29268292682927,
      "pnl_pct": 0.8110134544088475
    },
    {
      "month": "2025-03",
      "signals": 70,
      "wins": 30,
      "losses": 24,
      "no_fills": 16,
      "open": 0,
      "pnl": 18.406000000002678,
      "trading_pnl": 18.406000000002678,
      "bonus": 0.0,
      "closed_lots": 0.5400000000000003,
      "equity_start": 968.0679999999975,
      "equity_end": 986.4740000000002,
      "win_rate_pct": 55.55555555555556,
      "pnl_pct": 1.9013127177019307
    },
    {
      "month": "2025-04",
      "signals": 65,
      "wins": 41,
      "losses": 11,
      "no_fills": 11,
      "open": 0,
      "pnl": 32.08600000000115,
      "trading_pnl": 32.08600000000115,
      "bonus": 0.0,
      "closed_lots": 0.5400000000000003,
      "equity_start": 986.4740000000002,
      "equity_end": 1018.5600000000013,
      "win_rate_pct": 78.84615384615384,
      "pnl_pct": 3.2525945944851204
    },
    {
      "month": "2025-05",
      "signals": 77,
      "wins": 41,
      "losses": 14,
      "no_fills": 22,
      "open": 0,
      "pnl": 17.2400000000016,
      "trading_pnl": 17.2400000000016,
      "bonus": 0.0,
      "closed_lots": 0.5500000000000003,
      "equity_start": 1018.5600000000013,
      "equity_end": 1035.800000000003,
      "win_rate_pct": 74.54545454545455,
      "pnl_pct": 1.6925856110589044
    },
    {
      "month": "2025-06",
      "signals": 76,
      "wins": 38,
      "losses": 16,
      "no_fills": 21,
      "open": 0,
      "pnl": -24.118999999998778,
      "trading_pnl": -24.118999999998778,
      "bonus": 0.0,
      "closed_lots": 0.5500000000000003,
      "equity_start": 1035.800000000003,
      "equity_end": 1011.6810000000041,
      "win_rate_pct": 70.37037037037037,
      "pnl_pct": -2.3285383278623972
    },
    {
      "month": "2025-07",
      "signals": 77,
      "wins": 27,
      "losses": 25,
      "no_fills": 25,
      "open": 0,
      "pnl": -26.112999999999374,
      "trading_pnl": -26.112999999999374,
      "bonus": 0.0,
      "closed_lots": 0.5200000000000002,
      "equity_start": 1011.6810000000041,
      "equity_end": 985.5680000000048,
      "win_rate_pct": 51.92307692307693,
      "pnl_pct": -2.581149591620211
    },
    {
      "month": "2025-08",
      "signals": 75,
      "wins": 34,
      "losses": 28,
      "no_fills": 12,
      "open": 0,
      "pnl": -11.75000000000546,
      "trading_pnl": -11.75000000000546,
      "bonus": 0.0,
      "closed_lots": 0.6300000000000003,
      "equity_start": 985.5680000000048,
      "equity_end": 973.8179999999993,
      "win_rate_pct": 54.83870967741935,
      "pnl_pct": -1.1922059157770346
    },
    {
      "month": "2025-09",
      "signals": 64,
      "wins": 39,
      "losses": 12,
      "no_fills": 12,
      "open": 0,
      "pnl": 90.13099999999258,
      "trading_pnl": 90.13099999999258,
      "bonus": 0.0,
      "closed_lots": 0.5200000000000002,
      "equity_start": 973.8179999999993,
      "equity_end": 1063.9489999999919,
      "win_rate_pct": 76.47058823529412,
      "pnl_pct": 9.255425551796398
    },
    {
      "month": "2025-10",
      "signals": 66,
      "wins": 40,
      "losses": 6,
      "no_fills": 16,
      "open": 0,
      "pnl": 54.799999999991996,
      "trading_pnl": 54.799999999991996,
      "bonus": 0.0,
      "closed_lots": 0.5000000000000002,
      "equity_start": 1063.9489999999919,
      "equity_end": 1118.7489999999839,
      "win_rate_pct": 86.95652173913044,
      "pnl_pct": 5.150622821205943
    },
    {
      "month": "2025-11",
      "signals": 65,
      "wins": 41,
      "losses": 8,
      "no_fills": 13,
      "open": 0,
      "pnl": 53.09999999999354,
      "trading_pnl": 53.09999999999354,
      "bonus": 0.0,
      "closed_lots": 0.5200000000000002,
      "equity_start": 1118.7489999999839,
      "equity_end": 1171.8489999999774,
      "win_rate_pct": 83.6734693877551,
      "pnl_pct": 4.746372957651297
    },
    {
      "month": "2025-12",
      "signals": 75,
      "wins": 44,
      "losses": 7,
      "no_fills": 19,
      "open": 0,
      "pnl": 46.119999999990796,
      "trading_pnl": 46.119999999990796,
      "bonus": 0.0,
      "closed_lots": 0.5600000000000003,
      "equity_start": 1171.8489999999774,
      "equity_end": 1217.9689999999682,
      "win_rate_pct": 86.27450980392157,
      "pnl_pct": 3.935660652523634
    },
    {
      "month": "2026-01",
      "signals": 58,
      "wins": 33,
      "losses": 7,
      "no_fills": 16,
      "open": 0,
      "pnl": 23.00000000000273,
      "trading_pnl": 23.00000000000273,
      "bonus": 0.0,
      "closed_lots": 0.4200000000000002,
      "equity_start": 1217.9689999999682,
      "equity_end": 1240.968999999971,
      "win_rate_pct": 82.5,
      "pnl_pct": 1.8883896059754663
    },
    {
      "month": "2026-02",
      "signals": 72,
      "wins": 38,
      "losses": 5,
      "no_fills": 20,
      "open": 0,
      "pnl": 87.93699999999717,
      "trading_pnl": 87.93699999999717,
      "bonus": 0.0,
      "closed_lots": 0.5200000000000002,
      "equity_start": 1240.968999999971,
      "equity_end": 1328.9059999999681,
      "win_rate_pct": 88.37209302325581,
      "pnl_pct": 7.086156060304425
    },
    {
      "month": "2026-03",
      "signals": 71,
      "wins": 40,
      "losses": 3,
      "no_fills": 12,
      "open": 0,
      "pnl": 164.9900000000025,
      "trading_pnl": 164.9900000000025,
      "bonus": 0.0,
      "closed_lots": 0.5900000000000003,
      "equity_start": 1328.9059999999681,
      "equity_end": 1493.8959999999706,
      "win_rate_pct": 93.02325581395348,
      "pnl_pct": 12.415475586686076
    },
    {
      "month": "2026-04",
      "signals": 73,
      "wins": 43,
      "losses": 8,
      "no_fills": 18,
      "open": 0,
      "pnl": 59.95000000000073,
      "trading_pnl": 59.95000000000073,
      "bonus": 0.0,
      "closed_lots": 0.5500000000000003,
      "equity_start": 1493.8959999999706,
      "equity_end": 1553.8459999999714,
      "win_rate_pct": 84.31372549019608,
      "pnl_pct": 4.012996888672431
    },
    {
      "month": "2026-05",
      "signals": 70,
      "wins": 43,
      "losses": 6,
      "no_fills": 17,
      "open": 0,
      "pnl": 32.30799999999999,
      "trading_pnl": 32.30799999999999,
      "bonus": 0.0,
      "closed_lots": 0.5300000000000002,
      "equity_start": 1553.8459999999714,
      "equity_end": 1586.1539999999713,