{
  "rank": 1,
  "candidate_id": "0e86921b1c5e32b7",
  "filter_preset": "self_limit",
  "metrics": {
    "candidate_id": "0e86921b1c5e32b7",
    "filter_preset": "self_limit",
    "passes_recommendation_gate": true,
    "passes_dd": true,
    "passes_edge": true,
    "passes_consistency": true,
    "passes_oos": true,
    "score": 1619.3399305554929,
    "fixed_no_bonus_profit": 1712.1574999999243,
    "fixed_with_bonus_profit": 1775.037499999904,
    "bonus_contribution": 62.879999999979646,
    "concurrent_risk_max_dd_pct": 39.54105669526158,
    "risk_net_profit_with_bonus": 1768.6404999998908,
    "stable_months": 14,
    "total_months": 18,
    "stable_fraction": 0.7777777777777778,
    "worst_month_pnl": -149.92049999999745,
    "oos_fixed_no_bonus_profit": 1150.6474999999846
  },
  "monthly": [
    {
      "month": "2025-01",
      "signals": 75,
      "wins": 16,
      "losses": 28,
      "no_fills": 31,
      "open": 0,
      "pnl": -149.92049999999745,
      "trading_pnl": -149.92049999999745,
      "bonus": 0.0,
      "closed_lots": 1.2000000000000008,
      "equity_start": 1000.0,
      "equity_end": 850.0795000000026,
      "win_rate_pct": 36.36363636363637,
      "pnl_pct": -14.992049999999747
    },
    {
      "month": "2025-02",
      "signals": 61,
      "wins": 25,
      "losses": 14,
      "no_fills": 22,
      "open": 0,
      "pnl": 90.84099999999125,
      "trading_pnl": 90.84099999999125,
      "bonus": 0.0,
      "closed_lots": 0.9600000000000005,
      "equity_start": 850.0795000000026,
      "equity_end": 940.9204999999938,
      "win_rate_pct": 64.1025641025641,
      "pnl_pct": 10.686176998738468
    },
    {
      "month": "2025-03",
      "signals": 70,
      "wins": 35,
      "losses": 16,
      "no_fills": 19,
      "open": 0,
      "pnl": 76.9260000000063,
      "trading_pnl": 76.9260000000063,
      "bonus": 0.0,
      "closed_lots": 1.2300000000000009,
      "equity_start": 940.9204999999938,
      "equity_end": 1017.8465000000001,
      "win_rate_pct": 68.62745098039215,
      "pnl_pct": 8.17561101070779
    },
    {
      "month": "2025-04",
      "signals": 65,
      "wins": 41,
      "losses": 8,
      "no_fills": 16,
      "open": 0,
      "pnl": 199.70600000000059,
      "trading_pnl": 199.70600000000059,
      "bonus": 0.0,
      "closed_lots": 1.2000000000000008,
      "equity_start": 1017.8465000000001,
      "equity_end": 1217.5525000000007,
      "win_rate_pct": 83.6734693877551,
      "pnl_pct": 19.620443750604885
    },
    {
      "month": "2025-05",
      "signals": 77,
      "wins": 31,
      "losses": 19,
      "no_fills": 27,
      "open": 0,
      "pnl": -68.28649999999288,
      "trading_pnl": -68.28649999999288,
      "bonus": 0.0,
      "closed_lots": 1.2400000000000009,
      "equity_start": 1217.5525000000007,
      "equity_end": 1149.2660000000078,
      "win_rate_pct": 62.0,
      "pnl_pct": -5.608505588054137
    },
    {
      "month": "2025-06",
      "signals": 76,
      "wins": 28,
      "losses": 22,
      "no_fills": 26,
      "open": 0,
      "pnl": -144.7740000000008,
      "trading_pnl": -144.7740000000008,
      "bonus": 0.0,
      "closed_lots": 1.310000000000001,
      "equity_start": 1149.2660000000078,
      "equity_end": 1004.492000000007,
      "win_rate_pct": 56.00000000000001,
      "pnl_pct": -12.597083703859665
    },
    {
      "month": "2025-07",
      "signals": 77,
      "wins": 21,
      "losses": 24,
      "no_fills": 32,
      "open": 0,
      "pnl": -38.017999999999574,
      "trading_pnl": -38.017999999999574,
      "bonus": 0.0,
      "closed_lots": 1.1400000000000008,
      "equity_start": 1004.492000000007,
      "equity_end": 966.4740000000074,
      "win_rate_pct": 46.666666666666664,
      "pnl_pct": -3.7847986843100103
    },
    {
      "month": "2025-08",
      "signals": 75,
      "wins": 35,
      "losses": 22,
      "no_fills": 18,
      "open": 0,
      "pnl": 13.836499999990338,
      "trading_pnl": 13.836499999990338,
      "bonus": 0.0,
      "closed_lots": 1.4400000000000008,
      "equity_start": 966.4740000000074,
      "equity_end": 980.3104999999978,
      "win_rate_pct": 61.40350877192983,
      "pnl_pct": 1.4316474111036852
    },
    {
      "month": "2025-09",
      "signals": 64,
      "wins": 32,
      "losses": 14,
      "no_fills": 17,
      "open": 0,
      "pnl": 137.41349999999102,
      "trading_pnl": 137.41349999999102,
      "bonus": 0.0,
      "closed_lots": 1.1600000000000008,
      "equity_start": 980.3104999999978,
      "equity_end": 1117.7239999999888,
      "win_rate_pct": 69.56521739130434,
      "pnl_pct": 14.017344504622905
    },
    {
      "month": "2025-10",
      "signals": 66,
      "wins": 34,
      "losses": 12,
      "no_fills": 20,
      "open": 0,
      "pnl": 88.78349999999,
      "trading_pnl": 88.78349999999,
      "bonus": 0.0,
      "closed_lots": 1.1600000000000008,
      "equity_start": 1117.7239999999888,
      "equity_end": 1206.5074999999788,
      "win_rate_pct": 73.91304347826086,
      "pnl_pct": 7.943240012739361
    },
    {
      "month": "2025-11",
      "signals": 65,
      "wins": 39,
      "losses": 8,
      "no_fills": 18,
      "open": 0,
      "pnl": 157.06799999998066,
      "trading_pnl": 157.06799999998066,
      "bonus": 0.0,
      "closed_lots": 1.1300000000000006,
      "equity_start": 1206.5074999999788,
      "equity_end": 1363.5754999999594,
      "win_rate_pct": 82.97872340425532,
      "pnl_pct": 13.018402289250869
    },
    {
      "month": "2025-12",
      "signals": 75,
      "wins": 40,
      "losses": 8,
      "no_fills": 27,
      "open": 0,
      "pnl": 197.9344999999803,
      "trading_pnl": 197.9344999999803,
      "bonus": 0.0,
      "closed_lots": 1.1800000000000006,
      "equity_start": 1363.5754999999594,
      "equity_end": 1561.5099999999397,
      "win_rate_pct": 83.33333333333334,
      "pnl_pct": 14.515844557194388
    },
    {
      "month": "2026-01",
      "signals": 58,
      "wins": 32,
      "losses": 7,
      "no_fills": 19,
      "open": 0,
      "pnl": 136.09650000000056,
      "trading_pnl": 136.09650000000056,
      "bonus": 0.0,
      "closed_lots": 1.0100000000000005,
      "equity_start": 1561.5099999999397,
      "equity_end": 1697.6064999999403,
      "win_rate_pct": 82.05128205128204,
      "pnl_pct": 8.715698266421978
    },
    {
      "month": "2026-02",
      "signals": 72,
      "wins": 39,
      "losses": 6,
      "no_fills": 26,
      "open": 0,
      "pnl": 235.9764999999943,
      "trading_pnl": 235.9764999999943,
      "bonus": 0.0,
      "closed_lots": 1.1900000000000008,
      "equity_start": 1697.6064999999403,
      "equity_end": 1933.5829999999346,
      "win_rate_pct": 86.66666666666667,
      "pnl_pct": 13.900541733317032
    },
    {
      "month": "2026-03",
      "signals": 71,
      "wins": 46,
      "losses": 6,
      "no_fills": 17,
      "open": 0,
      "pnl": 478.3230000000003,
      "trading_pnl": 478.3230000000003,
      "bonus": 0.0,
      "closed_lots": 1.290000000000001,
      "equity_start": 1933.5829999999346,
      "equity_end": 2411.905999999935,
      "win_rate_pct": 88.46153846153845,
      "pnl_pct": 24.737650258614007
    },
    {
      "month": "2026-04",
      "signals": 73,
      "wins": 44,
      "losses": 9,
      "no_fills": 20,
      "open": 0,
      "pnl": 135.7899999999927,
      "trading_pnl": 135.7899999999927,
      "bonus": 0.0,
      "closed_lots": 1.3500000000000008,
      "equity_start": 2411.905999999935,
      "equity_end": 2547.6959999999276,
      "win_rate_pct": 83.01886792452831,
      "pnl_pct": 5.629987238308472
    },
    {
      "month": "2026-05",
      "signals": 70,
      "wins": 37,
      "losses": 10,
      "no_fills": 23,
      "open": 0,
      "pnl": 148.34549999999035,
      "trading_pnl": 148.34549999999035,
      "bonus": 0.0,
      "closed_lots": 1.1400000000000008,
      "equity_start": 2547.6959999999276,
      "equity_end": 2696.041499999918,