{
  "rank": 14,
  "candidate_id": "6a31d41bdcbd08f9",
  "filter_preset": "self_limit",
  "metrics": {
    "candidate_id": "6a31d41bdcbd08f9",
    "filter_preset": "self_limit",
    "passes_recommendation_gate": false,
    "passes_dd": false,
    "passes_edge": true,
    "passes_consistency": false,
    "passes_oos": true,
    "score": 437.7457361110536,
    "fixed_no_bonus_profit": 438.88299999988976,
    "fixed_with_bonus_profit": 505.12299999987476,
    "bonus_contribution": 66.239999999985,
    "concurrent_risk_max_dd_pct": 100.12669999999969,
    "risk_net_profit_with_bonus": -1001.2669999999969,
    "stable_months": 8,
    "total_months": 18,
    "stable_fraction": 0.4444444444444444,
    "worst_month_pnl": -145.5000000000041,
    "oos_fixed_no_bonus_profit": 970.7464999999661
  },
  "monthly": [
    {
      "month": "2025-01",
      "signals": 75,
      "wins": 17,
      "losses": 27,
      "no_fills": 31,
      "open": 0,
      "pnl": -58.095500000001266,
      "trading_pnl": -58.095500000001266,
      "bonus": 0.0,
      "closed_lots": 1.1600000000000008,
      "equity_start": 1000.0,
      "equity_end": 941.9044999999987,
      "win_rate_pct": 38.63636363636363,
      "pnl_pct": -5.809550000000127
    },
    {
      "month": "2025-02",
      "signals": 61,
      "wins": 14,
      "losses": 26,
      "no_fills": 21,
      "open": 0,
      "pnl": -91.52150000000984,
      "trading_pnl": -91.52150000000984,
      "bonus": 0.0,
      "closed_lots": 1.0300000000000007,
      "equity_start": 941.9044999999987,
      "equity_end": 850.3829999999889,
      "win_rate_pct": 35.0,
      "pnl_pct": -9.71664324780378
    },
    {
      "month": "2025-03",
      "signals": 70,
      "wins": 21,
      "losses": 27,
      "no_fills": 20,
      "open": 0,
      "pnl": -67.96399999999176,
      "trading_pnl": -67.96399999999176,
      "bonus": 0.0,
      "closed_lots": 1.2500000000000009,
      "equity_start": 850.3829999999889,
      "equity_end": 782.4189999999971,
      "win_rate_pct": 43.75,
      "pnl_pct": -7.992163531019863
    },
    {
      "month": "2025-04",
      "signals": 65,
      "wins": 21,
      "losses": 30,
      "no_fills": 12,
      "open": 0,
      "pnl": -119.17149999999629,
      "trading_pnl": -119.17149999999629,
      "bonus": 0.0,
      "closed_lots": 1.290000000000001,
      "equity_start": 782.4189999999971,
      "equity_end": 663.2475000000009,
      "win_rate_pct": 41.17647058823529,
      "pnl_pct": -15.231161308710131
    },
    {
      "month": "2025-05",
      "signals": 77,
      "wins": 18,
      "losses": 36,
      "no_fills": 23,
      "open": 0,
      "pnl": -93.17199999999366,
      "trading_pnl": -93.17199999999366,
      "bonus": 0.0,
      "closed_lots": 1.350000000000001,
      "equity_start": 663.2475000000009,
      "equity_end": 570.0755000000072,
      "win_rate_pct": 33.33333333333333,
      "pnl_pct": -14.047847899915725
    },
    {
      "month": "2025-06",
      "signals": 76,
      "wins": 24,
      "losses": 31,
      "no_fills": 21,
      "open": 0,
      "pnl": -145.5000000000041,
      "trading_pnl": -145.5000000000041,
      "bonus": 0.0,
      "closed_lots": 1.410000000000001,
      "equity_start": 570.0755000000072,
      "equity_end": 424.5755000000031,
      "win_rate_pct": 43.63636363636363,
      "pnl_pct": -25.52293511999766
    },
    {
      "month": "2025-07",
      "signals": 77,
      "wins": 16,
      "losses": 36,
      "no_fills": 25,
      "open": 0,
      "pnl": -111.56400000000349,
      "trading_pnl": -111.56400000000349,
      "bonus": 0.0,
      "closed_lots": 1.270000000000001,
      "equity_start": 424.5755000000031,
      "equity_end": 313.0114999999996,
      "win_rate_pct": 30.76923076923077,
      "pnl_pct": -26.276598626157817
    },
    {
      "month": "2025-08",
      "signals": 75,
      "wins": 23,
      "losses": 39,
      "no_fills": 13,
      "open": 0,
      "pnl": -41.513500000010026,
      "trading_pnl": -41.513500000010026,
      "bonus": 0.0,
      "closed_lots": 1.450000000000001,
      "equity_start": 313.0114999999996,
      "equity_end": 271.4979999999896,
      "win_rate_pct": 37.096774193548384,
      "pnl_pct": -13.262611757079238
    },
    {
      "month": "2025-09",
      "signals": 64,
      "wins": 22,
      "losses": 23,
      "no_fills": 17,
      "open": 0,
      "pnl": 92.7714999999921,
      "trading_pnl": 92.7714999999921,
      "bonus": 0.0,
      "closed_lots": 1.1200000000000008,
      "equity_start": 271.4979999999896,
      "equity_end": 364.2694999999817,
      "win_rate_pct": 48.888888888888886,
      "pnl_pct": 34.17023329821791
    },
    {
      "month": "2025-10",
      "signals": 66,
      "wins": 24,
      "losses": 23,
      "no_fills": 18,
      "open": 0,
      "pnl": -104.61400000001413,
      "trading_pnl": -104.61400000001413,
      "bonus": 0.0,
      "closed_lots": 1.2000000000000008,
      "equity_start": 364.2694999999817,
      "equity_end": 259.65549999996756,
      "win_rate_pct": 51.06382978723404,
      "pnl_pct": -28.718846897700573
    },
    {
      "month": "2025-11",
      "signals": 65,
      "wins": 27,
      "losses": 23,
      "no_fills": 13,
      "open": 0,
      "pnl": 125.23699999997916,
      "trading_pnl": 125.23699999997916,
      "bonus": 0.0,
      "closed_lots": 1.2200000000000009,
      "equity_start": 259.65549999996756,
      "equity_end": 384.8924999999467,
      "win_rate_pct": 54.0,
      "pnl_pct": 48.23198430227544
    },
    {
      "month": "2025-12",
      "signals": 75,
      "wins": 33,
      "losses": 21,
      "no_fills": 20,
      "open": 0,
      "pnl": 83.24399999997695,
      "trading_pnl": 83.24399999997695,
      "bonus": 0.0,
      "closed_lots": 1.400000000000001,
      "equity_start": 384.8924999999467,
      "equity_end": 468.13649999992367,
      "win_rate_pct": 61.111111111111114,
      "pnl_pct": 21.627857128935606
    },
    {
      "month": "2026-01",
      "signals": 58,
      "wins": 23,
      "losses": 19,
      "no_fills": 16,
      "open": 0,
      "pnl": 139.94399999999405,
      "trading_pnl": 139.94399999999405,
      "bonus": 0.0,
      "closed_lots": 1.0400000000000007,
      "equity_start": 468.13649999992367,
      "equity_end": 608.0804999999177,
      "win_rate_pct": 54.761904761904766,
      "pnl_pct": 29.893845064423918
    },
    {
      "month": "2026-02",
      "signals": 72,
      "wins": 32,
      "losses": 16,
      "no_fills": 20,
      "open": 0,
      "pnl": 219.0314999999764,
      "trading_pnl": 219.0314999999764,
      "bonus": 0.0,
      "closed_lots": 1.320000000000001,
      "equity_start": 608.0804999999177,
      "equity_end": 827.1119999998941,
      "win_rate_pct": 66.66666666666666,
      "pnl_pct": 36.02014864808295
    },
    {
      "month": "2026-03",
      "signals": 71,
      "wins": 32,
      "losses": 16,
      "no_fills": 16,
      "open": 0,
      "pnl": 441.82249999999567,
      "trading_pnl": 441.82249999999567,
      "bonus": 0.0,
      "closed_lots": 1.260000000000001,
      "equity_start": 827.1119999998941,
      "equity_end": 1268.9344999998898,
      "win_rate_pct": 66.66666666666666,
      "pnl_pct": 53.417493640529
    },
    {
      "month": "2026-04",
      "signals": 73,
      "wins": 32,
      "losses": 20,
      "no_fills": 19,
      "open": 0,
      "pnl": 50.42250000000149,
      "trading_pnl": 50.42250000000149,
      "bonus": 0.0,
      "closed_lots": 1.350000000000001,
      "equity_start": 1268.9344999998898,
      "equity_end": 1319.3569999998913,
      "win_rate_pct": 61.53846153846154,
      "pnl_pct": 3.9736093549356464
    },
    {
      "month": "2026-05",
      "signals": 70,
      "wins": 28,
      "losses": 21,
      "no_fills": 18,
      "open": 0,
      "pnl": 164.95949999999812,
      "trading_pnl": 164.95949999999812,
      "bonus": 0.0,
      "closed_lots": 1.2500000000000009,
      "equity_start": 1319.3569999998913,
      "equity_end": 1484.3164999998894,