{
  "rank": 9,
  "candidate_id": "36890184a60167c7",
  "filter_preset": "self_limit",
  "metrics": {
    "bonus_contribution": 18.209999999983438,
    "candidate_id": "36890184a60167c7",
    "concurrent_risk_max_dd_pct": 49.481047036520195,
    "filter_preset": "self_limit",
    "fixed_no_bonus_profit": 207.50949999999148,
    "fixed_with_bonus_profit": 225.71949999997491,
    "oos_fixed_no_bonus_profit": 222.41399999999885,
    "passes_consistency": true,
    "passes_dd": true,
    "passes_edge": true,
    "passes_oos": true,
    "passes_recommendation_gate": true,
    "risk_net_profit_with_bonus": -262.8145000000552,
    "score": 205.47147222221577,
    "stable_fraction": 0.7222222222222222,
    "stable_months": 13,
    "total_months": 18,
    "worst_month_pnl": -52.58150000000023
  },
  "monthly": [
    {
      "month": "2025-01",
      "signals": 75,
      "wins": 17,
      "losses": 16,
      "no_fills": 42,
      "open": 0,
      "pnl": -23.70300000000134,
      "trading_pnl": -23.70300000000134,
      "bonus": 0.0,
      "closed_lots": 0.3300000000000001,
      "equity_start": 1000.0,
      "equity_end": 976.2969999999987,
      "win_rate_pct": 51.515151515151516,
      "pnl_pct": -2.370300000000134
    },
    {
      "month": "2025-02",
      "signals": 61,
      "wins": 23,
      "losses": 8,
      "no_fills": 30,
      "open": 0,
      "pnl": 18.67399999999816,
      "trading_pnl": 18.67399999999816,
      "bonus": 0.0,
      "closed_lots": 0.3100000000000001,
      "equity_start": 976.2969999999987,
      "equity_end": 994.9709999999968,
      "win_rate_pct": 74.19354838709677,
      "pnl_pct": 1.9127376198019848
    },
    {
      "month": "2025-03",
      "signals": 70,
      "wins": 31,
      "losses": 7,
      "no_fills": 32,
      "open": 0,
      "pnl": 37.867499999999836,
      "trading_pnl": 37.867499999999836,
      "bonus": 0.0,
      "closed_lots": 0.38000000000000017,
      "equity_start": 994.9709999999968,
      "equity_end": 1032.8384999999967,
      "win_rate_pct": 81.57894736842105,
      "pnl_pct": 3.8058898199042943
    },
    {
      "month": "2025-04",
      "signals": 65,
      "wins": 30,
      "losses": 11,
      "no_fills": 24,
      "open": 0,
      "pnl": 29.141500000001088,
      "trading_pnl": 29.141500000001088,
      "bonus": 0.0,
      "closed_lots": 0.4100000000000002,
      "equity_start": 1032.8384999999967,
      "equity_end": 1061.9799999999977,
      "win_rate_pct": 73.17073170731707,
      "pnl_pct": 2.821496293951202
    },
    {
      "month": "2025-05",
      "signals": 77,
      "wins": 25,
      "losses": 10,
      "no_fills": 42,
      "open": 0,
      "pnl": -25.36200000000099,
      "trading_pnl": -25.36200000000099,
      "bonus": 0.0,
      "closed_lots": 0.35000000000000014,
      "equity_start": 1061.9799999999977,
      "equity_end": 1036.6179999999968,
      "win_rate_pct": 71.42857142857143,
      "pnl_pct": -2.388180568372384
    },
    {
      "month": "2025-06",
      "signals": 76,
      "wins": 23,
      "losses": 13,
      "no_fills": 40,
      "open": 0,
      "pnl": -52.58150000000023,
      "trading_pnl": -52.58150000000023,
      "bonus": 0.0,
      "closed_lots": 0.36000000000000015,
      "equity_start": 1036.6179999999968,
      "equity_end": 984.0364999999965,
      "win_rate_pct": 63.888888888888886,
      "pnl_pct": -5.0724085439381135
    },
    {
      "month": "2025-07",
      "signals": 77,
      "wins": 19,
      "losses": 8,
      "no_fills": 50,
      "open": 0,
      "pnl": 2.14049999999952,
      "trading_pnl": 2.14049999999952,
      "bonus": 0.0,
      "closed_lots": 0.2700000000000001,
      "equity_start": 984.0364999999965,
      "equity_end": 986.176999999996,
      "win_rate_pct": 70.37037037037037,
      "pnl_pct": 0.21752241913785994
    },
    {
      "month": "2025-08",
      "signals": 75,
      "wins": 26,
      "losses": 13,
      "no_fills": 36,
      "open": 0,
      "pnl": 15.492999999998574,
      "trading_pnl": 15.492999999998574,
      "bonus": 0.0,
      "closed_lots": 0.3900000000000002,
      "equity_start": 986.176999999996,
      "equity_end": 1001.6699999999946,
      "win_rate_pct": 66.66666666666666,
      "pnl_pct": 1.5710161563287965
    },
    {
      "month": "2025-09",
      "signals": 64,
      "wins": 28,
      "losses": 7,
      "no_fills": 29,
      "open": 0,
      "pnl": 7.24100000000044,
      "trading_pnl": 7.24100000000044,
      "bonus": 0.0,
      "closed_lots": 0.35000000000000014,
      "equity_start": 1001.6699999999946,
      "equity_end": 1008.910999999995,
      "win_rate_pct": 80.0,
      "pnl_pct": 0.7228927690756914
    },
    {
      "month": "2025-10",
      "signals": 66,
      "wins": 26,
      "losses": 6,
      "no_fills": 34,
      "open": 0,
      "pnl": -16.347499999998945,
      "trading_pnl": -16.347499999998945,
      "bonus": 0.0,
      "closed_lots": 0.3200000000000001,
      "equity_start": 1008.910999999995,
      "equity_end": 992.5634999999961,
      "win_rate_pct": 81.25,
      "pnl_pct": -1.6203114050693297
    },
    {
      "month": "2025-11",
      "signals": 65,
      "wins": 31,
      "losses": 6,
      "no_fills": 28,
      "open": 0,
      "pnl": 32.029499999996915,
      "trading_pnl": 32.029499999996915,
      "bonus": 0.0,
      "closed_lots": 0.37000000000000016,
      "equity_start": 992.5634999999961,
      "equity_end": 1024.592999999993,
      "win_rate_pct": 83.78378378378379,
      "pnl_pct": 3.2269471927989533
    },
    {
      "month": "2025-12",
      "signals": 75,
      "wins": 29,
      "losses": 9,
      "no_fills": 37,
      "open": 0,
      "pnl": -39.4975000000004,
      "trading_pnl": -39.4975000000004,
      "bonus": 0.0,
      "closed_lots": 0.38000000000000017,
      "equity_start": 1024.592999999993,
      "equity_end": 985.0954999999926,
      "win_rate_pct": 76.31578947368422,
      "pnl_pct": -3.854945329511393
    },
    {
      "month": "2026-01",
      "signals": 58,
      "wins": 23,
      "losses": 6,
      "no_fills": 29,
      "open": 0,
      "pnl": 52.95600000000468,
      "trading_pnl": 52.95600000000468,
      "bonus": 0.0,
      "closed_lots": 0.2900000000000001,
      "equity_start": 985.0954999999926,
      "equity_end": 1038.0514999999973,
      "win_rate_pct": 79.3103448275862,
      "pnl_pct": 5.3757224553360645
    },
    {
      "month": "2026-02",
      "signals": 72,
      "wins": 26,
      "losses": 2,
      "no_fills": 44,
      "open": 0,
      "pnl": 41.18499999999858,
      "trading_pnl": 41.18499999999858,
      "bonus": 0.0,
      "closed_lots": 0.2800000000000001,
      "equity_start": 1038.0514999999973,
      "equity_end": 1079.2364999999959,
      "win_rate_pct": 92.85714285714286,
      "pnl_pct": 3.967529549352675
    },
    {
      "month": "2026-03",
      "signals": 71,
      "wins": 34,
      "losses": 4,
      "no_fills": 33,
      "open": 0,
      "pnl": 54.57499999999891,
      "trading_pnl": 54.57499999999891,
      "bonus": 0.0,
      "closed_lots": 0.38000000000000017,
      "equity_start": 1079.2364999999959,
      "equity_end": 1133.8114999999948,
      "win_rate_pct": 89.47368421052632,
      "pnl_pct": 5.056815628455776
    },
    {
      "month": "2026-04",
      "signals": 73,
      "wins": 36,
      "losses": 4,
      "no_fills": 33,
      "open": 0,
      "pnl": 33.23899999999958,
      "trading_pnl": 33.23899999999958,
      "bonus": 0.0,
      "closed_lots": 0.4000000000000002,
      "equity_start": 1133.8114999999948,
      "equity_end": 1167.0504999999944,
      "win_rate_pct": 90.0,
      "pnl_pct": 2.93161605787203
    },
    {
      "month": "2026-05",
      "signals": 70,
      "wins": 29,
      "losses": 4,
      "no_fills": 37,
      "open": 0,
      "pnl": 31.98399999999856,
      "trading_pnl": 31.98399999999856,
      "bonus": 0.0,
      "closed_lots": 0.3300000000000001,
      "equity_start": 1167.0504999999944,
      "equity_end": 1199.034499999993,