{
  "rank": 6,
  "candidate_id": "459c9cf43bdad985",
  "filter_preset": "self_limit",
  "metrics": {
    "candidate_id": "459c9cf43bdad985",
    "filter_preset": "self_limit",
    "passes_recommendation_gate": true,
    "passes_dd": true,
    "passes_edge": true,
    "passes_consistency": true,
    "passes_oos": true,
    "score": 595.058749999951,
    "fixed_no_bonus_profit": 690.0299999999274,
    "fixed_with_bonus_profit": 736.7999999999095,
    "bonus_contribution": 46.76999999998202,
    "concurrent_risk_max_dd_pct": 30.983007444843945,
    "risk_net_profit_with_bonus": 901.694999999906,
    "stable_months": 12,
    "total_months": 18,
    "stable_fraction": 0.6666666666666666,
    "worst_month_pnl": -130.81999999999744,
    "oos_fixed_no_bonus_profit": 540.1549999999975
  },
  "monthly": [
    {
      "month": "2025-01",
      "signals": 75,
      "wins": 13,
      "losses": 26,
      "no_fills": 36,
      "open": 0,
      "pnl": -130.81999999999744,
      "trading_pnl": -130.81999999999744,
      "bonus": 0.0,
      "closed_lots": 0.9600000000000006,
      "equity_start": 1000.0,
      "equity_end": 869.1800000000026,
      "win_rate_pct": 33.33333333333333,
      "pnl_pct": -13.081999999999743
    },
    {
      "month": "2025-02",
      "signals": 61,
      "wins": 20,
      "losses": 11,
      "no_fills": 30,
      "open": 0,
      "pnl": 33.21999999999207,
      "trading_pnl": 33.21999999999207,
      "bonus": 0.0,
      "closed_lots": 0.7000000000000004,
      "equity_start": 869.1800000000026,
      "equity_end": 902.3999999999946,
      "win_rate_pct": 64.51612903225806,
      "pnl_pct": 3.8219931429614085
    },
    {
      "month": "2025-03",
      "signals": 70,
      "wins": 26,
      "losses": 17,
      "no_fills": 27,
      "open": 0,
      "pnl": 44.19000000000233,
      "trading_pnl": 44.19000000000233,
      "bonus": 0.0,
      "closed_lots": 0.9400000000000006,
      "equity_start": 902.3999999999946,
      "equity_end": 946.589999999997,
      "win_rate_pct": 60.46511627906976,
      "pnl_pct": 4.896941489361989
    },
    {
      "month": "2025-04",
      "signals": 65,
      "wins": 27,
      "losses": 19,
      "no_fills": 19,
      "open": 0,
      "pnl": -55.184999999999036,
      "trading_pnl": -55.184999999999036,
      "bonus": 0.0,
      "closed_lots": 0.8900000000000006,
      "equity_start": 946.589999999997,
      "equity_end": 891.4049999999979,
      "win_rate_pct": 58.69565217391305,
      "pnl_pct": -5.82987354609696
    },
    {
      "month": "2025-05",
      "signals": 77,
      "wins": 27,
      "losses": 16,
      "no_fills": 34,
      "open": 0,
      "pnl": 19.455000000007203,
      "trading_pnl": 19.455000000007203,
      "bonus": 0.0,
      "closed_lots": 0.9200000000000006,
      "equity_start": 891.4049999999979,
      "equity_end": 910.8600000000051,
      "win_rate_pct": 62.7906976744186,
      "pnl_pct": 2.182509633669011
    },
    {
      "month": "2025-06",
      "signals": 76,
      "wins": 23,
      "losses": 17,
      "no_fills": 36,
      "open": 0,
      "pnl": 34.559999999998126,
      "trading_pnl": 34.559999999998126,
      "bonus": 0.0,
      "closed_lots": 0.9200000000000006,
      "equity_start": 910.8600000000051,
      "equity_end": 945.4200000000033,
      "win_rate_pct": 57.49999999999999,
      "pnl_pct": 3.7942164547787733
    },
    {
      "month": "2025-07",
      "signals": 77,
      "wins": 13,
      "losses": 26,
      "no_fills": 38,
      "open": 0,
      "pnl": -97.70000000000346,
      "trading_pnl": -97.70000000000346,
      "bonus": 0.0,
      "closed_lots": 0.8900000000000006,
      "equity_start": 945.4200000000033,
      "equity_end": 847.7199999999998,
      "win_rate_pct": 33.33333333333333,
      "pnl_pct": -10.334031435764329
    },
    {
      "month": "2025-08",
      "signals": 75,
      "wins": 21,
      "losses": 25,
      "no_fills": 29,
      "open": 0,
      "pnl": -88.60500000001093,
      "trading_pnl": -88.60500000001093,
      "bonus": 0.0,
      "closed_lots": 1.1400000000000008,
      "equity_start": 847.7199999999998,
      "equity_end": 759.1149999999889,
      "win_rate_pct": 45.65217391304348,
      "pnl_pct": -10.45215401311883
    },
    {
      "month": "2025-09",
      "signals": 64,
      "wins": 27,
      "losses": 13,
      "no_fills": 24,
      "open": 0,
      "pnl": 49.689999999983684,
      "trading_pnl": 49.689999999983684,
      "bonus": 0.0,
      "closed_lots": 0.8100000000000005,
      "equity_start": 759.1149999999889,
      "equity_end": 808.8049999999726,
      "win_rate_pct": 67.5,
      "pnl_pct": 6.545780283617687
    },
    {
      "month": "2025-10",
      "signals": 66,
      "wins": 29,
      "losses": 15,
      "no_fills": 22,
      "open": 0,
      "pnl": 54.23999999998796,
      "trading_pnl": 54.23999999998796,
      "bonus": 0.0,
      "closed_lots": 0.9500000000000006,
      "equity_start": 808.8049999999726,
      "equity_end": 863.0449999999605,
      "win_rate_pct": 65.9090909090909,
      "pnl_pct": 6.706189996351382
    },
    {
      "month": "2025-11",
      "signals": 65,
      "wins": 29,
      "losses": 13,
      "no_fills": 23,
      "open": 0,
      "pnl": 235.16999999998325,
      "trading_pnl": 235.16999999998325,
      "bonus": 0.0,
      "closed_lots": 0.8100000000000005,
      "equity_start": 863.0449999999605,
      "equity_end": 1098.2149999999438,
      "win_rate_pct": 69.04761904761905,
      "pnl_pct": 27.248868830709178
    },
    {
      "month": "2025-12",
      "signals": 75,
      "wins": 28,
      "losses": 14,
      "no_fills": 33,
      "open": 0,
      "pnl": 51.65999999998621,
      "trading_pnl": 51.65999999998621,
      "bonus": 0.0,
      "closed_lots": 0.8700000000000006,
      "equity_start": 1098.2149999999438,
      "equity_end": 1149.87499999993,
      "win_rate_pct": 66.66666666666666,
      "pnl_pct": 4.70399694048878
    },
    {
      "month": "2026-01",
      "signals": 58,
      "wins": 18,
      "losses": 14,
      "no_fills": 26,
      "open": 0,
      "pnl": -9.2400000000016,
      "trading_pnl": -9.2400000000016,
      "bonus": 0.0,
      "closed_lots": 0.7200000000000003,
      "equity_start": 1149.87499999993,
      "equity_end": 1140.6349999999284,
      "win_rate_pct": 56.25,
      "pnl_pct": -0.8035656049572487
    },
    {
      "month": "2026-02",
      "signals": 72,
      "wins": 29,
      "losses": 10,
      "no_fills": 33,
      "open": 0,
      "pnl": 15.244999999987158,
      "trading_pnl": 15.244999999987158,
      "bonus": 0.0,
      "closed_lots": 0.7900000000000005,
      "equity_start": 1140.6349999999284,
      "equity_end": 1155.8799999999155,
      "win_rate_pct": 74.35897435897436,
      "pnl_pct": 1.3365362276265513
    },
    {
      "month": "2026-03",
      "signals": 71,
      "wins": 32,
      "losses": 11,
      "no_fills": 28,
      "open": 0,
      "pnl": 266.25000000000273,
      "trading_pnl": 266.25000000000273,
      "bonus": 0.0,
      "closed_lots": 0.8200000000000005,
      "equity_start": 1155.8799999999155,
      "equity_end": 1422.1299999999183,
      "win_rate_pct": 74.4186046511628,
      "pnl_pct": 23.034398034399953
    },
    {
      "month": "2026-04",
      "signals": 73,
      "wins": 27,
      "losses": 20,
      "no_fills": 26,
      "open": 0,
      "pnl": 65.48500000000422,
      "trading_pnl": 65.48500000000422,
      "bonus": 0.0,
      "closed_lots": 1.1200000000000008,
      "equity_start": 1422.1299999999183,
      "equity_end": 1487.6149999999225,
      "win_rate_pct": 57.446808510638306,
      "pnl_pct": 4.604712649336417
    },
    {
      "month": "2026-05",
      "signals": 70,
      "wins": 31,
      "losses": 9,
      "no_fills": 30,
      "open": 0,
      "pnl": 237.71000000000095,
      "trading_pnl": 237.71000000000095,
      "bonus": 0.0,
      "closed_lots": 0.8000000000000004,
      "equity_start": 1487.6149999999225,
      "equity_end": 1725.3249999999234,
      "win_rate_pct": 77.5,