{
  "rank": 8,
  "candidate_id": "c943db887d793bdd",
  "filter_preset": "self_limit",
  "metrics": {
    "bonus_contribution": 44.45999999998185,
    "candidate_id": "c943db887d793bdd",
    "concurrent_risk_max_dd_pct": 29.002150617720414,
    "filter_preset": "self_limit",
    "fixed_no_bonus_profit": 471.2149999999574,
    "fixed_with_bonus_profit": 515.6749999999392,
    "oos_fixed_no_bonus_profit": 453.6999999999948,
    "passes_consistency": true,
    "passes_dd": true,
    "passes_edge": true,
    "passes_oos": true,
    "passes_recommendation_gate": true,
    "risk_net_profit_with_bonus": 529.2474999999408,
    "score": 427.5683333333036,
    "stable_fraction": 0.6666666666666666,
    "stable_months": 12,
    "total_months": 18,
    "worst_month_pnl": -115.66250000000036
  },
  "monthly": [
    {
      "month": "2025-01",
      "signals": 75,
      "wins": 15,
      "losses": 22,
      "no_fills": 36,
      "open": 0,
      "pnl": -115.66250000000036,
      "trading_pnl": -115.66250000000036,
      "bonus": 0.0,
      "closed_lots": 0.8600000000000005,
      "equity_start": 1000.0,
      "equity_end": 884.3374999999996,
      "win_rate_pct": 40.54054054054054,
      "pnl_pct": -11.566250000000036
    },
    {
      "month": "2025-02",
      "signals": 61,
      "wins": 18,
      "losses": 9,
      "no_fills": 30,
      "open": 0,
      "pnl": 57.35499999999274,
      "trading_pnl": 57.35499999999274,
      "bonus": 0.0,
      "closed_lots": 0.6500000000000004,
      "equity_start": 884.3374999999996,
      "equity_end": 941.6924999999924,
      "win_rate_pct": 66.66666666666666,
      "pnl_pct": 6.485646034460007
    },
    {
      "month": "2025-03",
      "signals": 70,
      "wins": 27,
      "losses": 11,
      "no_fills": 27,
      "open": 0,
      "pnl": 8.087500000003274,
      "trading_pnl": 8.087500000003274,
      "bonus": 0.0,
      "closed_lots": 0.8900000000000006,
      "equity_start": 941.6924999999924,
      "equity_end": 949.7799999999957,
      "win_rate_pct": 71.05263157894737,
      "pnl_pct": 0.8588259968092917
    },
    {
      "month": "2025-04",
      "signals": 65,
      "wins": 29,
      "losses": 10,
      "no_fills": 19,
      "open": 0,
      "pnl": 47.187500000001364,
      "trading_pnl": 47.187500000001364,
      "bonus": 0.0,
      "closed_lots": 0.8700000000000006,
      "equity_start": 949.7799999999957,
      "equity_end": 996.967499999997,
      "win_rate_pct": 74.35897435897436,
      "pnl_pct": 4.9682558066080125
    },
    {
      "month": "2025-05",
      "signals": 77,
      "wins": 25,
      "losses": 13,
      "no_fills": 34,
      "open": 0,
      "pnl": -42.51249999999527,
      "trading_pnl": -42.51249999999527,
      "bonus": 0.0,
      "closed_lots": 0.8800000000000004,
      "equity_start": 996.967499999997,
      "equity_end": 954.4550000000017,
      "win_rate_pct": 65.78947368421053,
      "pnl_pct": -4.264181129274063
    },
    {
      "month": "2025-06",
      "signals": 76,
      "wins": 23,
      "losses": 13,
      "no_fills": 36,
      "open": 0,
      "pnl": -66.20750000000135,
      "trading_pnl": -66.20750000000135,
      "bonus": 0.0,
      "closed_lots": 0.9000000000000006,
      "equity_start": 954.4550000000017,
      "equity_end": 888.2475000000004,
      "win_rate_pct": 63.888888888888886,
      "pnl_pct": -6.93668114264174
    },
    {
      "month": "2025-07",
      "signals": 77,
      "wins": 19,
      "losses": 17,
      "no_fills": 38,
      "open": 0,
      "pnl": -48.85250000000133,
      "trading_pnl": -48.85250000000133,
      "bonus": 0.0,
      "closed_lots": 0.8300000000000005,
      "equity_start": 888.2475000000004,
      "equity_end": 839.3949999999991,
      "win_rate_pct": 52.77777777777778,
      "pnl_pct": -5.499874753376881
    },
    {
      "month": "2025-08",
      "signals": 75,
      "wins": 24,
      "losses": 16,
      "no_fills": 29,
      "open": 0,
      "pnl": -6.51250000000755,
      "trading_pnl": -6.51250000000755,
      "bonus": 0.0,
      "closed_lots": 1.0100000000000007,
      "equity_start": 839.3949999999991,
      "equity_end": 832.8824999999915,
      "win_rate_pct": 60.0,
      "pnl_pct": -0.7758564203989251
    },
    {
      "month": "2025-09",
      "signals": 64,
      "wins": 24,
      "losses": 12,
      "no_fills": 24,
      "open": 0,
      "pnl": 38.81499999999323,
      "trading_pnl": 38.81499999999323,
      "bonus": 0.0,
      "closed_lots": 0.7600000000000005,
      "equity_start": 832.8824999999915,
      "equity_end": 871.6974999999848,
      "win_rate_pct": 66.66666666666666,
      "pnl_pct": 4.660321233786714
    },
    {
      "month": "2025-10",
      "signals": 66,
      "wins": 30,
      "losses": 9,
      "no_fills": 22,
      "open": 0,
      "pnl": 36.962499999994634,
      "trading_pnl": 36.962499999994634,
      "bonus": 0.0,
      "closed_lots": 0.9100000000000006,
      "equity_start": 871.6974999999848,
      "equity_end": 908.6599999999794,
      "win_rate_pct": 76.92307692307693,
      "pnl_pct": 4.240289779424087
    },
    {
      "month": "2025-11",
      "signals": 65,
      "wins": 27,
      "losses": 4,
      "no_fills": 23,
      "open": 0,
      "pnl": 32.309999999991305,
      "trading_pnl": 32.309999999991305,
      "bonus": 0.0,
      "closed_lots": 0.7800000000000005,
      "equity_start": 908.6599999999794,
      "equity_end": 940.9699999999707,
      "win_rate_pct": 87.09677419354838,
      "pnl_pct": 3.5557854422987734
    },
    {
      "month": "2025-12",
      "signals": 75,
      "wins": 26,
      "losses": 7,
      "no_fills": 33,
      "open": 0,
      "pnl": 76.54499999999189,
      "trading_pnl": 76.54499999999189,
      "bonus": 0.0,
      "closed_lots": 0.8500000000000005,
      "equity_start": 940.9699999999707,
      "equity_end": 1017.5149999999626,
      "win_rate_pct": 78.78787878787878,
      "pnl_pct": 8.134690797793157
    },
    {
      "month": "2026-01",
      "signals": 58,
      "wins": 18,
      "losses": 8,
      "no_fills": 26,
      "open": 0,
      "pnl": -63.405000000001564,
      "trading_pnl": -63.405000000001564,
      "bonus": 0.0,
      "closed_lots": 0.6900000000000003,
      "equity_start": 1017.5149999999626,
      "equity_end": 954.109999999961,
      "win_rate_pct": 69.23076923076923,
      "pnl_pct": -6.231357768681925
    },
    {
      "month": "2026-02",
      "signals": 72,
      "wins": 24,
      "losses": 5,
      "no_fills": 33,
      "open": 0,
      "pnl": 55.49749999999585,
      "trading_pnl": 55.49749999999585,
      "bonus": 0.0,
      "closed_lots": 0.7700000000000005,
      "equity_start": 954.109999999961,
      "equity_end": 1009.6074999999569,
      "win_rate_pct": 82.75862068965517,
      "pnl_pct": 5.816677322321128
    },
    {
      "month": "2026-03",
      "signals": 71,
      "wins": 31,
      "losses": 3,
      "no_fills": 28,
      "open": 0,
      "pnl": 233.14000000000306,
      "trading_pnl": 233.14000000000306,
      "bonus": 0.0,
      "closed_lots": 0.8000000000000005,
      "equity_start": 1009.6074999999569,
      "equity_end": 1242.74749999996,
      "win_rate_pct": 91.17647058823529,
      "pnl_pct": 23.092142243397856
    },
    {
      "month": "2026-04",
      "signals": 73,
      "wins": 31,
      "losses": 9,
      "no_fills": 26,
      "open": 0,
      "pnl": 72.28249999999753,
      "trading_pnl": 72.28249999999753,
      "bonus": 0.0,
      "closed_lots": 1.0600000000000007,
      "equity_start": 1242.74749999996,
      "equity_end": 1315.0299999999575,
      "win_rate_pct": 77.5,
      "pnl_pct": 5.816346442056802
    },
    {
      "month": "2026-05",
      "signals": 70,
      "wins": 32,
      "losses": 2,
      "no_fills": 30,
      "open": 0,
      "pnl": 128.51999999999498,
      "trading_pnl": 128.51999999999498,
      "bonus": 0.0,
      "closed_lots": 0.7900000000000004,
      "equity_start": 1315.0299999999575,
      "equity_end": 1443.5499999999524,
      "win_rate_pct": 94.11764705882352,