{
  "rank": 10,
  "candidate_id": "bb3451562613809b",
  "filter_preset": "self_limit",
  "metrics": {
    "candidate_id": "bb3451562613809b",
    "filter_preset": "self_limit",
    "passes_recommendation_gate": false,
    "passes_dd": false,
    "passes_edge": true,
    "passes_consistency": true,
    "passes_oos": true,
    "score": 991.422027777699,
    "fixed_no_bonus_profit": 1201.9839999998894,
    "fixed_with_bonus_profit": 1279.083999999862,
    "bonus_contribution": 77.09999999997262,
    "concurrent_risk_max_dd_pct": 53.27385927851215,
    "risk_net_profit_with_bonus": 1142.8209999998599,
    "stable_months": 11,
    "total_months": 18,
    "stable_fraction": 0.6111111111111112,
    "worst_month_pnl": -182.06799999999703,
    "oos_fixed_no_bonus_profit": 1027.504999999955
  },
  "monthly": [
    {
      "month": "2025-01",
      "signals": 75,
      "wins": 15,
      "losses": 29,
      "no_fills": 31,
      "open": 0,
      "pnl": -182.06799999999703,
      "trading_pnl": -182.06799999999703,
      "bonus": 0.0,
      "closed_lots": 1.570000000000001,
      "equity_start": 1000.0,
      "equity_end": 817.932000000003,
      "win_rate_pct": 34.090909090909086,
      "pnl_pct": -18.206799999999703
    },
    {
      "month": "2025-02",
      "signals": 61,
      "wins": 25,
      "losses": 14,
      "no_fills": 22,
      "open": 0,
      "pnl": 172.28599999998823,
      "trading_pnl": 172.28599999998823,
      "bonus": 0.0,
      "closed_lots": 1.1600000000000004,
      "equity_start": 817.932000000003,
      "equity_end": 990.2179999999912,
      "win_rate_pct": 64.1025641025641,
      "pnl_pct": 21.06360919978526
    },
    {
      "month": "2025-03",
      "signals": 70,
      "wins": 34,
      "losses": 17,
      "no_fills": 19,
      "open": 0,
      "pnl": 6.566000000001161,
      "trading_pnl": 6.566000000001161,
      "bonus": 0.0,
      "closed_lots": 1.4900000000000009,
      "equity_start": 990.2179999999912,
      "equity_end": 996.7839999999924,
      "win_rate_pct": 66.66666666666666,
      "pnl_pct": 0.6630863102873528
    },
    {
      "month": "2025-04",
      "signals": 65,
      "wins": 38,
      "losses": 11,
      "no_fills": 16,
      "open": 0,
      "pnl": 67.65900000000238,
      "trading_pnl": 67.65900000000238,
      "bonus": 0.0,
      "closed_lots": 1.4200000000000006,
      "equity_start": 996.7839999999924,
      "equity_end": 1064.4429999999948,
      "win_rate_pct": 77.55102040816327,
      "pnl_pct": 6.78772933754985
    },
    {
      "month": "2025-05",
      "signals": 77,
      "wins": 26,
      "losses": 24,
      "no_fills": 27,
      "open": 0,
      "pnl": -126.97799999999324,
      "trading_pnl": -126.97799999999324,
      "bonus": 0.0,
      "closed_lots": 1.4900000000000007,
      "equity_start": 1064.4429999999948,
      "equity_end": 937.4650000000015,
      "win_rate_pct": 52.0,
      "pnl_pct": -11.929055853624277
    },
    {
      "month": "2025-06",
      "signals": 76,
      "wins": 33,
      "losses": 17,
      "no_fills": 26,
      "open": 0,
      "pnl": -62.42700000000423,
      "trading_pnl": -62.42700000000423,
      "bonus": 0.0,
      "closed_lots": 1.5900000000000007,
      "equity_start": 937.4650000000015,
      "equity_end": 875.0379999999973,
      "win_rate_pct": 66.0,
      "pnl_pct": -6.659128607468452
    },
    {
      "month": "2025-07",
      "signals": 77,
      "wins": 22,
      "losses": 23,
      "no_fills": 32,
      "open": 0,
      "pnl": -81.63900000000103,
      "trading_pnl": -81.63900000000103,
      "bonus": 0.0,
      "closed_lots": 1.4300000000000006,
      "equity_start": 875.0379999999973,
      "equity_end": 793.3989999999962,
      "win_rate_pct": 48.888888888888886,
      "pnl_pct": -9.32976625015157
    },
    {
      "month": "2025-08",
      "signals": 75,
      "wins": 34,
      "losses": 23,
      "no_fills": 18,
      "open": 0,
      "pnl": -18.887000000013813,
      "trading_pnl": -18.887000000013813,
      "bonus": 0.0,
      "closed_lots": 1.7500000000000009,
      "equity_start": 793.3989999999962,
      "equity_end": 774.5119999999824,
      "win_rate_pct": 59.64912280701754,
      "pnl_pct": -2.380517242902235
    },
    {
      "month": "2025-09",
      "signals": 64,
      "wins": 26,
      "losses": 20,
      "no_fills": 18,
      "open": 0,
      "pnl": -85.66100000000961,
      "trading_pnl": -85.66100000000961,
      "bonus": 0.0,
      "closed_lots": 1.4100000000000008,
      "equity_start": 774.5119999999824,
      "equity_end": 688.8509999999728,
      "win_rate_pct": 56.52173913043478,
      "pnl_pct": -11.059996488112715
    },
    {
      "month": "2025-10",
      "signals": 66,
      "wins": 28,
      "losses": 18,
      "no_fills": 20,
      "open": 0,
      "pnl": 14.8619999999828,
      "trading_pnl": 14.8619999999828,
      "bonus": 0.0,
      "closed_lots": 1.4300000000000008,
      "equity_start": 688.8509999999728,
      "equity_end": 703.7129999999556,
      "win_rate_pct": 60.86956521739131,
      "pnl_pct": 2.157505759588559
    },
    {
      "month": "2025-11",
      "signals": 65,
      "wins": 37,
      "losses": 10,
      "no_fills": 18,
      "open": 0,
      "pnl": 187.46199999998953,
      "trading_pnl": 187.46199999998953,
      "bonus": 0.0,
      "closed_lots": 1.3700000000000008,
      "equity_start": 703.7129999999556,
      "equity_end": 891.1749999999452,
      "win_rate_pct": 78.72340425531915,
      "pnl_pct": 26.63898492709405
    },
    {
      "month": "2025-12",
      "signals": 75,
      "wins": 36,
      "losses": 12,
      "no_fills": 27,
      "open": 0,
      "pnl": 283.3039999999892,
      "trading_pnl": 283.3039999999892,
      "bonus": 0.0,
      "closed_lots": 1.4600000000000009,
      "equity_start": 891.1749999999452,
      "equity_end": 1174.4789999999343,
      "win_rate_pct": 75.0,
      "pnl_pct": 31.78994024742689
    },
    {
      "month": "2026-01",
      "signals": 58,
      "wins": 28,
      "losses": 10,
      "no_fills": 18,
      "open": 0,
      "pnl": 169.2839999999942,
      "trading_pnl": 169.2839999999942,
      "bonus": 0.0,
      "closed_lots": 1.2500000000000007,
      "equity_start": 1174.4789999999343,
      "equity_end": 1343.7629999999285,
      "win_rate_pct": 73.68421052631578,
      "pnl_pct": 14.413539961123497
    },
    {
      "month": "2026-02",
      "signals": 72,
      "wins": 36,
      "losses": 10,
      "no_fills": 26,
      "open": 0,
      "pnl": 47.91399999997793,
      "trading_pnl": 47.91399999997793,
      "bonus": 0.0,
      "closed_lots": 1.4900000000000009,
      "equity_start": 1343.7629999999285,
      "equity_end": 1391.6769999999065,
      "win_rate_pct": 78.26086956521739,
      "pnl_pct": 3.565658527581164
    },
    {
      "month": "2026-03",
      "signals": 71,
      "wins": 41,
      "losses": 9,
      "no_fills": 18,
      "open": 0,
      "pnl": 536.668999999989,
      "trading_pnl": 536.668999999989,
      "bonus": 0.0,
      "closed_lots": 1.5000000000000009,
      "equity_start": 1391.6769999999065,
      "equity_end": 1928.3459999998954,
      "win_rate_pct": 82.0,
      "pnl_pct": 38.5627555819364
    },
    {
      "month": "2026-04",
      "signals": 73,
      "wins": 37,
      "losses": 16,
      "no_fills": 20,
      "open": 0,
      "pnl": 182.23499999999603,
      "trading_pnl": 182.23499999999603,
      "bonus": 0.0,
      "closed_lots": 1.7100000000000009,
      "equity_start": 1928.3459999998954,
      "equity_end": 2110.5809999998914,
      "win_rate_pct": 69.81132075471697,
      "pnl_pct": 9.45032686042888
    },
    {
      "month": "2026-05",
      "signals": 70,
      "wins": 37,
      "losses": 10,
      "no_fills": 23,
      "open": 0,
      "pnl": 131.68599999999515,
      "trading_pnl": 131.68599999999515,
      "bonus": 0.0,
      "closed_lots": 1.3600000000000008,
      "equity_start": 2110.5809999998914,
      "equity_end": 2242.2669999998866,
      "win_rate_pct": 78.72340425531915,