{
  "rank": 11,
  "candidate_id": "b4a4ef09328afcc0",
  "filter_preset": "self_limit",
  "metrics": {
    "candidate_id": "b4a4ef09328afcc0",
    "filter_preset": "self_limit",
    "passes_recommendation_gate": false,
    "passes_dd": false,
    "passes_edge": true,
    "passes_consistency": true,
    "passes_oos": true,
    "score": 877.6224444444108,
    "fixed_no_bonus_profit": 962.5564999999565,
    "fixed_with_bonus_profit": 1000.8664999999216,
    "bonus_contribution": 38.30999999996516,
    "concurrent_risk_max_dd_pct": 58.95885000000124,
    "risk_net_profit_with_bonus": 1736.326999999911,
    "stable_months": 13,
    "total_months": 18,
    "stable_fraction": 0.7222222222222222,
    "worst_month_pnl": -90.88800000000037,
    "oos_fixed_no_bonus_profit": 729.7709999999911
  },
  "monthly": [
    {
      "month": "2025-01",
      "signals": 75,
      "wins": 10,
      "losses": 32,
      "no_fills": 31,
      "open": 0,
      "pnl": -78.17349999999851,
      "trading_pnl": -78.17349999999851,
      "bonus": 0.0,
      "closed_lots": 0.7400000000000004,
      "equity_start": 1000.0,
      "equity_end": 921.8265000000015,
      "win_rate_pct": 23.809523809523807,
      "pnl_pct": -7.817349999999851
    },
    {
      "month": "2025-02",
      "signals": 61,
      "wins": 18,
      "losses": 20,
      "no_fills": 22,
      "open": 0,
      "pnl": 3.2874999999958163,
      "trading_pnl": 3.2874999999958163,
      "bonus": 0.0,
      "closed_lots": 0.6000000000000002,
      "equity_start": 921.8265000000015,
      "equity_end": 925.1139999999973,
      "win_rate_pct": 47.368421052631575,
      "pnl_pct": 0.3566289317996186
    },
    {
      "month": "2025-03",
      "signals": 70,
      "wins": 22,
      "losses": 22,
      "no_fills": 19,
      "open": 0,
      "pnl": 12.083500000002914,
      "trading_pnl": 12.083500000002914,
      "bonus": 0.0,
      "closed_lots": 0.7500000000000004,
      "equity_start": 925.1139999999973,
      "equity_end": 937.1975000000002,
      "win_rate_pct": 50.0,
      "pnl_pct": 1.3061633485173665
    },
    {
      "month": "2025-04",
      "signals": 65,
      "wins": 29,
      "losses": 13,
      "no_fills": 16,
      "open": 0,
      "pnl": 90.7229999999995,
      "trading_pnl": 90.7229999999995,
      "bonus": 0.0,
      "closed_lots": 0.7400000000000003,
      "equity_start": 937.1975000000002,
      "equity_end": 1027.9204999999997,
      "win_rate_pct": 69.04761904761905,
      "pnl_pct": 9.680243491899997
    },
    {
      "month": "2025-05",
      "signals": 77,
      "wins": 20,
      "losses": 24,
      "no_fills": 27,
      "open": 0,
      "pnl": -1.7369999999955326,
      "trading_pnl": -1.7369999999955326,
      "bonus": 0.0,
      "closed_lots": 0.7600000000000003,
      "equity_start": 1027.9204999999997,
      "equity_end": 1026.1835000000042,
      "win_rate_pct": 45.45454545454545,
      "pnl_pct": -0.1689819397507427
    },
    {
      "month": "2025-06",
      "signals": 76,
      "wins": 19,
      "losses": 25,
      "no_fills": 26,
      "open": 0,
      "pnl": -90.88800000000037,
      "trading_pnl": -90.88800000000037,
      "bonus": 0.0,
      "closed_lots": 0.8100000000000004,
      "equity_start": 1026.1835000000042,
      "equity_end": 935.2955000000038,
      "win_rate_pct": 43.18181818181818,
      "pnl_pct": -8.856895477270879
    },
    {
      "month": "2025-07",
      "signals": 77,
      "wins": 17,
      "losses": 26,
      "no_fills": 32,
      "open": 0,
      "pnl": -25.73850000000084,
      "trading_pnl": -25.73850000000084,
      "bonus": 0.0,
      "closed_lots": 0.6800000000000003,
      "equity_start": 935.2955000000038,
      "equity_end": 909.557000000003,
      "win_rate_pct": 39.53488372093023,
      "pnl_pct": -2.7519110270498186
    },
    {
      "month": "2025-08",
      "signals": 75,
      "wins": 27,
      "losses": 26,
      "no_fills": 18,
      "open": 0,
      "pnl": -5.725000000005366,
      "trading_pnl": -5.725000000005366,
      "bonus": 0.0,
      "closed_lots": 0.8600000000000005,
      "equity_start": 909.557000000003,
      "equity_end": 903.8319999999976,
      "win_rate_pct": 50.943396226415096,
      "pnl_pct": -0.629427292627658
    },
    {
      "month": "2025-09",
      "signals": 64,
      "wins": 27,
      "losses": 17,
      "no_fills": 17,
      "open": 0,
      "pnl": 122.13849999999275,
      "trading_pnl": 122.13849999999275,
      "bonus": 0.0,
      "closed_lots": 0.7200000000000004,
      "equity_start": 903.8319999999976,
      "equity_end": 1025.9704999999904,
      "win_rate_pct": 61.36363636363637,
      "pnl_pct": 13.513407358888937
    },
    {
      "month": "2025-10",
      "signals": 66,
      "wins": 25,
      "losses": 14,
      "no_fills": 20,
      "open": 0,
      "pnl": 29.954999999993106,
      "trading_pnl": 29.954999999993106,
      "bonus": 0.0,
      "closed_lots": 0.7000000000000004,
      "equity_start": 1025.9704999999904,
      "equity_end": 1055.9254999999835,
      "win_rate_pct": 64.1025641025641,
      "pnl_pct": 2.9196745910329183
    },
    {
      "month": "2025-11",
      "signals": 65,
      "wins": 27,
      "losses": 13,
      "no_fills": 18,
      "open": 0,
      "pnl": 111.77599999999029,
      "trading_pnl": 111.77599999999029,
      "bonus": 0.0,
      "closed_lots": 0.6600000000000004,
      "equity_start": 1055.9254999999835,
      "equity_end": 1167.7014999999737,
      "win_rate_pct": 67.5,
      "pnl_pct": 10.58559529057609
    },
    {
      "month": "2025-12",
      "signals": 75,
      "wins": 27,
      "losses": 14,
      "no_fills": 27,
      "open": 0,
      "pnl": 65.08399999999165,
      "trading_pnl": 65.08399999999165,
      "bonus": 0.0,
      "closed_lots": 0.7100000000000003,
      "equity_start": 1167.7014999999737,
      "equity_end": 1232.7854999999654,
      "win_rate_pct": 65.85365853658537,
      "pnl_pct": 5.573684713087472
    },
    {
      "month": "2026-01",
      "signals": 58,
      "wins": 17,
      "losses": 13,
      "no_fills": 19,
      "open": 0,
      "pnl": 80.8610000000017,
      "trading_pnl": 80.8610000000017,
      "bonus": 0.0,
      "closed_lots": 0.6100000000000002,
      "equity_start": 1232.7854999999654,
      "equity_end": 1313.646499999967,
      "win_rate_pct": 56.666666666666664,
      "pnl_pct": 6.559210827836956
    },
    {
      "month": "2026-02",
      "signals": 72,
      "wins": 31,
      "losses": 7,
      "no_fills": 26,
      "open": 0,
      "pnl": 96.4919999999911,
      "trading_pnl": 96.4919999999911,
      "bonus": 0.0,
      "closed_lots": 0.7300000000000004,
      "equity_start": 1313.646499999967,
      "equity_end": 1410.1384999999582,
      "win_rate_pct": 81.57894736842105,
      "pnl_pct": 7.345355086013894
    },
    {
      "month": "2026-03",
      "signals": 71,
      "wins": 36,
      "losses": 8,
      "no_fills": 17,
      "open": 0,
      "pnl": 334.38700000000154,
      "trading_pnl": 334.38700000000154,
      "bonus": 0.0,
      "closed_lots": 0.7800000000000005,
      "equity_start": 1410.1384999999582,
      "equity_end": 1744.5254999999597,
      "win_rate_pct": 81.81818181818183,
      "pnl_pct": 23.71306080927593
    },
    {
      "month": "2026-04",
      "signals": 73,
      "wins": 28,
      "losses": 16,
      "no_fills": 20,
      "open": 0,
      "pnl": 107.96999999999753,
      "trading_pnl": 107.96999999999753,
      "bonus": 0.0,
      "closed_lots": 0.8500000000000004,
      "equity_start": 1744.5254999999597,
      "equity_end": 1852.4954999999572,
      "win_rate_pct": 63.63636363636363,
      "pnl_pct": 6.1890754821296685
    },
    {
      "month": "2026-05",
      "signals": 70,
      "wins": 23,
      "losses": 12,
      "no_fills": 23,
      "open": 0,
      "pnl": 77.37349999999878,
      "trading_pnl": 77.37349999999878,
      "bonus": 0.0,
      "closed_lots": 0.6800000000000004,
      "equity_start": 1852.4954999999572,
      "equity_end": 1929.868999999956,