{
  "rank": 13,
  "candidate_id": "0e86921b1c5e32b7",
  "filter_preset": "self_limit",
  "metrics": {
    "candidate_id": "0e86921b1c5e32b7",
    "filter_preset": "self_limit",
    "passes_recommendation_gate": false,
    "passes_dd": false,
    "passes_edge": false,
    "passes_consistency": false,
    "passes_oos": true,
    "score": 5839.743750000238,
    "fixed_no_bonus_profit": -1008.7049999997621,
    "fixed_with_bonus_profit": -1022.0799999998602,
    "bonus_contribution": -13.375000000098112,
    "concurrent_risk_max_dd_pct": 103.25052453980663,
    "risk_net_profit_with_bonus": -1060.10999999992,
    "stable_months": 1,
    "total_months": 3,
    "stable_fraction": 0.3333333333333333,
    "worst_month_pnl": -1263.089999999736,
    "oos_fixed_no_bonus_profit": 24703.915000000634
  },
  "monthly": [
    {
      "month": "2025-01",
      "signals": 1292,
      "wins": 578,
      "losses": 412,
      "no_fills": 301,
      "open": 0,
      "pnl": -61.93999999992002,
      "trading_pnl": -61.93999999992002,
      "bonus": 0.0,
      "closed_lots": 26.420000000000243,
      "equity_start": 1000.0,
      "equity_end": 938.06000000008,
      "win_rate_pct": 58.38383838383838,
      "pnl_pct": -6.193999999992002
    },
    {
      "month": "2025-02",
      "signals": 1153,
      "wins": 593,
      "losses": 354,
      "no_fills": 202,
      "open": 0,
      "pnl": 316.32499999989386,
      "trading_pnl": 316.32499999989386,
      "bonus": 0.0,
      "closed_lots": 26.110000000000205,
      "equity_start": 938.06000000008,
      "equity_end": 1254.3849999999738,
      "win_rate_pct": 62.61879619852164,
      "pnl_pct": 33.721190542168614
    },
    {
      "month": "2025-03",
      "signals": 1131,
      "wins": 518,
      "losses": 457,
      "no_fills": 133,
      "open": 19,
      "pnl": -1263.089999999736,
      "trading_pnl": -1263.089999999736,
      "bonus": 0.0,
      "closed_lots": 27.680000000000273,
      "equity_start": 1254.3849999999738,
      "equity_end": -8.704999999762094,
      "win_rate_pct": 53.12820512820513,
      "pnl_pct": -100.69396556876575
    }
  ],
  "config": {
    "initial_capital": 1000.0,
    "sizing_mode": "risk",
    "lot_per_entry": 0.5,
    "risk_per_signal": 0.05,
    "minimum_lot": 0.01,
    "lot_step": 0.01,
    "bonus_per_closed_lot": 3.0,
    "entry_count": 3,
    "entry_ladder": "signal_range_3",
    "entry_sl_gap": 4.0,
    "activation_delay_minutes": 0,
    "pending_expiry_minutes": 420,
    "max_hold_minutes": 90,
    "sl_multiplier": 1.15,
    "final_target": "TP2",
    "lock_after_tp1": false,
    "lock_after_tp2": false,
    "shared_sl": false,
    "per_entry_targets": [],
    "bep_after_move": 0.0,
    "runner_trail_from": "TP3",
    "scale_out_at_tp1": false,
    "scale_out_at_tp2": false,
    "bep_after_tp1": false,
    "bep_buffer": 0.0,
    "trailing_close_after_stage": 0,
    "runner_no_final_cap": false,
    "trailing_open_distance": 1.0,
    "trailing_close_distance": 3.0,
    "trailing_close_min_step": 0.0,
    "trend_runner_enabled": false,
    "trend_runner_ema_fast": 21,
    "trend_runner_ema_slow": 55,
    "trend_runner_atr_period": 14,
    "trend_runner_atr_multiplier": 3.0,
    "trend_runner_override_max_hold": true,
    "tp1_lock_delay_minutes": 0,
    "tp2_lock_delay_minutes": 0,
    "profit_lock_mode": "bep_plus_half_tp1",
    "bep_trigger_distance": 6.0,
    "tp1_lock_fraction": 0.25,
    "tp2_lock_target": "TP1",
    "runner_after_tp3": false,
    "tp3_lock_target": "TP2"
  },
  "live_command": "python tools/auto_explicit.py \\\n  --signals generated/live_provider_self_limit.txt \\\n  --positions-json positions.json \\\n  --watch-interval 5 \\\n  --mt5-symbol XAUUSD \\\n  --mt5-server-offset 3 \\\n  --mt5-history-bars 3000 \\\n  --initial-capital 1000.0 \\\n  --sizing-mode risk \\\n  --lot 0.5 \\\n  --risk 0.05 \\\n  --minimum-lot 0.01 \\\n  --lot-step 0.01 \\\n  --bonus-per-closed-lot 3.0 \\\n  --entries 3 \\\n  --entry-ladder signal_range_3 \\\n  --entry-sl-gap 4.0 \\\n  --activation-delay 0 \\\n  --pending-expiry 420 \\\n  --max-hold 90 \\\n  --sl-multiplier 1.15 \\\n  --final-target TP2 \\\n  --lock-after-tp1 false \\\n  --lock-after-tp2 false \\\n  --tp1-lock-delay-minutes 0 \\\n  --tp2-lock-delay-minutes 0 \\\n  --profit-lock-mode bep_plus_half_tp1 \\\n  --bep-trigger-distance 6.0 \\\n  --tp1-lock-fraction 0.25 \\\n  --tp2-lock-target TP1 \\\n  --runner-after-tp3 false \\\n  --tp3-lock-target TP2 \\\n  --trailing-open-distance 1.0 \\\n  --trailing-close-distance 3.0"
}