{
  "rank": 15,
  "candidate_id": "64173564b2c411b1",
  "filter_preset": "self_limit",
  "metrics": {
    "candidate_id": "64173564b2c411b1",
    "filter_preset": "self_limit",
    "passes_recommendation_gate": false,
    "passes_dd": false,
    "passes_edge": false,
    "passes_consistency": false,
    "passes_oos": true,
    "score": 5633.43000000015,
    "fixed_no_bonus_profit": -1063.800000000123,
    "fixed_with_bonus_profit": -1024.66000000031,
    "bonus_contribution": 39.13999999981297,
    "concurrent_risk_max_dd_pct": 102.52995350941978,
    "risk_net_profit_with_bonus": -1051.4800000003645,
    "stable_months": 1,
    "total_months": 3,
    "stable_fraction": 0.3333333333333333,
    "worst_month_pnl": -1151.7899999997771,
    "oos_fixed_no_bonus_profit": 23952.120000000767
  },
  "monthly": [
    {
      "month": "2025-01",
      "signals": 1292,
      "wins": 575,
      "losses": 458,
      "no_fills": 259,
      "open": 0,
      "pnl": 430.1399999999835,
      "trading_pnl": 430.1399999999835,
      "bonus": 0.0,
      "closed_lots": 28.350000000000307,
      "equity_start": 1000.0,
      "equity_end": 1430.1399999999835,
      "win_rate_pct": 55.663117134559535,
      "pnl_pct": 43.01399999999835
    },
    {
      "month": "2025-02",
      "signals": 1153,
      "wins": 564,
      "losses": 418,
      "no_fills": 171,
      "open": 0,
      "pnl": -342.1500000003293,
      "trading_pnl": -342.1500000003293,
      "bonus": 0.0,
      "closed_lots": 27.620000000000275,
      "equity_start": 1430.1399999999835,
      "equity_end": 1087.9899999996542,
      "win_rate_pct": 57.43380855397149,
      "pnl_pct": -23.924231194172126
    },
    {
      "month": "2025-03",
      "signals": 1131,
      "wins": 506,
      "losses": 490,
      "no_fills": 112,
      "open": 22,
      "pnl": -1151.7899999997771,
      "trading_pnl": -1151.7899999997771,
      "bonus": 0.0,
      "closed_lots": 28.66000000000033,
      "equity_start": 1087.9899999996542,
      "equity_end": -63.800000000122964,
      "win_rate_pct": 50.80321285140562,
      "pnl_pct": -105.86402448553234
    }
  ],
  "config": {
    "initial_capital": 1000.0,
    "sizing_mode": "risk",
    "lot_per_entry": 0.5,
    "risk_per_signal": 0.05,
    "minimum_lot": 0.01,
    "lot_step": 0.01,
    "bonus_per_closed_lot": 3.0,
    "entry_count": 3,
    "entry_ladder": "signal_range_3",
    "entry_sl_gap": 2.0,
    "activation_delay_minutes": 10,
    "pending_expiry_minutes": 630,
    "max_hold_minutes": 60,
    "sl_multiplier": 2.3,
    "final_target": "TP1",
    "lock_after_tp1": true,
    "lock_after_tp2": false,
    "shared_sl": true,
    "per_entry_targets": [],
    "bep_after_move": 0.0,
    "runner_trail_from": "TP3",
    "scale_out_at_tp1": false,
    "scale_out_at_tp2": false,
    "bep_after_tp1": false,
    "bep_buffer": 0.0,
    "trailing_close_after_stage": 0,
    "runner_no_final_cap": false,
    "trailing_open_distance": 1.0,
    "trailing_close_distance": 5.0,
    "trailing_close_min_step": 0.0,
    "trend_runner_enabled": false,
    "trend_runner_ema_fast": 21,
    "trend_runner_ema_slow": 55,
    "trend_runner_atr_period": 14,
    "trend_runner_atr_multiplier": 3.0,
    "trend_runner_override_max_hold": true,
    "tp1_lock_delay_minutes": 5,
    "tp2_lock_delay_minutes": 0,
    "profit_lock_mode": "tp_levels",
    "bep_trigger_distance": 3.0,
    "tp1_lock_fraction": 0.5,
    "tp2_lock_target": "TP2",
    "runner_after_tp3": false,
    "tp3_lock_target": "TP2"
  },
  "live_command": "python tools/auto_explicit.py \\\n  --signals generated/live_provider_self_limit.txt \\\n  --positions-json positions.json \\\n  --watch-interval 5 \\\n  --mt5-symbol XAUUSD \\\n  --mt5-server-offset 3 \\\n  --mt5-history-bars 3000 \\\n  --initial-capital 1000.0 \\\n  --sizing-mode risk \\\n  --lot 0.5 \\\n  --risk 0.05 \\\n  --minimum-lot 0.01 \\\n  --lot-step 0.01 \\\n  --bonus-per-closed-lot 3.0 \\\n  --entries 3 \\\n  --entry-ladder signal_range_3 \\\n  --entry-sl-gap 2.0 \\\n  --activation-delay 10 \\\n  --pending-expiry 630 \\\n  --max-hold 60 \\\n  --sl-multiplier 2.3 \\\n  --final-target TP1 \\\n  --lock-after-tp1 true \\\n  --lock-after-tp2 false \\\n  --tp1-lock-delay-minutes 5 \\\n  --tp2-lock-delay-minutes 0 \\\n  --profit-lock-mode tp_levels \\\n  --bep-trigger-distance 3.0 \\\n  --tp1-lock-fraction 0.5 \\\n  --tp2-lock-target TP2 \\\n  --runner-after-tp3 false \\\n  --tp3-lock-target TP2 \\\n  --trailing-open-distance 1.0 \\\n  --trailing-close-distance 5.0"
}