{
  "rank": 9,
  "candidate_id": "c0315eec5580c8cb",
  "filter_preset": "self_limit",
  "metrics": {
    "candidate_id": "c0315eec5580c8cb",
    "filter_preset": "self_limit",
    "passes_recommendation_gate": false,
    "passes_dd": false,
    "passes_edge": true,
    "passes_consistency": true,
    "passes_oos": true,
    "score": 6706.39749999945,
    "fixed_no_bonus_profit": 7859.579999999265,
    "fixed_with_bonus_profit": 8381.489999999272,
    "bonus_contribution": 521.9100000000071,
    "concurrent_risk_max_dd_pct": 105.23878391300892,
    "risk_net_profit_with_bonus": -1066.2900000000402,
    "stable_months": 12,
    "total_months": 18,
    "stable_fraction": 0.6666666666666666,
    "worst_month_pnl": -458.5999999999967,
    "oos_fixed_no_bonus_profit": 5866.709999999761
  },
  "monthly": [
    {
      "month": "2025-01",
      "signals": 1292,
      "wins": 358,
      "losses": 405,
      "no_fills": 524,
      "open": 0,
      "pnl": -160.2999999999961,
      "trading_pnl": -160.2999999999961,
      "bonus": 0.0,
      "closed_lots": 7.679999999999881,
      "equity_start": 1000.0,
      "equity_end": 839.7000000000039,
      "win_rate_pct": 46.92005242463958,
      "pnl_pct": -16.029999999999607
    },
    {
      "month": "2025-02",
      "signals": 1153,
      "wins": 352,
      "losses": 430,
      "no_fills": 367,
      "open": 0,
      "pnl": -142.84000000008518,
      "trading_pnl": -142.84000000008518,
      "bonus": 0.0,
      "closed_lots": 7.859999999999877,
      "equity_start": 839.7000000000039,
      "equity_end": 696.8599999999187,
      "win_rate_pct": 45.012787723785166,
      "pnl_pct": -17.010837203773313
    },
    {
      "month": "2025-03",
      "signals": 1219,
      "wins": 498,
      "losses": 428,
      "no_fills": 292,
      "open": 0,
      "pnl": -96.23999999993384,
      "trading_pnl": -96.23999999993384,
      "bonus": 0.0,
      "closed_lots": 9.269999999999847,
      "equity_start": 696.8599999999187,
      "equity_end": 611.4999999999841,
      "win_rate_pct": 53.77969762419006,
      "pnl_pct": -13.81052148206886
    },
    {
      "month": "2025-04",
      "signals": 1222,
      "wins": 554,
      "losses": 477,
      "no_fills": 191,
      "open": 0,
      "pnl": 739.9299999999994,
      "trading_pnl": 739.9299999999994,
      "bonus": 0.0,
      "closed_lots": 10.309999999999825,
      "equity_start": 600.6199999999849,
      "equity_end": 1340.5499999999843,
      "win_rate_pct": 53.73423860329777,
      "pnl_pct": 123.19436582198695
    },
    {
      "month": "2025-05",
      "signals": 1278,
      "wins": 546,
      "losses": 461,
      "no_fills": 271,
      "open": 0,
      "pnl": 774.300000000097,
      "trading_pnl": 774.300000000097,
      "bonus": 0.0,
      "closed_lots": 10.06999999999983,
      "equity_start": 1340.5499999999843,
      "equity_end": 2114.8500000000813,
      "win_rate_pct": 54.220456802383325,
      "pnl_pct": 57.7598746783116
    },
    {
      "month": "2025-06",
      "signals": 1202,
      "wins": 448,
      "losses": 492,
      "no_fills": 262,
      "open": 0,
      "pnl": -266.5399999999827,
      "trading_pnl": -266.5399999999827,
      "bonus": 0.0,
      "closed_lots": 9.399999999999844,
      "equity_start": 2114.8500000000813,
      "equity_end": 1848.3100000000986,
      "win_rate_pct": 47.65957446808511,
      "pnl_pct": -12.603257914271577
    },
    {
      "month": "2025-07",
      "signals": 1350,
      "wins": 410,
      "losses": 484,
      "no_fills": 455,
      "open": 0,
      "pnl": -458.5999999999967,
      "trading_pnl": -458.5999999999967,
      "bonus": 0.0,
      "closed_lots": 8.949999999999854,
      "equity_start": 1848.3100000000986,
      "equity_end": 1400.2700000001023,
      "win_rate_pct": 45.86129753914989,
      "pnl_pct": -24.81185515416636
    },
    {
      "month": "2025-08",
      "signals": 1207,
      "wins": 416,
      "losses": 403,
      "no_fills": 388,
      "open": 0,
      "pnl": 79.19999999991069,
      "trading_pnl": 79.19999999991069,
      "bonus": 0.0,
      "closed_lots": 8.18999999999987,
      "equity_start": 1387.730000000101,
      "equity_end": 1468.9100000000126,
      "win_rate_pct": 50.79365079365079,
      "pnl_pct": 5.707162056012692
    },
    {
      "month": "2025-09",
      "signals": 1277,
      "wins": 491,
      "losses": 496,
      "no_fills": 286,
      "open": 0,
      "pnl": 169.84999999988668,
      "trading_pnl": 169.84999999988668,
      "bonus": 0.0,
      "closed_lots": 9.909999999999833,
      "equity_start": 1468.9100000000126,
      "equity_end": 1642.8999999998987,
      "win_rate_pct": 49.746707193515704,
      "pnl_pct": 11.562995690674391
    },
    {
      "month": "2025-10",
      "signals": 1343,
      "wins": 667,
      "losses": 487,
      "no_fills": 189,
      "open": 0,
      "pnl": 1437.3499999998594,
      "trading_pnl": 1437.3499999998594,
      "bonus": 0.0,
      "closed_lots": 11.539999999999798,
      "equity_start": 1638.7599999998993,
      "equity_end": 3076.1099999997587,
      "win_rate_pct": 57.798960138648184,
      "pnl_pct": 87.70960970489564
    },
    {
      "month": "2025-11",
      "signals": 1159,
      "wins": 541,
      "losses": 468,
      "no_fills": 150,
      "open": 0,
      "pnl": 82.22999999987178,
      "trading_pnl": 82.22999999987178,
      "bonus": 0.0,
      "closed_lots": 10.08999999999983,
      "equity_start": 3076.1099999997587,
      "equity_end": 3158.3399999996304,
      "win_rate_pct": 53.617443012884046,
      "pnl_pct": 2.6731813881778685
    },
    {
      "month": "2025-12",
      "signals": 1271,
      "wins": 562,
      "losses": 519,
      "no_fills": 185,
      "open": 0,
      "pnl": -165.47000000013577,
      "trading_pnl": -165.47000000013577,
      "bonus": 0.0,
      "closed_lots": 10.859999999999813,
      "equity_start": 3158.3399999996304,
      "equity_end": 2992.8699999994947,
      "win_rate_pct": 51.988899167437566,
      "pnl_pct": -5.239144613947679
    },
    {
      "month": "2026-01",
      "signals": 1230,
      "wins": 590,
      "losses": 473,
      "no_fills": 167,
      "open": 0,
      "pnl": 1564.7199999998575,
      "trading_pnl": 1564.7199999998575,
      "bonus": 0.0,
      "closed_lots": 10.629999999999818,
      "equity_start": 2992.8699999994947,
      "equity_end": 4557.589999999352,
      "win_rate_pct": 55.5032925682032,
      "pnl_pct": 52.28158924377342
    },
    {
      "month": "2026-02",
      "signals": 1167,
      "wins": 536,
      "losses": 548,
      "no_fills": 83,
      "open": 0,
      "pnl": 589.2499999999491,
      "trading_pnl": 589.2499999999491,
      "bonus": 0.0,
      "closed_lots": 10.839999999999813,
      "equity_start": 4557.589999999352,
      "equity_end": 5146.839999999301,
      "win_rate_pct": 49.44649446494465,
      "pnl_pct": 12.928982203314316
    },
    {
      "month": "2026-03",
      "signals": 1273,
      "wins": 585,
      "losses": 580,
      "no_fills": 108,
      "open": 0,
      "pnl": 1129.7299999999905,
      "trading_pnl": 1129.7299999999905,
      "bonus": 0.0,
      "closed_lots": 11.649999999999796,
      "equity_start": 5146.839999999301,
      "equity_end": 6338.029999999292,
      "win_rate_pct": 50.21459227467812,
      "pnl_pct": 21.949973187434306
    },
    {
      "month": "2026-04",
      "signals": 1213,
      "wins": 579,
      "losses": 496,
      "no_fills": 138,
      "open": 0,
      "pnl": 780.199999999968,
      "trading_pnl": 780.199999999968,
      "bonus": 0.0,
      "closed_lots": 10.749999999999815,
      "equity_start": 6276.569999999291,
      "equity_end": 7038.629999999263,
      "win_rate_pct": 53.860465116279066,
      "pnl_pct": 12.430356070274945
    },
    {
      "month": "2026-05",
      "signals": 1221,
      "wins": 608,
      "losses": 477,
      "no_fills": 136,
      "open": 0,
      "pnl": 1308.379999999981,
      "trading_pnl": 1308.379999999981,
      "bonus": 0.0,