{
  "rank": 14,
  "candidate_id": "1c12c691874bfbd7",
  "filter_preset": "self_limit",
  "metrics": {
    "candidate_id": "1c12c691874bfbd7",
    "filter_preset": "self_limit",
    "passes_recommendation_gate": false,
    "passes_dd": false,
    "passes_edge": false,
    "passes_consistency": false,
    "passes_oos": true,
    "score": 5702.248749999509,
    "fixed_no_bonus_profit": -1015.4450000000797,
    "fixed_with_bonus_profit": -1037.0300000000047,
    "bonus_contribution": -21.584999999925003,
    "concurrent_risk_max_dd_pct": 101.68238843387675,
    "risk_net_profit_with_bonus": -1031.6749999999713,
    "stable_months": 0,
    "total_months": 3,
    "stable_fraction": 0.0,
    "worst_month_pnl": -622.9849999999692,
    "oos_fixed_no_bonus_profit": 22808.994999998034
  },
  "monthly": [
    {
      "month": "2025-01",
      "signals": 1292,
      "wins": 625,
      "losses": 366,
      "no_fills": 301,
      "open": 0,
      "pnl": -622.9849999999692,
      "trading_pnl": -622.9849999999692,
      "bonus": 0.0,
      "closed_lots": 26.420000000000243,
      "equity_start": 1000.0,
      "equity_end": 377.0150000000308,
      "win_rate_pct": 63.06760847628657,
      "pnl_pct": -62.29849999999693
    },
    {
      "month": "2025-02",
      "signals": 1153,
      "wins": 657,
      "losses": 293,
      "no_fills": 202,
      "open": 0,
      "pnl": -18.960000000155105,
      "trading_pnl": -18.960000000155105,
      "bonus": 0.0,
      "closed_lots": 26.110000000000205,
      "equity_start": 377.0150000000308,
      "equity_end": 358.0549999998757,
      "win_rate_pct": 69.15789473684211,
      "pnl_pct": -5.0289776269256015
    },
    {
      "month": "2025-03",
      "signals": 495,
      "wins": 297,
      "losses": 154,
      "no_fills": 37,
      "open": 3,
      "pnl": -373.49999999995543,
      "trading_pnl": -373.49999999995543,
      "bonus": 0.0,
      "closed_lots": 12.869999999999912,
      "equity_start": 358.0549999998757,
      "equity_end": -15.445000000079744,
      "win_rate_pct": 65.85365853658537,
      "pnl_pct": -104.31358310876404
    }
  ],
  "config": {
    "initial_capital": 1000.0,
    "sizing_mode": "risk",
    "lot_per_entry": 0.5,
    "risk_per_signal": 0.05,
    "minimum_lot": 0.01,
    "lot_step": 0.01,
    "bonus_per_closed_lot": 3.0,
    "entry_count": 3,
    "entry_ladder": "signal_range_3",
    "entry_sl_gap": 1.0,
    "activation_delay_minutes": 0,
    "pending_expiry_minutes": 420,
    "max_hold_minutes": 90,
    "sl_multiplier": 1.45,
    "final_target": "TP1",
    "lock_after_tp1": true,
    "lock_after_tp2": false,
    "shared_sl": true,
    "per_entry_targets": [],
    "bep_after_move": 0.0,
    "runner_trail_from": "TP3",
    "scale_out_at_tp1": false,
    "scale_out_at_tp2": false,
    "bep_after_tp1": false,
    "bep_buffer": 0.0,
    "trailing_close_after_stage": 0,
    "runner_no_final_cap": false,
    "trailing_open_distance": 1.0,
    "trailing_close_distance": 2.0,
    "trailing_close_min_step": 0.0,
    "trend_runner_enabled": false,
    "trend_runner_ema_fast": 21,
    "trend_runner_ema_slow": 55,
    "trend_runner_atr_period": 14,
    "trend_runner_atr_multiplier": 3.0,
    "trend_runner_override_max_hold": true,
    "tp1_lock_delay_minutes": 3,
    "tp2_lock_delay_minutes": 0,
    "profit_lock_mode": "bep_plus_half_tp1",
    "bep_trigger_distance": 4.0,
    "tp1_lock_fraction": 0.5,
    "tp2_lock_target": "TP2",
    "runner_after_tp3": false,
    "tp3_lock_target": "TP2"
  },
  "live_command": "python tools/auto_explicit.py \\\n  --signals generated/live_provider_self_limit.txt \\\n  --positions-json positions.json \\\n  --watch-interval 5 \\\n  --mt5-symbol XAUUSD \\\n  --mt5-server-offset 3 \\\n  --mt5-history-bars 3000 \\\n  --initial-capital 1000.0 \\\n  --sizing-mode risk \\\n  --lot 0.5 \\\n  --risk 0.05 \\\n  --minimum-lot 0.01 \\\n  --lot-step 0.01 \\\n  --bonus-per-closed-lot 3.0 \\\n  --entries 3 \\\n  --entry-ladder signal_range_3 \\\n  --entry-sl-gap 1.0 \\\n  --activation-delay 0 \\\n  --pending-expiry 420 \\\n  --max-hold 90 \\\n  --sl-multiplier 1.45 \\\n  --final-target TP1 \\\n  --lock-after-tp1 true \\\n  --lock-after-tp2 false \\\n  --tp1-lock-delay-minutes 3 \\\n  --tp2-lock-delay-minutes 0 \\\n  --profit-lock-mode bep_plus_half_tp1 \\\n  --bep-trigger-distance 4.0 \\\n  --tp1-lock-fraction 0.5 \\\n  --tp2-lock-target TP2 \\\n  --runner-after-tp3 false \\\n  --tp3-lock-target TP2 \\\n  --trailing-open-distance 1.0 \\\n  --trailing-close-distance 2.0"
}