{
  "rank": 5,
  "candidate_id": "c0864ac279052a8c",
  "filter_preset": "self_limit",
  "metrics": {
    "candidate_id": "c0864ac279052a8c",
    "filter_preset": "self_limit",
    "passes_recommendation_gate": false,
    "passes_dd": false,
    "passes_edge": true,
    "passes_consistency": true,
    "passes_oos": true,
    "score": 10877.810625000384,
    "fixed_no_bonus_profit": 10806.682500000297,
    "fixed_with_bonus_profit": 11376.65250000148,
    "bonus_contribution": 569.9700000011835,
    "concurrent_risk_max_dd_pct": 100.17382147083602,
    "risk_net_profit_with_bonus": -1004.8775000002471,
    "stable_months": 15,
    "total_months": 18,
    "stable_fraction": 0.8333333333333334,
    "worst_month_pnl": -608.9799999999818,
    "oos_fixed_no_bonus_profit": 7488.9675000005445
  },
  "monthly": [
    {
      "month": "2025-01",
      "signals": 1292,
      "wins": 494,
      "losses": 432,
      "no_fills": 355,
      "open": 0,
      "pnl": 230.47499999998627,
      "trading_pnl": 230.47499999998627,
      "bonus": 0.0,
      "closed_lots": 9.369999999999845,
      "equity_start": 1000.0,
      "equity_end": 1230.4749999999863,
      "win_rate_pct": 53.34773218142549,
      "pnl_pct": 23.047499999998628
    },
    {
      "month": "2025-02",
      "signals": 1153,
      "wins": 505,
      "losses": 408,
      "no_fills": 239,
      "open": 0,
      "pnl": 80.21249999992779,
      "trading_pnl": 80.21249999992779,
      "bonus": 0.0,
      "closed_lots": 9.13999999999985,
      "equity_start": 1230.4749999999863,
      "equity_end": 1310.687499999914,
      "win_rate_pct": 55.312157721796275,
      "pnl_pct": 6.518824031364204
    },
    {
      "month": "2025-03",
      "signals": 1219,
      "wins": 501,
      "losses": 525,
      "no_fills": 193,
      "open": 0,
      "pnl": -608.9799999999818,
      "trading_pnl": -608.9799999999818,
      "bonus": 0.0,
      "closed_lots": 10.259999999999826,
      "equity_start": 1310.687499999914,
      "equity_end": 701.7074999999322,
      "win_rate_pct": 48.83040935672515,
      "pnl_pct": -46.46263888226765
    },
    {
      "month": "2025-04",
      "signals": 1222,
      "wins": 667,
      "losses": 429,
      "no_fills": 113,
      "open": 0,
      "pnl": 670.7474999999745,
      "trading_pnl": 670.7474999999745,
      "bonus": 0.0,
      "closed_lots": 11.089999999999808,
      "equity_start": 701.7074999999322,
      "equity_end": 1372.4549999999067,
      "win_rate_pct": 60.85766423357665,
      "pnl_pct": 95.58790521692289
    },
    {
      "month": "2025-05",
      "signals": 1278,
      "wins": 689,
      "losses": 417,
      "no_fills": 167,
      "open": 0,
      "pnl": 716.9875000000097,
      "trading_pnl": 716.9875000000097,
      "bonus": 0.0,
      "closed_lots": 11.109999999999808,
      "equity_start": 1372.4549999999067,
      "equity_end": 2089.4424999999164,
      "win_rate_pct": 62.29656419529837,
      "pnl_pct": 52.24123923917786
    },
    {
      "month": "2025-06",
      "signals": 1202,
      "wins": 553,
      "losses": 479,
      "no_fills": 160,
      "open": 0,
      "pnl": -406.7700000000259,
      "trading_pnl": -406.7700000000259,
      "bonus": 0.0,
      "closed_lots": 10.419999999999822,
      "equity_start": 2089.4424999999164,
      "equity_end": 1682.6724999998905,
      "win_rate_pct": 53.58527131782945,
      "pnl_pct": -19.46787241094417
    },
    {
      "month": "2025-07",
      "signals": 1350,
      "wins": 605,
      "losses": 475,
      "no_fills": 261,
      "open": 0,
      "pnl": 240.97499999997353,
      "trading_pnl": 240.97499999997353,
      "bonus": 0.0,
      "closed_lots": 10.889999999999812,
      "equity_start": 1682.6724999998905,
      "equity_end": 1930.8549999998645,
      "win_rate_pct": 56.018518518518526,
      "pnl_pct": 14.32096857825805
    },
    {
      "month": "2025-08",
      "signals": 1207,
      "wins": 540,
      "losses": 467,
      "no_fills": 197,
      "open": 0,
      "pnl": -8.400000000080126,
      "trading_pnl": -8.400000000080126,
      "bonus": 0.0,
      "closed_lots": 10.09999999999983,
      "equity_start": 1923.647499999864,
      "equity_end": 1915.247499999784,
      "win_rate_pct": 53.624627606752725,
      "pnl_pct": -0.4366704398846837
    },
    {
      "month": "2025-09",
      "signals": 1277,
      "wins": 619,
      "losses": 469,
      "no_fills": 181,
      "open": 0,
      "pnl": 53.59999999990305,
      "trading_pnl": 53.59999999990305,
      "bonus": 0.0,
      "closed_lots": 10.95999999999981,
      "equity_start": 1915.247499999784,
      "equity_end": 1968.847499999687,
      "win_rate_pct": 56.89338235294118,
      "pnl_pct": 2.7985939154030532
    },
    {
      "month": "2025-10",
      "signals": 1343,
      "wins": 808,
      "losses": 398,
      "no_fills": 116,
      "open": 0,
      "pnl": 1584.297499999911,
      "trading_pnl": 1584.297499999911,
      "bonus": 0.0,
      "closed_lots": 12.269999999999783,
      "equity_start": 1968.847499999687,
      "equity_end": 3553.144999999598,
      "win_rate_pct": 66.99834162520729,
      "pnl_pct": 80.46826887304186
    },
    {
      "month": "2025-11",
      "signals": 1159,
      "wins": 664,
      "losses": 388,
      "no_fills": 97,
      "open": 0,
      "pnl": 486.2424999999621,
      "trading_pnl": 486.2424999999621,
      "bonus": 0.0,
      "closed_lots": 10.619999999999818,
      "equity_start": 3553.144999999598,
      "equity_end": 4039.387499999565,
      "win_rate_pct": 63.11787072243346,
      "pnl_pct": 13.684848211936668
    },
    {
      "month": "2025-12",
      "signals": 1271,
      "wins": 683,
      "losses": 450,
      "no_fills": 124,
      "open": 0,
      "pnl": 278.3275000000749,
      "trading_pnl": 278.3275000000749,
      "bonus": 0.0,
      "closed_lots": 11.4699999999998,
      "equity_start": 4039.387499999565,
      "equity_end": 4317.71499999964,
      "win_rate_pct": 60.282436010591354,
      "pnl_pct": 6.890339191278501
    },
    {
      "month": "2026-01",
      "signals": 1230,
      "wins": 703,
      "losses": 378,
      "no_fills": 106,
      "open": 0,
      "pnl": 1562.2949999999983,
      "trading_pnl": 1562.2949999999983,
      "bonus": 0.0,
      "closed_lots": 11.239999999999805,
      "equity_start": 4317.71499999964,
      "equity_end": 5880.009999999638,
      "win_rate_pct": 65.03237742830711,
      "pnl_pct": 36.18337477114929
    },
    {
      "month": "2026-02",
      "signals": 1167,
      "wins": 706,
      "losses": 331,
      "no_fills": 62,
      "open": 0,
      "pnl": 1826.0225000000673,
      "trading_pnl": 1826.0225000000673,
      "bonus": 0.0,
      "closed_lots": 11.049999999999809,
      "equity_start": 5880.009999999638,
      "equity_end": 7706.032499999706,
      "win_rate_pct": 68.08100289296047,
      "pnl_pct": 31.05475160756835
    },
    {
      "month": "2026-03",
      "signals": 1273,
      "wins": 788,
      "losses": 350,
      "no_fills": 73,
      "open": 0,
      "pnl": 2131.0775000001213,
      "trading_pnl": 2131.0775000001213,
      "bonus": 0.0,
      "closed_lots": 11.999999999999789,
      "equity_start": 7706.032499999706,
      "equity_end": 9860.04999999985,
      "win_rate_pct": 69.24428822495607,
      "pnl_pct": 27.65466535471013
    },
    {
      "month": "2026-04",
      "signals": 1213,
      "wins": 705,
      "losses": 391,
      "no_fills": 79,
      "open": 0,
      "pnl": 916.7375000001202,
      "trading_pnl": 916.7375000001202,
      "bonus": 0.0,
      "closed_lots": 11.339999999999803,
      "equity_start": 9837.10999999985,
      "equity_end": 10753.847500000022,
      "win_rate_pct": 64.32481751824818,
      "pnl_pct": 9.319175042264794
    },
    {
      "month": "2026-05",
      "signals": 1221,
      "wins": 670,
      "losses": 432,
      "no_fills": 95,
      "open": 0,
      "pnl": 448.39250000016364,
      "trading_pnl": 448.39250000016364,
      "bonus": 0.0,
      "closed_lots": 11.259999999999804,