{
  "rank": 8,
  "candidate_id": "459c9cf43bdad985",
  "filter_preset": "self_limit",
  "metrics": {
    "candidate_id": "459c9cf43bdad985",
    "filter_preset": "self_limit",
    "passes_recommendation_gate": false,
    "passes_dd": false,
    "passes_edge": false,
    "passes_consistency": false,
    "passes_oos": true,
    "score": 7018.177499999814,
    "fixed_no_bonus_profit": -1033.6000000000486,
    "fixed_with_bonus_profit": -1005.430000000124,
    "bonus_contribution": 28.169999999924585,
    "concurrent_risk_max_dd_pct": 100.08240267441076,
    "risk_net_profit_with_bonus": -1001.2300000001268,
    "stable_months": 0,
    "total_months": 3,
    "stable_fraction": 0.0,
    "worst_month_pnl": -721.109999999796,
    "oos_fixed_no_bonus_profit": 28072.709999999257
  },
  "monthly": [
    {
      "month": "2025-01",
      "signals": 1292,
      "wins": 456,
      "losses": 407,
      "no_fills": 429,
      "open": 0,
      "pnl": -52.84999999999991,
      "trading_pnl": -52.84999999999991,
      "bonus": 0.0,
      "closed_lots": 18.729999999999936,
      "equity_start": 1000.0,
      "equity_end": 947.1500000000001,
      "win_rate_pct": 52.83893395133256,
      "pnl_pct": -5.284999999999991
    },
    {
      "month": "2025-02",
      "signals": 1153,
      "wins": 483,
      "losses": 371,
      "no_fills": 299,
      "open": 0,
      "pnl": -259.6400000002527,
      "trading_pnl": -259.6400000002527,
      "bonus": 0.0,
      "closed_lots": 20.270000000000028,
      "equity_start": 947.1500000000001,
      "equity_end": 687.5099999997474,
      "win_rate_pct": 56.557377049180324,
      "pnl_pct": -27.412764609645006
    },
    {
      "month": "2025-03",
      "signals": 1011,
      "wins": 405,
      "losses": 400,
      "no_fills": 200,
      "open": 6,
      "pnl": -721.109999999796,
      "trading_pnl": -721.109999999796,
      "bonus": 0.0,
      "closed_lots": 20.109999999999975,
      "equity_start": 687.5099999997474,
      "equity_end": -33.60000000004857,
      "win_rate_pct": 50.31055900621118,
      "pnl_pct": -104.88720164071226
    }
  ],
  "config": {
    "initial_capital": 1000.0,
    "sizing_mode": "risk",
    "lot_per_entry": 0.5,
    "risk_per_signal": 0.05,
    "minimum_lot": 0.01,
    "lot_step": 0.01,
    "bonus_per_closed_lot": 3.0,
    "entry_count": 3,
    "entry_ladder": "range_to_sl",
    "entry_sl_gap": 2.0,
    "activation_delay_minutes": 0,
    "pending_expiry_minutes": 180,
    "max_hold_minutes": 45,
    "sl_multiplier": 2.0,
    "final_target": "TP3",
    "lock_after_tp1": true,
    "lock_after_tp2": false,
    "shared_sl": true,
    "per_entry_targets": [],
    "bep_after_move": 0.0,
    "runner_trail_from": "TP3",
    "scale_out_at_tp1": false,
    "scale_out_at_tp2": false,
    "bep_after_tp1": false,
    "bep_buffer": 0.0,
    "trailing_close_after_stage": 0,
    "runner_no_final_cap": false,
    "trailing_open_distance": 1.0,
    "trailing_close_distance": 8.0,
    "trailing_close_min_step": 0.0,
    "trend_runner_enabled": false,
    "trend_runner_ema_fast": 21,
    "trend_runner_ema_slow": 55,
    "trend_runner_atr_period": 14,
    "trend_runner_atr_multiplier": 3.0,
    "trend_runner_override_max_hold": true,
    "tp1_lock_delay_minutes": 15,
    "tp2_lock_delay_minutes": 0,
    "profit_lock_mode": "tp_levels",
    "bep_trigger_distance": 4.0,
    "tp1_lock_fraction": 1.0,
    "tp2_lock_target": "TP2",
    "runner_after_tp3": false,
    "tp3_lock_target": "TP2"
  },
  "live_command": "python tools/auto_explicit.py \\\n  --signals generated/live_provider_self_limit.txt \\\n  --positions-json positions.json \\\n  --watch-interval 5 \\\n  --mt5-symbol XAUUSD \\\n  --mt5-server-offset 3 \\\n  --mt5-history-bars 3000 \\\n  --initial-capital 1000.0 \\\n  --sizing-mode risk \\\n  --lot 0.5 \\\n  --risk 0.05 \\\n  --minimum-lot 0.01 \\\n  --lot-step 0.01 \\\n  --bonus-per-closed-lot 3.0 \\\n  --entries 3 \\\n  --entry-ladder range_to_sl \\\n  --entry-sl-gap 2.0 \\\n  --activation-delay 0 \\\n  --pending-expiry 180 \\\n  --max-hold 45 \\\n  --sl-multiplier 2.0 \\\n  --final-target TP3 \\\n  --lock-after-tp1 true \\\n  --lock-after-tp2 false \\\n  --tp1-lock-delay-minutes 15 \\\n  --tp2-lock-delay-minutes 0 \\\n  --profit-lock-mode tp_levels \\\n  --bep-trigger-distance 4.0 \\\n  --tp1-lock-fraction 1.0 \\\n  --tp2-lock-target TP2 \\\n  --runner-after-tp3 false \\\n  --tp3-lock-target TP2 \\\n  --trailing-open-distance 1.0 \\\n  --trailing-close-distance 8.0"
}