{
  "rank": 3,
  "candidate_id": "11108a6c658afafe",
  "filter_preset": "self_limit",
  "metrics": {
    "candidate_id": "11108a6c658afafe",
    "filter_preset": "self_limit",
    "passes_recommendation_gate": false,
    "passes_dd": false,
    "passes_edge": true,
    "passes_consistency": true,
    "passes_oos": true,
    "score": 13609.96833333301,
    "fixed_no_bonus_profit": 14006.679999999666,
    "fixed_with_bonus_profit": 14585.32000000227,
    "bonus_contribution": 578.6400000026042,
    "concurrent_risk_max_dd_pct": 100.34753548604579,
    "risk_net_profit_with_bonus": -1011.9800000001297,
    "stable_months": 15,
    "total_months": 18,
    "stable_fraction": 0.8333333333333334,
    "worst_month_pnl": -396.9100000000708,
    "oos_fixed_no_bonus_profit": 7750.93999999982
  },
  "monthly": [
    {
      "month": "2025-01",
      "signals": 1292,
      "wins": 525,
      "losses": 411,
      "no_fills": 299,
      "open": 0,
      "pnl": 512.8999999999915,
      "trading_pnl": 512.8999999999915,
      "bonus": 0.0,
      "closed_lots": 9.929999999999833,
      "equity_start": 1000.0,
      "equity_end": 1512.8999999999915,
      "win_rate_pct": 56.08974358974359,
      "pnl_pct": 51.28999999999915
    },
    {
      "month": "2025-02",
      "signals": 1153,
      "wins": 435,
      "losses": 425,
      "no_fills": 204,
      "open": 0,
      "pnl": 55.569999999945594,
      "trading_pnl": 55.569999999945594,
      "bonus": 0.0,
      "closed_lots": 9.489999999999842,
      "equity_start": 1512.8999999999915,
      "equity_end": 1568.469999999937,
      "win_rate_pct": 50.58139534883721,
      "pnl_pct": 3.673078194193001
    },
    {
      "month": "2025-03",
      "signals": 1219,
      "wins": 518,
      "losses": 468,
      "no_fills": 159,
      "open": 0,
      "pnl": -25.059999999938555,
      "trading_pnl": -25.059999999938555,
      "bonus": 0.0,
      "closed_lots": 10.599999999999818,
      "equity_start": 1568.469999999937,
      "equity_end": 1617.7499999999973,
      "win_rate_pct": 52.53549695740365,
      "pnl_pct": -1.59773537268418
    },
    {
      "month": "2025-04",
      "signals": 1222,
      "wins": 588,
      "losses": 376,
      "no_fills": 109,
      "open": 0,
      "pnl": 979.6700000000064,
      "trading_pnl": 979.6700000000064,
      "bonus": 0.0,
      "closed_lots": 11.129999999999807,
      "equity_start": 1543.4099999999985,
      "equity_end": 2523.080000000005,
      "win_rate_pct": 60.99585062240664,
      "pnl_pct": 63.47438464180013
    },
    {
      "month": "2025-05",
      "signals": 1278,
      "wins": 593,
      "losses": 371,
      "no_fills": 157,
      "open": 0,
      "pnl": 1192.680000000048,
      "trading_pnl": 1192.680000000048,
      "bonus": 0.0,
      "closed_lots": 11.209999999999805,
      "equity_start": 2523.080000000005,
      "equity_end": 3715.760000000053,
      "win_rate_pct": 61.51452282157677,
      "pnl_pct": 47.27079601122619
    },
    {
      "month": "2025-06",
      "signals": 1202,
      "wins": 509,
      "losses": 455,
      "no_fills": 141,
      "open": 0,
      "pnl": -214.3299999999922,
      "trading_pnl": -214.3299999999922,
      "bonus": 0.0,
      "closed_lots": 10.609999999999818,
      "equity_start": 3715.760000000053,
      "equity_end": 3522.700000000061,
      "win_rate_pct": 52.80082987551867,
      "pnl_pct": -5.768133571597443
    },
    {
      "month": "2025-07",
      "signals": 1350,
      "wins": 549,
      "losses": 479,
      "no_fills": 223,
      "open": 0,
      "pnl": 281.96999999999434,
      "trading_pnl": 281.96999999999434,
      "bonus": 0.0,
      "closed_lots": 11.269999999999804,
      "equity_start": 3501.4300000000608,
      "equity_end": 3832.6000000000545,
      "win_rate_pct": 53.40466926070039,
      "pnl_pct": 8.052995490413615
    },
    {
      "month": "2025-08",
      "signals": 1207,
      "wins": 482,
      "losses": 464,
      "no_fills": 173,
      "open": 0,
      "pnl": -396.9100000000708,
      "trading_pnl": -396.9100000000708,
      "bonus": 0.0,
      "closed_lots": 10.339999999999824,
      "equity_start": 3775.7000000000553,
      "equity_end": 3386.4899999999843,
      "win_rate_pct": 50.95137420718816,
      "pnl_pct": -10.512222899066796
    },
    {
      "month": "2025-09",
      "signals": 1277,
      "wins": 553,
      "losses": 432,
      "no_fills": 153,
      "open": 0,
      "pnl": 224.64999999993097,
      "trading_pnl": 224.64999999993097,
      "bonus": 0.0,
      "closed_lots": 11.239999999999805,
      "equity_start": 3386.4899999999843,
      "equity_end": 3611.1399999999153,
      "win_rate_pct": 56.14213197969543,
      "pnl_pct": 6.633712191677282
    },
    {
      "month": "2025-10",
      "signals": 1343,
      "wins": 707,
      "losses": 331,
      "no_fills": 106,
      "open": 0,
      "pnl": 2233.619999999893,
      "trading_pnl": 2233.619999999893,
      "bonus": 0.0,
      "closed_lots": 12.36999999999978,
      "equity_start": 3611.1399999999153,
      "equity_end": 5844.7599999998165,
      "win_rate_pct": 68.11175337186897,
      "pnl_pct": 61.85359747891096
    },
    {
      "month": "2025-11",
      "signals": 1159,
      "wins": 549,
      "losses": 355,
      "no_fills": 85,
      "open": 0,
      "pnl": 712.4399999999309,
      "trading_pnl": 712.4399999999309,
      "bonus": 0.0,
      "closed_lots": 10.739999999999815,
      "equity_start": 5844.7599999998165,
      "equity_end": 6557.199999999754,
      "win_rate_pct": 60.73008849557522,
      "pnl_pct": 12.189379888993788
    },
    {
      "month": "2025-12",
      "signals": 1271,
      "wins": 591,
      "losses": 405,
      "no_fills": 106,
      "open": 0,
      "pnl": 698.5399999999318,
      "trading_pnl": 698.5399999999318,
      "bonus": 0.0,
      "closed_lots": 11.649999999999796,
      "equity_start": 6557.199999999754,
      "equity_end": 7255.739999999686,
      "win_rate_pct": 59.337349397590366,
      "pnl_pct": 10.653022631610412
    },
    {
      "month": "2026-01",
      "signals": 1230,
      "wins": 612,
      "losses": 331,
      "no_fills": 103,
      "open": 0,
      "pnl": 1905.0999999998749,
      "trading_pnl": 1905.0999999998749,
      "bonus": 0.0,
      "closed_lots": 11.269999999999804,
      "equity_start": 7255.739999999686,
      "equity_end": 9160.839999999565,
      "win_rate_pct": 64.89925768822906,
      "pnl_pct": 26.256453511288402
    },
    {
      "month": "2026-02",
      "signals": 1167,
      "wins": 553,
      "losses": 319,
      "no_fills": 61,
      "open": 0,
      "pnl": 1332.2399999999525,
      "trading_pnl": 1332.2399999999525,
      "bonus": 0.0,
      "closed_lots": 11.059999999999809,
      "equity_start": 9160.839999999565,
      "equity_end": 10493.079999999576,
      "win_rate_pct": 63.417431192660544,
      "pnl_pct": 14.542771186921893
    },
    {
      "month": "2026-03",
      "signals": 1273,
      "wins": 627,
      "losses": 333,
      "no_fills": 76,
      "open": 0,
      "pnl": 2150.4899999999952,
      "trading_pnl": 2150.4899999999952,
      "bonus": 0.0,
      "closed_lots": 11.96999999999979,
      "equity_start": 10493.079999999576,
      "equity_end": 12700.85999999959,
      "win_rate_pct": 65.3125,
      "pnl_pct": 20.494363904593143
    },
    {
      "month": "2026-04",
      "signals": 1213,
      "wins": 562,
      "losses": 353,
      "no_fills": 82,
      "open": 0,
      "pnl": 934.4399999999978,
      "trading_pnl": 934.4399999999978,
      "bonus": 0.0,
      "closed_lots": 11.309999999999803,
      "equity_start": 12643.569999999589,
      "equity_end": 13578.009999999631,
      "win_rate_pct": 61.420765027322396,
      "pnl_pct": 7.390634132606758
    },
    {
      "month": "2026-05",
      "signals": 1221,
      "wins": 571,
      "losses": 374,
      "no_fills": 92,
      "open": 0,
      "pnl": 669.6299999999892,
      "trading_pnl": 669.6299999999892,
      "bonus": 0.0,
      "closed_lots": 11.289999999999804,