{
  "rank": 12,
  "candidate_id": "26d667c3ddd88f0d",
  "filter_preset": "self_limit",
  "metrics": {
    "candidate_id": "26d667c3ddd88f0d",
    "filter_preset": "self_limit",
    "passes_recommendation_gate": false,
    "passes_dd": false,
    "passes_edge": false,
    "passes_consistency": false,
    "passes_oos": true,
    "score": 6047.612499999894,
    "fixed_no_bonus_profit": -1003.5300000000329,
    "fixed_with_bonus_profit": -1053.1700000001506,
    "bonus_contribution": -49.64000000011765,
    "concurrent_risk_max_dd_pct": 100.58520264025393,
    "risk_net_profit_with_bonus": -1008.9900000001089,
    "stable_months": 0,
    "total_months": 3,
    "stable_fraction": 0.0,
    "worst_month_pnl": -754.3099999998435,
    "oos_fixed_no_bonus_profit": 24190.449999999575
  },
  "monthly": [
    {
      "month": "2025-01",
      "signals": 1292,
      "wins": 434,
      "losses": 432,
      "no_fills": 425,
      "open": 0,
      "pnl": -199.35000000000355,
      "trading_pnl": -199.35000000000355,
      "bonus": 0.0,
      "closed_lots": 14.479999999999773,
      "equity_start": 1000.0,
      "equity_end": 800.6499999999965,
      "win_rate_pct": 50.11547344110855,
      "pnl_pct": -19.935000000000354
    },
    {
      "month": "2025-02",
      "signals": 1153,
      "wins": 461,
      "losses": 391,
      "no_fills": 301,
      "open": 0,
      "pnl": -49.87000000018588,
      "trading_pnl": -49.87000000018588,
      "bonus": 0.0,
      "closed_lots": 14.949999999999763,
      "equity_start": 800.6499999999965,
      "equity_end": 750.7799999998106,
      "win_rate_pct": 54.10798122065727,
      "pnl_pct": -6.228689190056342
    },
    {
      "month": "2025-03",
      "signals": 1206,
      "wins": 415,
      "losses": 526,
      "no_fills": 261,
      "open": 4,
      "pnl": -754.3099999998435,
      "trading_pnl": -754.3099999998435,
      "bonus": 0.0,
      "closed_lots": 17.139999999999738,
      "equity_start": 750.7799999998106,
      "equity_end": -3.530000000032942,
      "win_rate_pct": 44.10201912858661,
      "pnl_pct": -100.47017768188202
    }
  ],
  "config": {
    "initial_capital": 1000.0,
    "sizing_mode": "risk",
    "lot_per_entry": 0.5,
    "risk_per_signal": 0.05,
    "minimum_lot": 0.01,
    "lot_step": 0.01,
    "bonus_per_closed_lot": 3.0,
    "entry_count": 2,
    "entry_ladder": "range_uniform",
    "entry_sl_gap": 3.0,
    "activation_delay_minutes": 5,
    "pending_expiry_minutes": 180,
    "max_hold_minutes": 30,
    "sl_multiplier": 2.0,
    "final_target": "TP3",
    "lock_after_tp1": true,
    "lock_after_tp2": true,
    "shared_sl": true,
    "per_entry_targets": [],
    "bep_after_move": 0.0,
    "runner_trail_from": "TP3",
    "scale_out_at_tp1": false,
    "scale_out_at_tp2": false,
    "bep_after_tp1": false,
    "bep_buffer": 0.0,
    "trailing_close_after_stage": 0,
    "runner_no_final_cap": false,
    "trailing_open_distance": 1.0,
    "trailing_close_distance": 0.0,
    "trailing_close_min_step": 0.0,
    "trend_runner_enabled": false,
    "trend_runner_ema_fast": 21,
    "trend_runner_ema_slow": 55,
    "trend_runner_atr_period": 14,
    "trend_runner_atr_multiplier": 3.0,
    "trend_runner_override_max_hold": true,
    "tp1_lock_delay_minutes": 5,
    "tp2_lock_delay_minutes": 15,
    "profit_lock_mode": "tp_levels",
    "bep_trigger_distance": 6.0,
    "tp1_lock_fraction": 1.0,
    "tp2_lock_target": "TP1",
    "runner_after_tp3": false,
    "tp3_lock_target": "TP2"
  },
  "live_command": "python tools/auto_explicit.py \\\n  --signals generated/live_provider_self_limit.txt \\\n  --positions-json positions.json \\\n  --watch-interval 5 \\\n  --mt5-symbol XAUUSD \\\n  --mt5-server-offset 3 \\\n  --mt5-history-bars 3000 \\\n  --initial-capital 1000.0 \\\n  --sizing-mode risk \\\n  --lot 0.5 \\\n  --risk 0.05 \\\n  --minimum-lot 0.01 \\\n  --lot-step 0.01 \\\n  --bonus-per-closed-lot 3.0 \\\n  --entries 2 \\\n  --entry-ladder range_uniform \\\n  --entry-sl-gap 3.0 \\\n  --activation-delay 5 \\\n  --pending-expiry 180 \\\n  --max-hold 30 \\\n  --sl-multiplier 2.0 \\\n  --final-target TP3 \\\n  --lock-after-tp1 true \\\n  --lock-after-tp2 true \\\n  --tp1-lock-delay-minutes 5 \\\n  --tp2-lock-delay-minutes 15 \\\n  --profit-lock-mode tp_levels \\\n  --bep-trigger-distance 6.0 \\\n  --tp1-lock-fraction 1.0 \\\n  --tp2-lock-target TP1 \\\n  --runner-after-tp3 false \\\n  --tp3-lock-target TP2 \\\n  --trailing-open-distance 1.0 \\\n  --trailing-close-distance 0.0"
}