{
  "rank": 10,
  "candidate_id": "bb3451562613809b",
  "filter_preset": "self_limit",
  "metrics": {
    "candidate_id": "bb3451562613809b",
    "filter_preset": "self_limit",
    "passes_recommendation_gate": false,
    "passes_dd": false,
    "passes_edge": false,
    "passes_consistency": false,
    "passes_oos": true,
    "score": 6676.932500000395,
    "fixed_no_bonus_profit": -1002.2400000002699,
    "fixed_with_bonus_profit": -1008.4500000003995,
    "bonus_contribution": -6.210000000129639,
    "concurrent_risk_max_dd_pct": 102.41684809282567,
    "risk_net_profit_with_bonus": -1038.4100000000412,
    "stable_months": 1,
    "total_months": 3,
    "stable_fraction": 0.3333333333333333,
    "worst_month_pnl": -811.3000000003249,
    "oos_fixed_no_bonus_profit": 28044.05000000194
  },
  "monthly": [
    {
      "month": "2025-01",
      "signals": 1292,
      "wins": 558,
      "losses": 433,
      "no_fills": 299,
      "open": 0,
      "pnl": 295.5699999999624,
      "trading_pnl": 295.5699999999624,
      "bonus": 0.0,
      "closed_lots": 35.229999999999556,
      "equity_start": 1000.0,
      "equity_end": 1295.5699999999624,
      "win_rate_pct": 56.30676084762866,
      "pnl_pct": 29.556999999996243
    },
    {
      "month": "2025-02",
      "signals": 1153,
      "wins": 530,
      "losses": 419,
      "no_fills": 203,
      "open": 0,
      "pnl": -811.3000000003249,
      "trading_pnl": -811.3000000003249,
      "bonus": 0.0,
      "closed_lots": 34.81999999999957,
      "equity_start": 1295.5699999999624,
      "equity_end": 484.26999999963755,
      "win_rate_pct": 55.84826132771338,
      "pnl_pct": -62.621085699757515
    },
    {
      "month": "2025-03",
      "signals": 851,
      "wins": 405,
      "losses": 339,
      "no_fills": 100,
      "open": 3,
      "pnl": -486.50999999990745,
      "trading_pnl": -486.50999999990745,
      "bonus": 0.0,
      "closed_lots": 28.129999999999633,
      "equity_start": 484.26999999963755,
      "equity_end": -2.2400000002699016,
      "win_rate_pct": 54.43548387096774,
      "pnl_pct": -100.46255188227056
    }
  ],
  "config": {
    "initial_capital": 1000.0,
    "sizing_mode": "risk",
    "lot_per_entry": 0.5,
    "risk_per_signal": 0.05,
    "minimum_lot": 0.01,
    "lot_step": 0.01,
    "bonus_per_closed_lot": 3.0,
    "entry_count": 4,
    "entry_ladder": "range_uniform",
    "entry_sl_gap": 3.0,
    "activation_delay_minutes": 1,
    "pending_expiry_minutes": 420,
    "max_hold_minutes": 120,
    "sl_multiplier": 1.3,
    "final_target": "TP2",
    "lock_after_tp1": false,
    "lock_after_tp2": false,
    "shared_sl": false,
    "per_entry_targets": [],
    "bep_after_move": 0.0,
    "runner_trail_from": "TP3",
    "scale_out_at_tp1": false,
    "scale_out_at_tp2": false,
    "bep_after_tp1": false,
    "bep_buffer": 0.0,
    "trailing_close_after_stage": 0,
    "runner_no_final_cap": false,
    "trailing_open_distance": 1.0,
    "trailing_close_distance": 5.0,
    "trailing_close_min_step": 0.0,
    "trend_runner_enabled": false,
    "trend_runner_ema_fast": 21,
    "trend_runner_ema_slow": 55,
    "trend_runner_atr_period": 14,
    "trend_runner_atr_multiplier": 3.0,
    "trend_runner_override_max_hold": true,
    "tp1_lock_delay_minutes": 0,
    "tp2_lock_delay_minutes": 0,
    "profit_lock_mode": "bep_plus_half_tp1",
    "bep_trigger_distance": 6.0,
    "tp1_lock_fraction": 0.25,
    "tp2_lock_target": "TP2",
    "runner_after_tp3": false,
    "tp3_lock_target": "TP2"
  },
  "live_command": "python tools/auto_explicit.py \\\n  --signals generated/live_provider_self_limit.txt \\\n  --positions-json positions.json \\\n  --watch-interval 5 \\\n  --mt5-symbol XAUUSD \\\n  --mt5-server-offset 3 \\\n  --mt5-history-bars 3000 \\\n  --initial-capital 1000.0 \\\n  --sizing-mode risk \\\n  --lot 0.5 \\\n  --risk 0.05 \\\n  --minimum-lot 0.01 \\\n  --lot-step 0.01 \\\n  --bonus-per-closed-lot 3.0 \\\n  --entries 4 \\\n  --entry-ladder range_uniform \\\n  --entry-sl-gap 3.0 \\\n  --activation-delay 1 \\\n  --pending-expiry 420 \\\n  --max-hold 120 \\\n  --sl-multiplier 1.3 \\\n  --final-target TP2 \\\n  --lock-after-tp1 false \\\n  --lock-after-tp2 false \\\n  --tp1-lock-delay-minutes 0 \\\n  --tp2-lock-delay-minutes 0 \\\n  --profit-lock-mode bep_plus_half_tp1 \\\n  --bep-trigger-distance 6.0 \\\n  --tp1-lock-fraction 0.25 \\\n  --tp2-lock-target TP2 \\\n  --runner-after-tp3 false \\\n  --tp3-lock-target TP2 \\\n  --trailing-open-distance 1.0 \\\n  --trailing-close-distance 5.0"
}