{
  "rank": 2,
  "candidate_id": "616763d46776b319",
  "filter_preset": "self_limit",
  "metrics": {
    "candidate_id": "616763d46776b319",
    "filter_preset": "self_limit",
    "passes_recommendation_gate": false,
    "passes_dd": false,
    "passes_edge": true,
    "passes_consistency": true,
    "passes_oos": true,
    "score": 14838.922499999864,
    "fixed_no_bonus_profit": 15859.349999999617,
    "fixed_with_bonus_profit": 16952.699999999495,
    "bonus_contribution": 1093.3499999998785,
    "concurrent_risk_max_dd_pct": 100.28801008888189,
    "risk_net_profit_with_bonus": -1006.7600000001819,
    "stable_months": 14,
    "total_months": 18,
    "stable_fraction": 0.7777777777777778,
    "worst_month_pnl": -963.0899999999956,
    "oos_fixed_no_bonus_profit": 10015.490000000646
  },
  "monthly": [
    {
      "month": "2025-01",
      "signals": 1292,
      "wins": 504,
      "losses": 438,
      "no_fills": 350,
      "open": 0,
      "pnl": 407.449999999993,
      "trading_pnl": 407.449999999993,
      "bonus": 0.0,
      "closed_lots": 17.059999999999754,
      "equity_start": 1000.0,
      "equity_end": 1407.449999999993,
      "win_rate_pct": 53.503184713375795,
      "pnl_pct": 40.7449999999993
    },
    {
      "month": "2025-02",
      "signals": 1153,
      "wins": 496,
      "losses": 428,
      "no_fills": 229,
      "open": 0,
      "pnl": -216.74000000019942,
      "trading_pnl": -216.74000000019942,
      "bonus": 0.0,
      "closed_lots": 17.279999999999756,
      "equity_start": 1407.449999999993,
      "equity_end": 1190.7099999997936,
      "win_rate_pct": 53.67965367965368,
      "pnl_pct": -15.399481331500267
    },
    {
      "month": "2025-03",
      "signals": 1219,
      "wins": 595,
      "losses": 449,
      "no_fills": 175,
      "open": 0,
      "pnl": 320.41000000014265,
      "trading_pnl": 320.41000000014265,
      "bonus": 0.0,
      "closed_lots": 19.699999999999694,
      "equity_start": 1190.7099999997936,
      "equity_end": 1567.2799999999343,
      "win_rate_pct": 56.992337164750964,
      "pnl_pct": 26.909155041966404
    },
    {
      "month": "2025-04",
      "signals": 1222,
      "wins": 686,
      "losses": 410,
      "no_fills": 126,
      "open": 0,
      "pnl": 944.5099999999593,
      "trading_pnl": 944.5099999999593,
      "bonus": 0.0,
      "closed_lots": 21.179999999999655,
      "equity_start": 1502.6399999999362,
      "equity_end": 2569.2899999998936,
      "win_rate_pct": 62.59124087591241,
      "pnl_pct": 62.856705531597676
    },
    {
      "month": "2025-05",
      "signals": 1278,
      "wins": 715,
      "losses": 392,
      "no_fills": 171,
      "open": 0,
      "pnl": 1990.8000000001161,
      "trading_pnl": 1990.8000000001161,
      "bonus": 0.0,
      "closed_lots": 21.2099999999997,
      "equity_start": 2451.6199999998953,
      "equity_end": 4446.430000000011,
      "win_rate_pct": 64.58897922312556,
      "pnl_pct": 81.20344914791858
    },
    {
      "month": "2025-06",
      "signals": 1202,
      "wins": 560,
      "losses": 475,
      "no_fills": 164,
      "open": 0,
      "pnl": -963.0899999999956,
      "trading_pnl": -963.0899999999956,
      "bonus": 0.0,
      "closed_lots": 19.709999999999734,
      "equity_start": 4446.430000000011,
      "equity_end": 3488.360000000013,
      "win_rate_pct": 54.106280193236714,
      "pnl_pct": -21.659848462699134
    },
    {
      "month": "2025-07",
      "signals": 1350,
      "wins": 613,
      "losses": 438,
      "no_fills": 295,
      "open": 0,
      "pnl": -293.8200000000229,
      "trading_pnl": -293.8200000000229,
      "bonus": 0.0,
      "closed_lots": 19.589999999999698,
      "equity_start": 3464.0500000000134,
      "equity_end": 3258.1099999999924,
      "win_rate_pct": 58.32540437678402,
      "pnl_pct": -8.481979186213298
    },
    {
      "month": "2025-08",
      "signals": 1207,
      "wins": 508,
      "losses": 484,
      "no_fills": 215,
      "open": 0,
      "pnl": -718.0000000002042,
      "trading_pnl": -718.0000000002042,
      "bonus": 0.0,
      "closed_lots": 18.69999999999972,
      "equity_start": 3160.28999999999,
      "equity_end": 2471.5199999997863,
      "win_rate_pct": 51.20967741935484,
      "pnl_pct": -22.719433976002406
    },
    {
      "month": "2025-09",
      "signals": 1277,
      "wins": 646,
      "losses": 465,
      "no_fills": 166,
      "open": 0,
      "pnl": 598.939999999739,
      "trading_pnl": 598.939999999739,
      "bonus": 0.0,
      "closed_lots": 21.089999999999677,
      "equity_start": 2471.5199999997863,
      "equity_end": 3131.6499999995153,
      "win_rate_pct": 58.14581458145815,
      "pnl_pct": 24.233669968270167
    },
    {
      "month": "2025-10",
      "signals": 1343,
      "wins": 832,
      "losses": 387,
      "no_fills": 124,
      "open": 0,
      "pnl": 3234.069999999755,
      "trading_pnl": 3234.069999999755,
      "bonus": 0.0,
      "closed_lots": 23.6599999999996,
      "equity_start": 3046.2899999995266,
      "equity_end": 6304.529999999279,
      "win_rate_pct": 68.2526661197703,
      "pnl_pct": 106.16421942757445
    },
    {
      "month": "2025-11",
      "signals": 1159,
      "wins": 647,
      "losses": 416,
      "no_fills": 96,
      "open": 0,
      "pnl": 88.099999999793,
      "trading_pnl": 88.099999999793,
      "bonus": 0.0,
      "closed_lots": 20.63999999999967,
      "equity_start": 6304.529999999279,
      "equity_end": 6392.629999999077,
      "win_rate_pct": 60.86547507055503,
      "pnl_pct": 1.3974078955894107
    },
    {
      "month": "2025-12",
      "signals": 1271,
      "wins": 733,
      "losses": 432,
      "no_fills": 106,
      "open": 0,
      "pnl": 451.22999999987405,
      "trading_pnl": 451.22999999987405,
      "bonus": 0.0,
      "closed_lots": 22.67999999999965,
      "equity_start": 6392.629999999077,
      "equity_end": 6843.859999998951,
      "win_rate_pct": 62.918454935622314,
      "pnl_pct": 7.0585971657977895
    },
    {
      "month": "2026-01",
      "signals": 1230,
      "wins": 722,
      "losses": 385,
      "no_fills": 123,
      "open": 0,
      "pnl": 2818.2399999998934,
      "trading_pnl": 2818.2399999998934,
      "bonus": 0.0,
      "closed_lots": 21.659999999999638,
      "equity_start": 6843.859999998951,
      "equity_end": 9662.099999998842,
      "win_rate_pct": 65.22131887985546,
      "pnl_pct": 41.17910068295268
    },
    {
      "month": "2026-02",
      "signals": 1167,
      "wins": 702,
      "losses": 406,
      "no_fills": 59,
      "open": 0,
      "pnl": 1767.6900000001087,
      "trading_pnl": 1767.6900000001087,
      "bonus": 0.0,
      "closed_lots": 22.009999999999632,
      "equity_start": 9662.099999998842,
      "equity_end": 11429.78999999895,
      "win_rate_pct": 63.35740072202166,
      "pnl_pct": 18.295091129260936
    },
    {
      "month": "2026-03",
      "signals": 1273,
      "wins": 743,
      "losses": 454,
      "no_fills": 76,
      "open": 0,
      "pnl": 1847.7800000002335,
      "trading_pnl": 1847.7800000002335,
      "bonus": 0.0,
      "closed_lots": 23.709999999999603,
      "equity_start": 11429.78999999895,
      "equity_end": 13371.999999999174,
      "win_rate_pct": 62.0718462823726,
      "pnl_pct": 16.166351262800134
    },
    {
      "month": "2026-04",
      "signals": 1213,
      "wins": 708,
      "losses": 413,
      "no_fills": 92,
      "open": 0,
      "pnl": 1188.1700000001774,
      "trading_pnl": 1188.1700000001774,
      "bonus": 0.0,
      "closed_lots": 22.00999999999964,
      "equity_start": 13254.769999999175,
      "equity_end": 14362.149999999358,
      "win_rate_pct": 63.1578947368421,
      "pnl_pct": 8.96409368099372
    },
    {
      "month": "2026-05",
      "signals": 1221,
      "wins": 720,
      "losses": 410,
      "no_fills": 91,
      "open": 0,
      "pnl": 1212.9800000001742,
      "trading_pnl": 1212.9800000001742,
      "bonus": 0.0,