{
  "rank": 1,
  "candidate_id": "c436ad8d6ac43780",
  "filter_preset": "self_limit",
  "metrics": {
    "candidate_id": "c436ad8d6ac43780",
    "filter_preset": "self_limit",
    "passes_recommendation_gate": false,
    "passes_dd": false,
    "passes_edge": true,
    "passes_consistency": true,
    "passes_oos": false,
    "score": 50249.23027776909,
    "fixed_no_bonus_profit": 56818.00999999045,
    "fixed_with_bonus_profit": 59736.82999998882,
    "bonus_contribution": 2918.81999999837,
    "concurrent_risk_max_dd_pct": 100.67635826174465,
    "risk_net_profit_with_bonus": -1064.3400000008055,
    "stable_months": 16,
    "total_months": 18,
    "stable_fraction": 0.8888888888888888,
    "worst_month_pnl": -4733.010000000515,
    "oos_fixed_no_bonus_profit": -1022.6700000007822
  },
  "monthly": [
    {
      "month": "2025-01",
      "signals": 1292,
      "wins": 751,
      "losses": 333,
      "no_fills": 208,
      "open": 0,
      "pnl": 2652.9099999999426,
      "trading_pnl": 2652.9099999999426,
      "bonus": 0.0,
      "closed_lots": 40.49999999999999,
      "equity_start": 1000.0,
      "equity_end": 3652.9099999999426,
      "win_rate_pct": 69.28044280442805,
      "pnl_pct": 265.29099999999426
    },
    {
      "month": "2025-02",
      "signals": 1153,
      "wins": 615,
      "losses": 357,
      "no_fills": 178,
      "open": 0,
      "pnl": 666.7599999997587,
      "trading_pnl": 666.7599999997587,
      "bonus": 0.0,
      "closed_lots": 42.48000000000018,
      "equity_start": 3652.9099999999426,
      "equity_end": 4319.669999999705,
      "win_rate_pct": 63.27160493827161,
      "pnl_pct": 18.252844992068496
    },
    {
      "month": "2025-03",
      "signals": 1219,
      "wins": 683,
      "losses": 385,
      "no_fills": 151,
      "open": 0,
      "pnl": 2500.549999999903,
      "trading_pnl": 2500.549999999903,
      "bonus": 0.0,
      "closed_lots": 49.39000000000031,
      "equity_start": 4319.669999999705,
      "equity_end": 6820.219999999605,
      "win_rate_pct": 63.95131086142322,
      "pnl_pct": 57.887523815478346
    },
    {
      "month": "2025-04",
      "signals": 1222,
      "wins": 704,
      "losses": 412,
      "no_fills": 106,
      "open": 0,
      "pnl": 5378.9299999996665,
      "trading_pnl": 5378.9299999996665,
      "bonus": 0.0,
      "closed_lots": 58.300000000000594,
      "equity_start": 6820.219999999605,
      "equity_end": 12199.149999999274,
      "win_rate_pct": 63.08243727598566,
      "pnl_pct": 78.86739723938491
    },
    {
      "month": "2025-05",
      "signals": 1278,
      "wins": 800,
      "losses": 344,
      "no_fills": 134,
      "open": 0,
      "pnl": 10382.669999999722,
      "trading_pnl": 10382.669999999722,
      "bonus": 0.0,
      "closed_lots": 56.20000000000048,
      "equity_start": 12199.149999999274,
      "equity_end": 22581.81999999887,
      "win_rate_pct": 69.93006993006993,
      "pnl_pct": 85.10978223892927
    },
    {
      "month": "2025-06",
      "signals": 1202,
      "wins": 665,
      "losses": 402,
      "no_fills": 135,
      "open": 0,
      "pnl": 854.2499999997312,
      "trading_pnl": 854.2499999997312,
      "bonus": 0.0,
      "closed_lots": 52.190000000000275,
      "equity_start": 22581.81999999887,
      "equity_end": 23436.06999999842,
      "win_rate_pct": 62.32427366447985,
      "pnl_pct": 3.7829103234361714
    },
    {
      "month": "2025-07",
      "signals": 1350,
      "wins": 801,
      "losses": 369,
      "no_fills": 180,
      "open": 0,
      "pnl": 3686.0599999998312,
      "trading_pnl": 3686.0599999998312,
      "bonus": 0.0,
      "closed_lots": 50.34000000000029,
      "equity_start": 23436.06999999842,
      "equity_end": 27122.129999998164,
      "win_rate_pct": 68.46153846153847,
      "pnl_pct": 15.728148960128893
    },
    {
      "month": "2025-08",
      "signals": 1207,
      "wins": 715,
      "losses": 369,
      "no_fills": 123,
      "open": 0,
      "pnl": 2139.479999999706,
      "trading_pnl": 2139.479999999706,
      "bonus": 0.0,
      "closed_lots": 47.45000000000026,
      "equity_start": 27122.129999998164,
      "equity_end": 29261.609999997767,
      "win_rate_pct": 65.95940959409594,
      "pnl_pct": 7.888318505957499
    },
    {
      "month": "2025-09",
      "signals": 1277,
      "wins": 732,
      "losses": 386,
      "no_fills": 159,
      "open": 0,
      "pnl": 3950.5699999997055,
      "trading_pnl": 3950.5699999997055,
      "bonus": 0.0,
      "closed_lots": 54.31000000000041,
      "equity_start": 29261.609999997767,
      "equity_end": 33212.17999999736,
      "win_rate_pct": 65.47406082289802,
      "pnl_pct": 13.500863417973266
    },
    {
      "month": "2025-10",
      "signals": 1343,
      "wins": 820,
      "losses": 419,
      "no_fills": 104,
      "open": 0,
      "pnl": 9563.749999999583,
      "trading_pnl": 9563.749999999583,
      "bonus": 0.0,
      "closed_lots": 65.41000000000088,
      "equity_start": 33212.17999999736,
      "equity_end": 42775.92999999651,
      "win_rate_pct": 66.18240516545602,
      "pnl_pct": 28.79591162037645
    },
    {
      "month": "2025-11",
      "signals": 1159,
      "wins": 672,
      "losses": 404,
      "no_fills": 83,
      "open": 0,
      "pnl": 3453.6899999996467,
      "trading_pnl": 3453.6899999996467,
      "bonus": 0.0,
      "closed_lots": 56.620000000000545,
      "equity_start": 42775.92999999651,
      "equity_end": 46229.61999999585,
      "win_rate_pct": 62.45353159851301,
      "pnl_pct": 8.073909789921409
    },
    {
      "month": "2025-12",
      "signals": 1271,
      "wins": 741,
      "losses": 429,
      "no_fills": 101,
      "open": 0,
      "pnl": 4359.579999999593,
      "trading_pnl": 4359.579999999593,
      "bonus": 0.0,
      "closed_lots": 59.82000000000058,
      "equity_start": 46229.61999999585,
      "equity_end": 50589.19999999517,
      "win_rate_pct": 63.33333333333333,
      "pnl_pct": 9.430274356570495
    },
    {
      "month": "2026-01",
      "signals": 1230,
      "wins": 676,
      "losses": 449,
      "no_fills": 105,
      "open": 0,
      "pnl": 3235.619999999566,
      "trading_pnl": 3235.619999999566,
      "bonus": 0.0,
      "closed_lots": 60.58000000000075,
      "equity_start": 50589.19999999517,
      "equity_end": 53824.8199999944,
      "win_rate_pct": 60.08888888888889,
      "pnl_pct": 6.395871055481949
    },
    {
      "month": "2026-02",
      "signals": 1167,
      "wins": 556,
      "losses": 530,
      "no_fills": 81,
      "open": 0,
      "pnl": -4733.010000000515,
      "trading_pnl": -4733.010000000515,
      "bonus": 0.0,
      "closed_lots": 61.280000000000726,
      "equity_start": 53824.8199999944,
      "equity_end": 49091.80999999338,
      "win_rate_pct": 51.19705340699816,
      "pnl_pct": -8.793359643378292
    },
    {
      "month": "2026-03",
      "signals": 1273,
      "wins": 609,
      "losses": 572,
      "no_fills": 92,
      "open": 0,
      "pnl": -3364.1800000005524,
      "trading_pnl": -3364.1800000005524,
      "bonus": 0.0,
      "closed_lots": 65.86000000000084,
      "equity_start": 49091.80999999338,
      "equity_end": 45727.62999999228,
      "win_rate_pct": 51.56646909398815,
      "pnl_pct": -6.852833497076205
    },
    {
      "month": "2026-04",
      "signals": 1213,
      "wins": 663,
      "losses": 469,
      "no_fills": 81,
      "open": 0,
      "pnl": 3115.8499999995956,
      "trading_pnl": 3115.8499999995956,
      "bonus": 0.0,
      "closed_lots": 61.87000000000069,
      "equity_start": 45727.62999999228,
      "equity_end": 48843.479999991476,
      "win_rate_pct": 58.56890459363958,
      "pnl_pct": 6.81393284541561
    },
    {
      "month": "2026-05",
      "signals": 1221,
      "wins": 677,
      "losses": 440,
      "no_fills": 104,
      "open": 0,
      "pnl": 4436.409999999599,
      "trading_pnl": 4436.409999999599,
      "bonus": 0.0,
      "closed_lots": 61.14000000000065,