{
  "rank": 7,
  "candidate_id": "97cd547d4798d6d3",
  "filter_preset": "self_limit",
  "metrics": {
    "candidate_id": "97cd547d4798d6d3",
    "filter_preset": "self_limit",
    "passes_recommendation_gate": false,
    "passes_dd": false,
    "passes_edge": true,
    "passes_consistency": true,
    "passes_oos": true,
    "score": 7672.71097221745,
    "fixed_no_bonus_profit": 9442.263333327835,
    "fixed_with_bonus_profit": 11424.753333331506,
    "bonus_contribution": 1982.4900000036705,
    "concurrent_risk_max_dd_pct": 100.21134428221619,
    "risk_net_profit_with_bonus": -1019.9249999994224,
    "stable_months": 12,
    "total_months": 18,
    "stable_fraction": 0.6666666666666666,
    "worst_month_pnl": -2354.071666667486,
    "oos_fixed_no_bonus_profit": 5511.474999995574
  },
  "monthly": [
    {
      "month": "2025-01",
      "signals": 1292,
      "wins": 429,
      "losses": 339,
      "no_fills": 524,
      "open": 0,
      "pnl": 747.7016666667341,
      "trading_pnl": 747.7016666667341,
      "bonus": 0.0,
      "closed_lots": 26.88999999999972,
      "equity_start": 1000.0,
      "equity_end": 1747.7016666667341,
      "win_rate_pct": 55.859375,
      "pnl_pct": 74.7701666666734
    },
    {
      "month": "2025-02",
      "signals": 1153,
      "wins": 438,
      "losses": 348,
      "no_fills": 367,
      "open": 0,
      "pnl": -469.96833333338964,
      "trading_pnl": -469.96833333338964,
      "bonus": 0.0,
      "closed_lots": 28.629999999999654,
      "equity_start": 1747.7016666667341,
      "equity_end": 1277.7333333333445,
      "win_rate_pct": 55.72519083969466,
      "pnl_pct": -26.89064971996774
    },
    {
      "month": "2025-03",
      "signals": 1219,
      "wins": 580,
      "losses": 347,
      "no_fills": 292,
      "open": 0,
      "pnl": 3337.218333333511,
      "trading_pnl": 3337.218333333511,
      "bonus": 0.0,
      "closed_lots": 33.52999999999956,
      "equity_start": 1277.7333333333445,
      "equity_end": 4614.951666666859,
      "win_rate_pct": 62.56742179072277,
      "pnl_pct": 261.1826933110833
    },
    {
      "month": "2025-04",
      "signals": 1222,
      "wins": 569,
      "losses": 462,
      "no_fills": 191,
      "open": 0,
      "pnl": 1383.1850000001332,
      "trading_pnl": 1383.1850000001332,
      "bonus": 0.0,
      "closed_lots": 39.59999999999939,
      "equity_start": 4614.951666666859,
      "equity_end": 6080.946666667006,
      "win_rate_pct": 55.18913676042677,
      "pnl_pct": 29.971819856547626
    },
    {
      "month": "2025-05",
      "signals": 1278,
      "wins": 553,
      "losses": 454,
      "no_fills": 271,
      "open": 0,
      "pnl": 1868.5650000002756,
      "trading_pnl": 1868.5650000002756,
      "bonus": 0.0,
      "closed_lots": 38.219999999999445,
      "equity_start": 5988.556666667002,
      "equity_end": 7866.701666667284,
      "win_rate_pct": 54.91559086395233,
      "pnl_pct": 31.202259642977488
    },
    {
      "month": "2025-06",
      "signals": 1202,
      "wins": 502,
      "losses": 438,
      "no_fills": 262,
      "open": 0,
      "pnl": -1131.249999999879,
      "trading_pnl": -1131.249999999879,
      "bonus": 0.0,
      "closed_lots": 35.37999999999951,
      "equity_start": 7866.701666667284,
      "equity_end": 6735.451666667406,
      "win_rate_pct": 53.404255319148945,
      "pnl_pct": -14.380232630318257
    },
    {
      "month": "2025-07",
      "signals": 1350,
      "wins": 462,
      "losses": 433,
      "no_fills": 455,
      "open": 0,
      "pnl": -1754.2416666666036,
      "trading_pnl": -1754.2416666666036,
      "bonus": 0.0,
      "closed_lots": 32.09999999999961,
      "equity_start": 6735.451666667406,
      "equity_end": 4946.795000000815,
      "win_rate_pct": 51.62011173184358,
      "pnl_pct": -26.044900230641467
    },
    {
      "month": "2025-08",
      "signals": 1207,
      "wins": 464,
      "losses": 355,
      "no_fills": 388,
      "open": 0,
      "pnl": 698.6849999999354,
      "trading_pnl": 698.6849999999354,
      "bonus": 0.0,
      "closed_lots": 30.309999999999608,
      "equity_start": 4990.110000000808,
      "equity_end": 5679.8950000007435,
      "win_rate_pct": 56.65445665445665,
      "pnl_pct": 14.001394758829408
    },
    {
      "month": "2025-09",
      "signals": 1277,
      "wins": 554,
      "losses": 437,
      "no_fills": 286,
      "open": 0,
      "pnl": 455.41666666654646,
      "trading_pnl": 455.41666666654646,
      "bonus": 0.0,
      "closed_lots": 36.91999999999949,
      "equity_start": 5679.8950000007435,
      "equity_end": 6135.311666667296,
      "win_rate_pct": 55.90312815338042,
      "pnl_pct": 8.018047281974171
    },
    {
      "month": "2025-10",
      "signals": 1343,
      "wins": 672,
      "losses": 482,
      "no_fills": 189,
      "open": 0,
      "pnl": 2987.7149999995213,
      "trading_pnl": 2987.7149999995213,
      "bonus": 0.0,
      "closed_lots": 44.389999999999276,
      "equity_start": 6135.311666667296,
      "equity_end": 9123.026666666812,
      "win_rate_pct": 58.23223570190641,
      "pnl_pct": 48.697037124153944
    },
    {
      "month": "2025-11",
      "signals": 1159,
      "wins": 525,
      "losses": 484,
      "no_fills": 150,
      "open": 0,
      "pnl": -1838.1666666670553,
      "trading_pnl": -1838.1666666670553,
      "bonus": 0.0,
      "closed_lots": 38.87999999999939,
      "equity_start": 9123.026666666812,
      "equity_end": 7284.859999999756,
      "win_rate_pct": 52.03171456888008,
      "pnl_pct": -20.14864949790449
    },
    {
      "month": "2025-12",
      "signals": 1271,
      "wins": 577,
      "losses": 509,
      "no_fills": 185,
      "open": 0,
      "pnl": -2354.071666667486,
      "trading_pnl": -2354.071666667486,
      "bonus": 0.0,
      "closed_lots": 41.82999999999934,
      "equity_start": 7284.859999999756,
      "equity_end": 4930.78833333227,
      "win_rate_pct": 53.13075506445672,
      "pnl_pct": -32.31457662422565
    },
    {
      "month": "2026-01",
      "signals": 1230,
      "wins": 605,
      "losses": 458,
      "no_fills": 167,
      "open": 0,
      "pnl": 3252.8316666655573,
      "trading_pnl": 3252.8316666655573,
      "bonus": 0.0,
      "closed_lots": 41.459999999999326,
      "equity_start": 4930.78833333227,
      "equity_end": 8183.619999997827,
      "win_rate_pct": 56.91439322671684,
      "pnl_pct": 65.96980942532703
    },
    {
      "month": "2026-02",
      "signals": 1167,
      "wins": 609,
      "losses": 475,
      "no_fills": 83,
      "open": 0,
      "pnl": 1325.8333333324808,
      "trading_pnl": 1325.8333333324808,
      "bonus": 0.0,
      "closed_lots": 42.92999999999928,
      "equity_start": 8183.619999997827,
      "equity_end": 9509.453333330304,
      "win_rate_pct": 56.18081180811808,
      "pnl_pct": 16.201061795792484
    },
    {
      "month": "2026-03",
      "signals": 1273,
      "wins": 623,
      "losses": 542,
      "no_fills": 108,
      "open": 0,
      "pnl": 1331.6366666659342,
      "trading_pnl": 1331.6366666659342,
      "bonus": 0.0,
      "closed_lots": 46.089999999999215,
      "equity_start": 9509.453333330304,
      "equity_end": 11026.669999996235,
      "win_rate_pct": 53.4763948497854,
      "pnl_pct": 14.003293564716216
    },
    {
      "month": "2026-04",
      "signals": 1213,
      "wins": 580,
      "losses": 495,
      "no_fills": 138,
      "open": 0,
      "pnl": 92.87166666590292,
      "trading_pnl": 92.87166666590292,
      "bonus": 0.0,
      "closed_lots": 41.92999999999932,
      "equity_start": 10796.14999999624,
      "equity_end": 10750.776666662143,
      "win_rate_pct": 53.95348837209303,
      "pnl_pct": 0.8602294953843292
    },
    {
      "month": "2026-05",
      "signals": 1221,
      "wins": 575,
      "losses": 510,
      "no_fills": 136,
      "open": 0,
      "pnl": -731.1466666673687,
      "trading_pnl": -731.1466666673687,
      "bonus": 0.0,
      "closed_lots": 41.88999999999934,