{
  "rank": 4,
  "candidate_id": "1d4ab737d1c577ac",
  "filter_preset": "self_limit",
  "metrics": {
    "candidate_id": "1d4ab737d1c577ac",
    "filter_preset": "self_limit",
    "passes_recommendation_gate": false,
    "passes_dd": false,
    "passes_edge": true,
    "passes_consistency": true,
    "passes_oos": true,
    "score": 12447.791388889797,
    "fixed_no_bonus_profit": 14154.2500000006,
    "fixed_with_bonus_profit": 15638.080000000136,
    "bonus_contribution": 1483.829999999536,
    "concurrent_risk_max_dd_pct": 100.00016332770487,
    "risk_net_profit_with_bonus": -1000.0100000000548,
    "stable_months": 13,
    "total_months": 18,
    "stable_fraction": 0.7222222222222222,
    "worst_month_pnl": -2713.010000000086,
    "oos_fixed_no_bonus_profit": 8901.1100000019
  },
  "monthly": [
    {
      "month": "2025-01",
      "signals": 1292,
      "wins": 430,
      "losses": 339,
      "no_fills": 523,
      "open": 0,
      "pnl": 530.5599999999704,
      "trading_pnl": 530.5599999999704,
      "bonus": 0.0,
      "closed_lots": 20.099999999999987,
      "equity_start": 1000.0,
      "equity_end": 1530.5599999999704,
      "win_rate_pct": 55.91677503250976,
      "pnl_pct": 53.05599999999704
    },
    {
      "month": "2025-02",
      "signals": 1153,
      "wins": 445,
      "losses": 340,
      "no_fills": 368,
      "open": 0,
      "pnl": -604.8200000001953,
      "trading_pnl": -604.8200000001953,
      "bonus": 0.0,
      "closed_lots": 21.450000000000035,
      "equity_start": 1530.5599999999704,
      "equity_end": 925.7399999997751,
      "win_rate_pct": 56.68789808917197,
      "pnl_pct": -39.516255488200855
    },
    {
      "month": "2025-03",
      "signals": 1219,
      "wins": 577,
      "losses": 347,
      "no_fills": 293,
      "open": 0,
      "pnl": 2213.5400000001073,
      "trading_pnl": 2213.5400000001073,
      "bonus": 0.0,
      "closed_lots": 25.190000000000207,
      "equity_start": 925.7399999997751,
      "equity_end": 3139.2799999998824,
      "win_rate_pct": 62.44588744588745,
      "pnl_pct": 239.11033335500736
    },
    {
      "month": "2025-04",
      "signals": 1222,
      "wins": 622,
      "losses": 403,
      "no_fills": 197,
      "open": 0,
      "pnl": 1601.189999999911,
      "trading_pnl": 1601.189999999911,
      "bonus": 0.0,
      "closed_lots": 29.590000000000366,
      "equity_start": 3139.2799999998824,
      "equity_end": 4897.099999999759,
      "win_rate_pct": 60.68292682926829,
      "pnl_pct": 51.005007517646426
    },
    {
      "month": "2025-05",
      "signals": 1278,
      "wins": 621,
      "losses": 386,
      "no_fills": 271,
      "open": 0,
      "pnl": 2127.4500000000653,
      "trading_pnl": 2127.4500000000653,
      "bonus": 0.0,
      "closed_lots": 28.670000000000332,
      "equity_start": 4735.679999999757,
      "equity_end": 6867.919999999724,
      "win_rate_pct": 61.668321747765646,
      "pnl_pct": 44.923854652345064
    },
    {
      "month": "2025-06",
      "signals": 1202,
      "wins": 512,
      "losses": 427,
      "no_fills": 263,
      "open": 0,
      "pnl": -1543.5600000000454,
      "trading_pnl": -1543.5600000000454,
      "bonus": 0.0,
      "closed_lots": 26.55000000000025,
      "equity_start": 6867.919999999724,
      "equity_end": 5324.359999999597,
      "win_rate_pct": 54.526091586794465,
      "pnl_pct": -22.47492690654678
    },
    {
      "month": "2025-07",
      "signals": 1350,
      "wins": 465,
      "losses": 430,
      "no_fills": 455,
      "open": 0,
      "pnl": -2713.010000000086,
      "trading_pnl": -2713.010000000086,
      "bonus": 0.0,
      "closed_lots": 24.070000000000125,
      "equity_start": 5324.359999999597,
      "equity_end": 2608.2399999994996,
      "win_rate_pct": 51.955307262569825,
      "pnl_pct": -50.954668730143936
    },
    {
      "month": "2025-08",
      "signals": 1207,
      "wins": 457,
      "losses": 365,
      "no_fills": 385,
      "open": 0,
      "pnl": 63.249999999802185,
      "trading_pnl": 63.249999999802185,
      "bonus": 0.0,
      "closed_lots": 22.800000000000093,
      "equity_start": 2620.249999999493,
      "equity_end": 2674.5999999992964,
      "win_rate_pct": 55.59610705596108,
      "pnl_pct": 2.4138918042100723
    },
    {
      "month": "2025-09",
      "signals": 1277,
      "wins": 589,
      "losses": 399,
      "no_fills": 289,
      "open": 0,
      "pnl": 777.8699999996961,
      "trading_pnl": 777.8699999996961,
      "bonus": 0.0,
      "closed_lots": 27.65000000000029,
      "equity_start": 2674.5999999992964,
      "equity_end": 3452.4699999989875,
      "win_rate_pct": 59.61538461538461,
      "pnl_pct": 29.083601286169923
    },
    {
      "month": "2025-10",
      "signals": 1343,
      "wins": 723,
      "losses": 424,
      "no_fills": 196,
      "open": 0,
      "pnl": 3206.6599999997406,
      "trading_pnl": 3206.6599999997406,
      "bonus": 0.0,
      "closed_lots": 33.13000000000049,
      "equity_start": 3452.4699999989875,
      "equity_end": 6659.129999998677,
      "win_rate_pct": 63.034001743679156,
      "pnl_pct": 92.88016984943188
    },
    {
      "month": "2025-11",
      "signals": 1159,
      "wins": 589,
      "losses": 417,
      "no_fills": 153,
      "open": 0,
      "pnl": -881.350000000109,
      "trading_pnl": -881.350000000109,
      "bonus": 0.0,
      "closed_lots": 29.18000000000034,
      "equity_start": 6659.129999998677,
      "equity_end": 5777.779999998503,
      "win_rate_pct": 58.54870775347912,
      "pnl_pct": -13.235212407631089
    },
    {
      "month": "2025-12",
      "signals": 1271,
      "wins": 644,
      "losses": 441,
      "no_fills": 186,
      "open": 0,
      "pnl": 475.36000000013064,
      "trading_pnl": 475.36000000013064,
      "bonus": 0.0,
      "closed_lots": 31.310000000000446,
      "equity_start": 5777.779999998503,
      "equity_end": 6253.139999998633,
      "win_rate_pct": 59.354838709677416,
      "pnl_pct": 8.227381451011526
    },
    {
      "month": "2026-01",
      "signals": 1230,
      "wins": 654,
      "losses": 408,
      "no_fills": 168,
      "open": 0,
      "pnl": 4223.490000000038,
      "trading_pnl": 4223.490000000038,
      "bonus": 0.0,
      "closed_lots": 31.050000000000413,
      "equity_start": 6253.139999998633,
      "equity_end": 10476.629999998684,
      "win_rate_pct": 61.5819209039548,
      "pnl_pct": 67.54190694596572
    },
    {
      "month": "2026-02",
      "signals": 1167,
      "wins": 609,
      "losses": 472,
      "no_fills": 86,
      "open": 0,
      "pnl": 1590.9400000003589,
      "trading_pnl": 1590.9400000003589,
      "bonus": 0.0,
      "closed_lots": 32.07000000000046,
      "equity_start": 10476.629999998684,
      "equity_end": 12067.569999999054,
      "win_rate_pct": 56.33672525439408,
      "pnl_pct": 15.185608349255045
    },
    {
      "month": "2026-03",
      "signals": 1273,
      "wins": 622,
      "losses": 538,
      "no_fills": 113,
      "open": 0,
      "pnl": -537.0199999994575,
      "trading_pnl": -537.0199999994575,
      "bonus": 0.0,
      "closed_lots": 34.390000000000555,
      "equity_start": 12067.569999999054,
      "equity_end": 11612.409999999649,
      "win_rate_pct": 53.62068965517241,
      "pnl_pct": -4.450108845438639
    },
    {
      "month": "2026-04",
      "signals": 1213,
      "wins": 627,
      "losses": 441,
      "no_fills": 145,
      "open": 0,
      "pnl": 1076.7800000003917,
      "trading_pnl": 1076.7800000003917,
      "bonus": 0.0,
      "closed_lots": 31.29000000000042,
      "equity_start": 11484.379999999639,
      "equity_end": 12554.220000000025,
      "win_rate_pct": 58.70786516853933,
      "pnl_pct": 9.376039455333467
    },
    {
      "month": "2026-05",
      "signals": 1221,
      "wins": 645,
      "losses": 437,
      "no_fills": 139,
      "open": 0,
      "pnl": 1033.2700000004088,
      "trading_pnl": 1033.2700000004088,
      "bonus": 0.0,