{
  "rank": 6,
  "candidate_id": "2e25fefeaf3b2898",
  "filter_preset": "self_limit",
  "metrics": {
    "candidate_id": "2e25fefeaf3b2898",
    "filter_preset": "self_limit",
    "passes_recommendation_gate": false,
    "passes_dd": false,
    "passes_edge": true,
    "passes_consistency": true,
    "passes_oos": true,
    "score": 10329.704166666857,
    "fixed_no_bonus_profit": 10727.900000000143,
    "fixed_with_bonus_profit": 11294.600000002636,
    "bonus_contribution": 566.7000000024927,
    "concurrent_risk_max_dd_pct": 100.15049047047559,
    "risk_net_profit_with_bonus": -1003.2800000002038,
    "stable_months": 15,
    "total_months": 18,
    "stable_fraction": 0.8333333333333334,
    "worst_month_pnl": -428.8700000000081,
    "oos_fixed_no_bonus_profit": 5559.150000000284
  },
  "monthly": [
    {
      "month": "2025-01",
      "signals": 1292,
      "wins": 480,
      "losses": 337,
      "no_fills": 352,
      "open": 0,
      "pnl": 250.28999999998678,
      "trading_pnl": 250.28999999998678,
      "bonus": 0.0,
      "closed_lots": 9.399999999999844,
      "equity_start": 1000.0,
      "equity_end": 1250.2899999999868,
      "win_rate_pct": 58.7515299877601,
      "pnl_pct": 25.028999999998682
    },
    {
      "month": "2025-02",
      "signals": 1153,
      "wins": 435,
      "losses": 350,
      "no_fills": 240,
      "open": 0,
      "pnl": -0.4200000000655564,
      "trading_pnl": -0.4200000000655564,
      "bonus": 0.0,
      "closed_lots": 9.12999999999985,
      "equity_start": 1250.2899999999868,
      "equity_end": 1249.8699999999212,
      "win_rate_pct": 55.4140127388535,
      "pnl_pct": -0.033592206613310575
    },
    {
      "month": "2025-03",
      "signals": 1219,
      "wins": 506,
      "losses": 387,
      "no_fills": 192,
      "open": 0,
      "pnl": 13.110000000044693,
      "trading_pnl": 13.110000000044693,
      "bonus": 0.0,
      "closed_lots": 10.269999999999825,
      "equity_start": 1249.8699999999212,
      "equity_end": 1262.979999999966,
      "win_rate_pct": 56.662933930571114,
      "pnl_pct": 1.0489090865486426
    },
    {
      "month": "2025-04",
      "signals": 1222,
      "wins": 481,
      "losses": 262,
      "no_fills": 121,
      "open": 0,
      "pnl": 700.7899999999859,
      "trading_pnl": 700.7899999999859,
      "bonus": 0.0,
      "closed_lots": 11.00999999999981,
      "equity_start": 1262.979999999966,
      "equity_end": 1963.7699999999518,
      "win_rate_pct": 64.73755047106326,
      "pnl_pct": 55.48702275570514
    },
    {
      "month": "2025-05",
      "signals": 1278,
      "wins": 510,
      "losses": 252,
      "no_fills": 179,
      "open": 0,
      "pnl": 761.9100000000262,
      "trading_pnl": 761.9100000000262,
      "bonus": 0.0,
      "closed_lots": 10.98999999999981,
      "equity_start": 1963.7699999999518,
      "equity_end": 2725.679999999978,
      "win_rate_pct": 66.92913385826772,
      "pnl_pct": 38.79833178020058
    },
    {
      "month": "2025-06",
      "signals": 1202,
      "wins": 437,
      "losses": 347,
      "no_fills": 164,
      "open": 0,
      "pnl": -428.8700000000081,
      "trading_pnl": -428.8700000000081,
      "bonus": 0.0,
      "closed_lots": 10.379999999999823,
      "equity_start": 2725.679999999978,
      "equity_end": 2296.80999999997,
      "win_rate_pct": 55.73979591836735,
      "pnl_pct": -15.734422235919535
    },
    {
      "month": "2025-07",
      "signals": 1350,
      "wins": 554,
      "losses": 349,
      "no_fills": 263,
      "open": 0,
      "pnl": 638.2799999999888,
      "trading_pnl": 638.2799999999888,
      "bonus": 0.0,
      "closed_lots": 10.869999999999813,
      "equity_start": 2296.80999999997,
      "equity_end": 2944.6999999999593,
      "win_rate_pct": 61.35105204872646,
      "pnl_pct": 27.789847658273743
    },
    {
      "month": "2025-08",
      "signals": 1207,
      "wins": 496,
      "losses": 373,
      "no_fills": 198,
      "open": 0,
      "pnl": -42.87000000007356,
      "trading_pnl": -42.87000000007356,
      "bonus": 0.0,
      "closed_lots": 10.08999999999983,
      "equity_start": 2935.0899999999588,
      "equity_end": 2892.219999999885,
      "win_rate_pct": 57.0771001150748,
      "pnl_pct": -1.460602570962872
    },
    {
      "month": "2025-09",
      "signals": 1277,
      "wins": 517,
      "losses": 314,
      "no_fills": 187,
      "open": 0,
      "pnl": 454.69999999992297,
      "trading_pnl": 454.69999999992297,
      "bonus": 0.0,
      "closed_lots": 10.899999999999812,
      "equity_start": 2892.219999999885,
      "equity_end": 3346.919999999808,
      "win_rate_pct": 62.214199759326114,
      "pnl_pct": 15.721487300410791
    },
    {
      "month": "2025-10",
      "signals": 1343,
      "wins": 523,
      "losses": 208,
      "no_fills": 126,
      "open": 0,
      "pnl": 1743.2999999999292,
      "trading_pnl": 1743.2999999999292,
      "bonus": 0.0,
      "closed_lots": 12.169999999999785,
      "equity_start": 3346.919999999808,
      "equity_end": 5090.219999999757,
      "win_rate_pct": 71.54582763337893,
      "pnl_pct": 52.086694632678075
    },
    {
      "month": "2025-11",
      "signals": 1159,
      "wins": 426,
      "losses": 224,
      "no_fills": 103,
      "open": 0,
      "pnl": 609.1199999999658,
      "trading_pnl": 609.1199999999658,
      "bonus": 0.0,
      "closed_lots": 10.55999999999982,
      "equity_start": 5090.219999999757,
      "equity_end": 5699.339999999766,
      "win_rate_pct": 65.53846153846153,
      "pnl_pct": 11.96647689097907
    },
    {
      "month": "2025-12",
      "signals": 1271,
      "wins": 466,
      "losses": 285,
      "no_fills": 127,
      "open": 0,
      "pnl": 469.41000000001713,
      "trading_pnl": 469.41000000001713,
      "bonus": 0.0,
      "closed_lots": 11.4399999999998,
      "equity_start": 5699.339999999766,
      "equity_end": 6168.7499999997835,
      "win_rate_pct": 62.050599201065246,
      "pnl_pct": 8.236216825106704
    },
    {
      "month": "2026-01",
      "signals": 1230,
      "wins": 444,
      "losses": 211,
      "no_fills": 119,
      "open": 0,
      "pnl": 1585.3199999999806,
      "trading_pnl": 1585.3199999999806,
      "bonus": 0.0,
      "closed_lots": 11.109999999999808,
      "equity_start": 6168.7499999997835,
      "equity_end": 7754.069999999764,
      "win_rate_pct": 67.78625954198473,
      "pnl_pct": 25.699209726444355
    },
    {
      "month": "2026-02",
      "signals": 1167,
      "wins": 359,
      "losses": 202,
      "no_fills": 73,
      "open": 0,
      "pnl": 1240.7000000000453,
      "trading_pnl": 1240.7000000000453,
      "bonus": 0.0,
      "closed_lots": 10.939999999999811,
      "equity_start": 7754.069999999764,
      "equity_end": 8994.769999999833,
      "win_rate_pct": 63.992869875222816,
      "pnl_pct": 16.00062934691179
    },
    {
      "month": "2026-03",
      "signals": 1273,
      "wins": 393,
      "losses": 215,
      "no_fills": 87,
      "open": 0,
      "pnl": 1312.6100000000688,
      "trading_pnl": 1312.6100000000688,
      "bonus": 0.0,
      "closed_lots": 11.859999999999792,
      "equity_start": 8994.769999999833,
      "equity_end": 10315.55999999991,
      "win_rate_pct": 64.63815789473685,
      "pnl_pct": 14.593035730764578
    },
    {
      "month": "2026-04",
      "signals": 1213,
      "wins": 378,
      "losses": 236,
      "no_fills": 89,
      "open": 0,
      "pnl": 394.7100000000746,
      "trading_pnl": 394.7100000000746,
      "bonus": 0.0,
      "closed_lots": 11.239999999999805,
      "equity_start": 10307.37999999991,
      "equity_end": 10702.090000000011,
      "win_rate_pct": 61.563517915309454,
      "pnl_pct": 3.829392144270203
    },
    {
      "month": "2026-05",
      "signals": 1221,
      "wins": 421,
      "losses": 251,
      "no_fills": 101,
      "open": 0,
      "pnl": 351.9500000000853,
      "trading_pnl": 351.9500000000853,
      "bonus": 0.0,