{
  "rank": 6,
  "candidate_id": "11108a6c658afafe",
  "filter_preset": "self_limit",
  "metrics": {
    "candidate_id": "11108a6c658afafe",
    "filter_preset": "self_limit",
    "passes_recommendation_gate": false,
    "passes_dd": false,
    "passes_edge": true,
    "passes_consistency": true,
    "passes_oos": true,
    "score": 8492.603333332947,
    "fixed_no_bonus_profit": 9931.879999999492,
    "fixed_with_bonus_profit": 10750.220000003454,
    "bonus_contribution": 818.3400000039619,
    "concurrent_risk_max_dd_pct": 103.6885731535976,
    "risk_net_profit_with_bonus": -1065.370000000003,
    "stable_months": 12,
    "total_months": 18,
    "stable_fraction": 0.6666666666666666,
    "worst_month_pnl": -840.1300000000915,
    "oos_fixed_no_bonus_profit": 7485.399999999816
  },
  "monthly": [
    {
      "month": "2025-01",
      "signals": 1672,
      "wins": 647,
      "losses": 665,
      "no_fills": 279,
      "open": 0,
      "pnl": -232.2899999999927,
      "trading_pnl": -232.2899999999927,
      "bonus": 0.0,
      "closed_lots": 13.929999999999747,
      "equity_start": 1000.0,
      "equity_end": 767.7100000000073,
      "win_rate_pct": 49.3140243902439,
      "pnl_pct": -23.22899999999927
    },
    {
      "month": "2025-02",
      "signals": 1517,
      "wins": 527,
      "losses": 664,
      "no_fills": 230,
      "open": 0,
      "pnl": -595.3800000000574,
      "trading_pnl": -595.3800000000574,
      "bonus": 0.0,
      "closed_lots": 12.86999999999977,
      "equity_start": 767.7100000000073,
      "equity_end": 172.3299999999499,
      "win_rate_pct": 44.24853064651553,
      "pnl_pct": -77.55272173086865
    },
    {
      "month": "2025-03",
      "signals": 1536,
      "wins": 609,
      "losses": 639,
      "no_fills": 201,
      "open": 0,
      "pnl": -71.7799999999138,
      "trading_pnl": -71.7799999999138,
      "bonus": 0.0,
      "closed_lots": 13.34999999999976,
      "equity_start": 172.3299999999499,
      "equity_end": 95.57000000003654,
      "win_rate_pct": 48.79807692307692,
      "pnl_pct": -41.652643184549795
    },
    {
      "month": "2025-04",
      "signals": 1553,
      "wins": 692,
      "losses": 520,
      "no_fills": 110,
      "open": 0,
      "pnl": 1233.1600000000017,
      "trading_pnl": 1233.1600000000017,
      "bonus": 0.0,
      "closed_lots": 14.429999999999737,
      "equity_start": 48.69000000003598,
      "equity_end": 1453.2300000000373,
      "win_rate_pct": 57.0957095709571,
      "pnl_pct": 2532.676114189958
    },
    {
      "month": "2025-05",
      "signals": 1757,
      "wins": 774,
      "losses": 576,
      "no_fills": 201,
      "open": 0,
      "pnl": 1739.6800000000658,
      "trading_pnl": 1739.6800000000658,
      "bonus": 0.0,
      "closed_lots": 15.559999999999713,
      "equity_start": 1317.6900000000378,
      "equity_end": 3073.3900000001036,
      "win_rate_pct": 57.333333333333336,
      "pnl_pct": 132.02498311439078
    },
    {
      "month": "2025-06",
      "signals": 1708,
      "wins": 668,
      "losses": 655,
      "no_fills": 209,
      "open": 0,
      "pnl": 58.7800000000052,
      "trading_pnl": 58.7800000000052,
      "bonus": 0.0,
      "closed_lots": 14.989999999999725,
      "equity_start": 3073.3900000001036,
      "equity_end": 3132.1700000001088,
      "win_rate_pct": 50.49130763416477,
      "pnl_pct": 1.9125460810376562
    },
    {
      "month": "2025-07",
      "signals": 1694,
      "wins": 620,
      "losses": 724,
      "no_fills": 243,
      "open": 0,
      "pnl": -474.0700000000006,
      "trading_pnl": -474.0700000000006,
      "bonus": 0.0,
      "closed_lots": 14.509999999999735,
      "equity_start": 3132.1700000001088,
      "equity_end": 2658.100000000108,
      "win_rate_pct": 46.13095238095239,
      "pnl_pct": -15.135513078791513
    },
    {
      "month": "2025-08",
      "signals": 1593,
      "wins": 611,
      "losses": 695,
      "no_fills": 180,
      "open": 0,
      "pnl": -840.1300000000915,
      "trading_pnl": -840.1300000000915,
      "bonus": 0.0,
      "closed_lots": 14.129999999999743,
      "equity_start": 2658.100000000108,
      "equity_end": 1817.9700000000166,
      "win_rate_pct": 46.784073506891275,
      "pnl_pct": -31.606410594035488
    },
    {
      "month": "2025-09",
      "signals": 1801,
      "wins": 718,
      "losses": 732,
      "no_fills": 179,
      "open": 0,
      "pnl": 385.1599999999212,
      "trading_pnl": 385.1599999999212,
      "bonus": 0.0,
      "closed_lots": 16.219999999999736,
      "equity_start": 1817.9700000000166,
      "equity_end": 2227.459999999936,
      "win_rate_pct": 49.51724137931034,
      "pnl_pct": 21.1862682002408
    },
    {
      "month": "2025-10",
      "signals": 1927,
      "wins": 880,
      "losses": 641,
      "no_fills": 138,
      "open": 0,
      "pnl": 1284.7699999998877,
      "trading_pnl": 1284.7699999998877,
      "bonus": 0.0,
      "closed_lots": 17.889999999999997,
      "equity_start": 2203.129999999938,
      "equity_end": 3487.8999999998255,
      "win_rate_pct": 57.856673241288625,
      "pnl_pct": 58.31566907081851
    },
    {
      "month": "2025-11",
      "signals": 1700,
      "wins": 697,
      "losses": 651,
      "no_fills": 116,
      "open": 0,
      "pnl": -265.6700000000865,
      "trading_pnl": -265.6700000000865,
      "bonus": 0.0,
      "closed_lots": 15.839999999999707,
      "equity_start": 3487.8999999998255,
      "equity_end": 3222.229999999739,
      "win_rate_pct": 51.70623145400594,
      "pnl_pct": -7.616904154365084
    },
    {
      "month": "2025-12",
      "signals": 1985,
      "wins": 817,
      "losses": 729,
      "no_fills": 160,
      "open": 0,
      "pnl": 224.24999999990268,
      "trading_pnl": 224.24999999990268,
      "bonus": 0.0,
      "closed_lots": 18.250000000000053,
      "equity_start": 3222.229999999739,
      "equity_end": 3446.4799999996417,
      "win_rate_pct": 52.846054333764556,
      "pnl_pct": 6.9594659599072966
    },
    {
      "month": "2026-01",
      "signals": 1710,
      "wins": 776,
      "losses": 565,
      "no_fills": 108,
      "open": 0,
      "pnl": 883.5599999998876,
      "trading_pnl": 883.5599999998876,
      "bonus": 0.0,
      "closed_lots": 16.019999999999705,
      "equity_start": 3446.4799999996417,
      "equity_end": 4330.03999999953,
      "win_rate_pct": 57.867263236390755,
      "pnl_pct": 25.636591536871805
    },
    {
      "month": "2026-02",
      "signals": 1599,
      "wins": 804,
      "losses": 367,
      "no_fills": 78,
      "open": 0,
      "pnl": 2183.609999999938,
      "trading_pnl": 2183.609999999938,
      "bonus": 0.0,
      "closed_lots": 15.20999999999972,
      "equity_start": 4330.03999999953,
      "equity_end": 6513.649999999468,
      "win_rate_pct": 68.65926558497011,
      "pnl_pct": 50.4293262879829
    },
    {
      "month": "2026-03",
      "signals": 1795,
      "wins": 926,
      "losses": 408,
      "no_fills": 77,
      "open": 0,
      "pnl": 2540.3600000000088,
      "trading_pnl": 2540.3600000000088,
      "bonus": 0.0,
      "closed_lots": 17.179999999999886,
      "equity_start": 6513.649999999468,
      "equity_end": 9165.959999999486,
      "win_rate_pct": 69.41529235382309,
      "pnl_pct": 39.00056036170529
    },
    {
      "month": "2026-04",
      "signals": 1850,
      "wins": 863,
      "losses": 556,
      "no_fills": 88,
      "open": 0,
      "pnl": 1312.139999999983,
      "trading_pnl": 1312.139999999983,
      "bonus": 0.0,
      "closed_lots": 17.619999999999955,
      "equity_start": 9054.009999999489,
      "equity_end": 10366.1499999995,
      "win_rate_pct": 60.81747709654687,
      "pnl_pct": 14.492363052393989
    },
    {
      "month": "2026-05",
      "signals": 1758,
      "wins": 778,
      "losses": 570,
      "no_fills": 118,
      "open": 0,
      "pnl": 478.0699999999888,
      "trading_pnl": 478.0699999999888,
      "bonus": 0.0,
      "closed_lots": 16.399999999999764,