{
  "rank": 5,
  "candidate_id": "2e25fefeaf3b2898",
  "filter_preset": "self_limit",
  "metrics": {
    "candidate_id": "2e25fefeaf3b2898",
    "filter_preset": "self_limit",
    "passes_recommendation_gate": false,
    "passes_dd": false,
    "passes_edge": true,
    "passes_consistency": true,
    "passes_oos": true,
    "score": 8887.43666666679,
    "fixed_no_bonus_profit": 10642.96000000017,
    "fixed_with_bonus_profit": 11446.87000000292,
    "bonus_contribution": 803.9100000027502,
    "concurrent_risk_max_dd_pct": 100.77183697198693,
    "risk_net_profit_with_bonus": -1011.5499999999042,
    "stable_months": 12,
    "total_months": 18,
    "stable_fraction": 0.6666666666666666,
    "worst_month_pnl": -598.490000000028,
    "oos_fixed_no_bonus_profit": 7168.520000000041
  },
  "monthly": [
    {
      "month": "2025-01",
      "signals": 1672,
      "wins": 534,
      "losses": 538,
      "no_fills": 322,
      "open": 0,
      "pnl": -140.49999999995498,
      "trading_pnl": -140.49999999995498,
      "bonus": 0.0,
      "closed_lots": 13.499999999999757,
      "equity_start": 1000.0,
      "equity_end": 859.500000000045,
      "win_rate_pct": 49.8134328358209,
      "pnl_pct": -14.049999999995496
    },
    {
      "month": "2025-02",
      "signals": 1517,
      "wins": 475,
      "losses": 537,
      "no_fills": 273,
      "open": 0,
      "pnl": -444.48000000000366,
      "trading_pnl": -444.48000000000366,
      "bonus": 0.0,
      "closed_lots": 12.43999999999978,
      "equity_start": 859.500000000045,
      "equity_end": 415.02000000004136,
      "win_rate_pct": 46.93675889328063,
      "pnl_pct": -51.71378708551255
    },
    {
      "month": "2025-03",
      "signals": 1536,
      "wins": 511,
      "losses": 513,
      "no_fills": 247,
      "open": 0,
      "pnl": -65.40999999988117,
      "trading_pnl": -65.40999999988117,
      "bonus": 0.0,
      "closed_lots": 12.88999999999977,
      "equity_start": 415.02000000004136,
      "equity_end": 349.6100000001602,
      "win_rate_pct": 49.90234375,
      "pnl_pct": -15.760686231958616
    },
    {
      "month": "2025-04",
      "signals": 1553,
      "wins": 492,
      "losses": 384,
      "no_fills": 126,
      "open": 0,
      "pnl": 1216.690000000056,
      "trading_pnl": 1216.690000000056,
      "bonus": 0.0,
      "closed_lots": 14.26999999999974,
      "equity_start": 287.9900000001603,
      "equity_end": 1598.940000000216,
      "win_rate_pct": 56.16438356164384,
      "pnl_pct": 422.47647487738413
    },
    {
      "month": "2025-05",
      "signals": 1757,
      "wins": 583,
      "losses": 403,
      "no_fills": 243,
      "open": 0,
      "pnl": 1703.5600000001054,
      "trading_pnl": 1703.5600000001054,
      "bonus": 0.0,
      "closed_lots": 15.139999999999722,
      "equity_start": 1566.3000000002162,
      "equity_end": 3269.8600000003216,
      "win_rate_pct": 59.12778904665315,
      "pnl_pct": 108.76332758729939
    },
    {
      "month": "2025-06",
      "signals": 1708,
      "wins": 526,
      "losses": 514,
      "no_fills": 234,
      "open": 0,
      "pnl": -98.56999999992468,
      "trading_pnl": -98.56999999992468,
      "bonus": 0.0,
      "closed_lots": 14.73999999999973,
      "equity_start": 3269.8600000003216,
      "equity_end": 3171.290000000397,
      "win_rate_pct": 50.57692307692307,
      "pnl_pct": -3.014502149936541
    },
    {
      "month": "2025-07",
      "signals": 1694,
      "wins": 494,
      "losses": 579,
      "no_fills": 267,
      "open": 0,
      "pnl": -436.3299999999522,
      "trading_pnl": -436.3299999999522,
      "bonus": 0.0,
      "closed_lots": 14.26999999999974,
      "equity_start": 3171.290000000397,
      "equity_end": 2734.960000000445,
      "win_rate_pct": 46.039142590866724,
      "pnl_pct": -13.758754323946961
    },
    {
      "month": "2025-08",
      "signals": 1593,
      "wins": 539,
      "losses": 585,
      "no_fills": 213,
      "open": 0,
      "pnl": -598.490000000028,
      "trading_pnl": -598.490000000028,
      "bonus": 0.0,
      "closed_lots": 13.79999999999975,
      "equity_start": 2734.960000000445,
      "equity_end": 2136.470000000417,
      "win_rate_pct": 47.95373665480427,
      "pnl_pct": -21.882952584313138
    },
    {
      "month": "2025-09",
      "signals": 1801,
      "wins": 588,
      "losses": 528,
      "no_fills": 222,
      "open": 0,
      "pnl": 689.8900000000099,
      "trading_pnl": 689.8900000000099,
      "bonus": 0.0,
      "closed_lots": 15.789999999999708,
      "equity_start": 2136.470000000417,
      "equity_end": 2841.160000000426,
      "win_rate_pct": 52.68817204301075,
      "pnl_pct": 32.29111571891369
    },
    {
      "month": "2025-10",
      "signals": 1927,
      "wins": 495,
      "losses": 449,
      "no_fills": 161,
      "open": 0,
      "pnl": 878.6299999999833,
      "trading_pnl": 878.6299999999833,
      "bonus": 0.0,
      "closed_lots": 17.65999999999996,
      "equity_start": 2826.3600000004267,
      "equity_end": 3704.99000000041,
      "win_rate_pct": 52.436440677966104,
      "pnl_pct": 31.086981134740466
    },
    {
      "month": "2025-11",
      "signals": 1700,
      "wins": 433,
      "losses": 435,
      "no_fills": 147,
      "open": 0,
      "pnl": 209.30999999999176,
      "trading_pnl": 209.30999999999176,
      "bonus": 0.0,
      "closed_lots": 15.529999999999713,
      "equity_start": 3704.99000000041,
      "equity_end": 3914.3000000004017,
      "win_rate_pct": 49.88479262672811,
      "pnl_pct": 5.649407960614431
    },
    {
      "month": "2025-12",
      "signals": 1985,
      "wins": 576,
      "losses": 505,
      "no_fills": 184,
      "open": 0,
      "pnl": 560.1399999999812,
      "trading_pnl": 560.1399999999812,
      "bonus": 0.0,
      "closed_lots": 18.010000000000016,
      "equity_start": 3914.3000000004017,
      "equity_end": 4474.4400000003825,
      "win_rate_pct": 53.28399629972248,
      "pnl_pct": 14.310093758779955
    },
    {
      "month": "2026-01",
      "signals": 1710,
      "wins": 413,
      "losses": 365,
      "no_fills": 118,
      "open": 0,
      "pnl": 1033.4599999999773,
      "trading_pnl": 1033.4599999999773,
      "bonus": 0.0,
      "closed_lots": 15.919999999999705,
      "equity_start": 4474.4400000003825,
      "equity_end": 5507.90000000036,
      "win_rate_pct": 53.084832904884315,
      "pnl_pct": 23.09696855919152
    },
    {
      "month": "2026-02",
      "signals": 1599,
      "wins": 349,
      "losses": 263,
      "no_fills": 92,
      "open": 0,
      "pnl": 1806.8899999999867,
      "trading_pnl": 1806.8899999999867,
      "bonus": 0.0,
      "closed_lots": 15.069999999999723,
      "equity_start": 5507.90000000036,
      "equity_end": 7314.7900000003465,
      "win_rate_pct": 57.02614379084967,
      "pnl_pct": 32.80542493509084
    },
    {
      "month": "2026-03",
      "signals": 1795,
      "wins": 367,
      "losses": 269,
      "no_fills": 104,
      "open": 0,
      "pnl": 2259.5600000000068,
      "trading_pnl": 2259.5600000000068,
      "bonus": 0.0,
      "closed_lots": 16.909999999999844,
      "equity_start": 7314.7900000003465,
      "equity_end": 9574.350000000362,
      "win_rate_pct": 57.704402515723274,
      "pnl_pct": 30.890292134154222
    },
    {
      "month": "2026-04",
      "signals": 1850,
      "wins": 429,
      "losses": 366,
      "no_fills": 102,
      "open": 0,
      "pnl": 1085.8100000000259,
      "trading_pnl": 1085.8100000000259,
      "bonus": 0.0,
      "closed_lots": 17.479999999999933,
      "equity_start": 9574.350000000362,
      "equity_end": 10660.160000000273,
      "win_rate_pct": 53.9622641509434,
      "pnl_pct": 11.340822092361202
    },
    {
      "month": "2026-05",
      "signals": 1758,
      "wins": 456,
      "losses": 397,
      "no_fills": 130,
      "open": 0,
      "pnl": 665.8200000000288,
      "trading_pnl": 665.8200000000288,
      "bonus": 0.0,
      "closed_lots": 16.279999999999745,