{
  "rank": 14,
  "candidate_id": "f3781547ef4d3d97",
  "filter_preset": "self_limit",
  "metrics": {
    "candidate_id": "f3781547ef4d3d97",
    "filter_preset": "self_limit",
    "passes_recommendation_gate": false,
    "passes_dd": false,
    "passes_edge": false,
    "passes_consistency": false,
    "passes_oos": true,
    "score": 2496.0949999998516,
    "fixed_no_bonus_profit": -1000.4949999999276,
    "fixed_with_bonus_profit": -1001.005000000063,
    "bonus_contribution": -0.5100000001353919,
    "concurrent_risk_max_dd_pct": 100.03735423190618,
    "risk_net_profit_with_bonus": -1000.7549999998649,
    "stable_months": 0,
    "total_months": 3,
    "stable_fraction": 0.0,
    "worst_month_pnl": -572.4349999998676,
    "oos_fixed_no_bonus_profit": 9984.379999999406
  },
  "monthly": [
    {
      "month": "2025-01",
      "signals": 1672,
      "wins": 753,
      "losses": 710,
      "no_fills": 207,
      "open": 0,
      "pnl": -201.51999999997633,
      "trading_pnl": -201.51999999997633,
      "bonus": 0.0,
      "closed_lots": 14.649999999999732,
      "equity_start": 1000.0,
      "equity_end": 798.4800000000237,
      "win_rate_pct": 51.469583048530424,
      "pnl_pct": -20.15199999999763
    },
    {
      "month": "2025-02",
      "signals": 1517,
      "wins": 677,
      "losses": 665,
      "no_fills": 173,
      "open": 0,
      "pnl": -226.54000000008364,
      "trading_pnl": -226.54000000008364,
      "bonus": 0.0,
      "closed_lots": 13.439999999999758,
      "equity_start": 798.4800000000237,
      "equity_end": 571.93999999994,
      "win_rate_pct": 50.44709388971684,
      "pnl_pct": -28.371405670784107
    },
    {
      "month": "2025-03",
      "signals": 1525,
      "wins": 672,
      "losses": 709,
      "no_fills": 141,
      "open": 3,
      "pnl": -572.4349999998676,
      "trading_pnl": -572.4349999998676,
      "bonus": 0.0,
      "closed_lots": 13.80999999999975,
      "equity_start": 571.93999999994,
      "equity_end": -0.49499999992758603,
      "win_rate_pct": 48.66039102099928,
      "pnl_pct": -100.08654753993909
    }
  ],
  "config": {
    "initial_capital": 1000.0,
    "sizing_mode": "risk",
    "lot_per_entry": 0.5,
    "risk_per_signal": 0.05,
    "minimum_lot": 0.01,
    "lot_step": 0.01,
    "bonus_per_closed_lot": 3.0,
    "entry_count": 1,
    "entry_ladder": "range_uniform",
    "entry_sl_gap": 0.0,
    "activation_delay_minutes": 1,
    "pending_expiry_minutes": 900,
    "max_hold_minutes": 30,
    "sl_multiplier": 1.15,
    "final_target": "TP2",
    "lock_after_tp1": true,
    "lock_after_tp2": true,
    "shared_sl": false,
    "per_entry_targets": [],
    "bep_after_move": 0.0,
    "runner_trail_from": "TP3",
    "scale_out_at_tp1": false,
    "scale_out_at_tp2": false,
    "bep_after_tp1": false,
    "bep_buffer": 0.0,
    "trailing_close_after_stage": 0,
    "runner_no_final_cap": false,
    "trailing_open_distance": 1.0,
    "trailing_close_distance": 3.0,
    "trailing_close_min_step": 0.0,
    "trend_runner_enabled": false,
    "trend_runner_ema_fast": 21,
    "trend_runner_ema_slow": 55,
    "trend_runner_atr_period": 14,
    "trend_runner_atr_multiplier": 3.0,
    "trend_runner_override_max_hold": true,
    "tp1_lock_delay_minutes": 15,
    "tp2_lock_delay_minutes": 3,
    "profit_lock_mode": "tp_levels",
    "bep_trigger_distance": 6.0,
    "tp1_lock_fraction": 0.5,
    "tp2_lock_target": "TP1",
    "runner_after_tp3": false,
    "tp3_lock_target": "TP2"
  },
  "live_command": "python tools/auto_explicit.py \\\n  --signals generated/live_provider_self_limit.txt \\\n  --positions-json positions.json \\\n  --watch-interval 5 \\\n  --mt5-symbol XAUUSD \\\n  --mt5-server-offset 3 \\\n  --mt5-history-bars 3000 \\\n  --initial-capital 1000.0 \\\n  --sizing-mode risk \\\n  --lot 0.5 \\\n  --risk 0.05 \\\n  --minimum-lot 0.01 \\\n  --lot-step 0.01 \\\n  --bonus-per-closed-lot 3.0 \\\n  --entries 1 \\\n  --entry-ladder range_uniform \\\n  --entry-sl-gap 0.0 \\\n  --activation-delay 1 \\\n  --pending-expiry 900 \\\n  --max-hold 30 \\\n  --sl-multiplier 1.15 \\\n  --final-target TP2 \\\n  --lock-after-tp1 true \\\n  --lock-after-tp2 true \\\n  --tp1-lock-delay-minutes 15 \\\n  --tp2-lock-delay-minutes 3 \\\n  --profit-lock-mode tp_levels \\\n  --bep-trigger-distance 6.0 \\\n  --tp1-lock-fraction 0.5 \\\n  --tp2-lock-target TP1 \\\n  --runner-after-tp3 false \\\n  --tp3-lock-target TP2 \\\n  --trailing-open-distance 1.0 \\\n  --trailing-close-distance 3.0"
}