{
  "rank": 15,
  "candidate_id": "ef6d203222e6ea3a",
  "filter_preset": "self_limit",
  "metrics": {
    "candidate_id": "ef6d203222e6ea3a",
    "filter_preset": "self_limit",
    "passes_recommendation_gate": false,
    "passes_dd": false,
    "passes_edge": false,
    "passes_consistency": false,
    "passes_oos": true,
    "score": 1680.122499999935,
    "fixed_no_bonus_profit": -1001.7099999999709,
    "fixed_with_bonus_profit": -1007.7300000000774,
    "bonus_contribution": -6.020000000106506,
    "concurrent_risk_max_dd_pct": 101.92568030056775,
    "risk_net_profit_with_bonus": -1025.3200000000452,
    "stable_months": 0,
    "total_months": 3,
    "stable_fraction": 0.0,
    "worst_month_pnl": -473.609999999876,
    "oos_fixed_no_bonus_profit": 6720.48999999974
  },
  "monthly": [
    {
      "month": "2025-01",
      "signals": 1672,
      "wins": 798,
      "losses": 637,
      "no_fills": 207,
      "open": 0,
      "pnl": -339.45999999999094,
      "trading_pnl": -339.45999999999094,
      "bonus": 0.0,
      "closed_lots": 14.649999999999732,
      "equity_start": 1000.0,
      "equity_end": 660.5400000000091,
      "win_rate_pct": 55.60975609756098,
      "pnl_pct": -33.945999999999096
    },
    {
      "month": "2025-02",
      "signals": 1517,
      "wins": 781,
      "losses": 548,
      "no_fills": 173,
      "open": 0,
      "pnl": -188.640000000104,
      "trading_pnl": -188.640000000104,
      "bonus": 0.0,
      "closed_lots": 13.439999999999758,
      "equity_start": 660.5400000000091,
      "equity_end": 471.89999999990505,
      "win_rate_pct": 58.76598946576374,
      "pnl_pct": -28.55845217550813
    },
    {
      "month": "2025-03",
      "signals": 1270,
      "wins": 612,
      "losses": 527,
      "no_fills": 106,
      "open": 6,
      "pnl": -473.609999999876,
      "trading_pnl": -473.609999999876,
      "bonus": 0.0,
      "closed_lots": 11.579999999999798,
      "equity_start": 471.89999999990505,
      "equity_end": -1.7099999999709325,
      "win_rate_pct": 53.73134328358209,
      "pnl_pct": -100.36236490781336
    }
  ],
  "config": {
    "initial_capital": 1000.0,
    "sizing_mode": "risk",
    "lot_per_entry": 0.5,
    "risk_per_signal": 0.05,
    "minimum_lot": 0.01,
    "lot_step": 0.01,
    "bonus_per_closed_lot": 3.0,
    "entry_count": 1,
    "entry_ladder": "signal_range_3",
    "entry_sl_gap": 0.0,
    "activation_delay_minutes": 1,
    "pending_expiry_minutes": 900,
    "max_hold_minutes": 30,
    "sl_multiplier": 2.3,
    "final_target": "TP2",
    "lock_after_tp1": true,
    "lock_after_tp2": false,
    "shared_sl": false,
    "per_entry_targets": [],
    "bep_after_move": 0.0,
    "runner_trail_from": "TP3",
    "scale_out_at_tp1": false,
    "scale_out_at_tp2": false,
    "bep_after_tp1": false,
    "bep_buffer": 0.0,
    "trailing_close_after_stage": 0,
    "runner_no_final_cap": false,
    "trailing_open_distance": 1.0,
    "trailing_close_distance": 2.0,
    "trailing_close_min_step": 0.0,
    "trend_runner_enabled": false,
    "trend_runner_ema_fast": 21,
    "trend_runner_ema_slow": 55,
    "trend_runner_atr_period": 14,
    "trend_runner_atr_multiplier": 3.0,
    "trend_runner_override_max_hold": true,
    "tp1_lock_delay_minutes": 3,
    "tp2_lock_delay_minutes": 0,
    "profit_lock_mode": "bep_plus_half_tp1",
    "bep_trigger_distance": 3.0,
    "tp1_lock_fraction": 0.25,
    "tp2_lock_target": "TP2",
    "runner_after_tp3": false,
    "tp3_lock_target": "TP2"
  },
  "live_command": "python tools/auto_explicit.py \\\n  --signals generated/live_provider_self_limit.txt \\\n  --positions-json positions.json \\\n  --watch-interval 5 \\\n  --mt5-symbol XAUUSD \\\n  --mt5-server-offset 3 \\\n  --mt5-history-bars 3000 \\\n  --initial-capital 1000.0 \\\n  --sizing-mode risk \\\n  --lot 0.5 \\\n  --risk 0.05 \\\n  --minimum-lot 0.01 \\\n  --lot-step 0.01 \\\n  --bonus-per-closed-lot 3.0 \\\n  --entries 1 \\\n  --entry-ladder signal_range_3 \\\n  --entry-sl-gap 0.0 \\\n  --activation-delay 1 \\\n  --pending-expiry 900 \\\n  --max-hold 30 \\\n  --sl-multiplier 2.3 \\\n  --final-target TP2 \\\n  --lock-after-tp1 true \\\n  --lock-after-tp2 false \\\n  --tp1-lock-delay-minutes 3 \\\n  --tp2-lock-delay-minutes 0 \\\n  --profit-lock-mode bep_plus_half_tp1 \\\n  --bep-trigger-distance 3.0 \\\n  --tp1-lock-fraction 0.25 \\\n  --tp2-lock-target TP2 \\\n  --runner-after-tp3 false \\\n  --tp3-lock-target TP2 \\\n  --trailing-open-distance 1.0 \\\n  --trailing-close-distance 2.0"
}