{
  "rank": 1,
  "candidate_id": "c436ad8d6ac43780",
  "filter_preset": "self_limit",
  "metrics": {
    "candidate_id": "c436ad8d6ac43780",
    "filter_preset": "self_limit",
    "passes_recommendation_gate": false,
    "passes_dd": false,
    "passes_edge": true,
    "passes_consistency": true,
    "passes_oos": true,
    "score": 50830.67833333589,
    "fixed_no_bonus_profit": 56147.08000000212,
    "fixed_with_bonus_profit": 60480.06999999588,
    "bonus_contribution": 4332.9899999937625,
    "concurrent_risk_max_dd_pct": 100.8486838208705,
    "risk_net_profit_with_bonus": -1030.0900000005809,
    "stable_months": 15,
    "total_months": 18,
    "stable_fraction": 0.8333333333333334,
    "worst_month_pnl": -2236.260000000332,
    "oos_fixed_no_bonus_profit": 16165.780000003157
  },
  "monthly": [
    {
      "month": "2025-01",
      "signals": 1672,
      "wins": 945,
      "losses": 547,
      "no_fills": 180,
      "open": 0,
      "pnl": 2314.6099999998255,
      "trading_pnl": 2314.6099999998255,
      "bonus": 0.0,
      "closed_lots": 67.16000000000064,
      "equity_start": 1000.0,
      "equity_end": 3314.6099999998255,
      "win_rate_pct": 63.33780160857909,
      "pnl_pct": 231.46099999998256
    },
    {
      "month": "2025-02",
      "signals": 1517,
      "wins": 768,
      "losses": 569,
      "no_fills": 180,
      "open": 0,
      "pnl": -2236.260000000332,
      "trading_pnl": -2236.260000000332,
      "bonus": 0.0,
      "closed_lots": 63.61000000000055,
      "equity_start": 3314.6099999998255,
      "equity_end": 1078.3499999994933,
      "win_rate_pct": 57.442034405385186,
      "pnl_pct": -67.46676079540127
    },
    {
      "month": "2025-03",
      "signals": 1536,
      "wins": 859,
      "losses": 546,
      "no_fills": 131,
      "open": 0,
      "pnl": 358.0499999998806,
      "trading_pnl": 358.0499999998806,
      "bonus": 0.0,
      "closed_lots": 66.88000000000075,
      "equity_start": 1078.3499999994933,
      "equity_end": 1436.399999999374,
      "win_rate_pct": 61.138790035587185,
      "pnl_pct": 33.203505355408616
    },
    {
      "month": "2025-04",
      "signals": 1553,
      "wins": 915,
      "losses": 545,
      "no_fills": 93,
      "open": 0,
      "pnl": 7154.489999999829,
      "trading_pnl": 7154.489999999829,
      "bonus": 0.0,
      "closed_lots": 77.38000000000133,
      "equity_start": 1436.399999999374,
      "equity_end": 8701.6299999992,
      "win_rate_pct": 62.671232876712324,
      "pnl_pct": 498.0847953218426
    },
    {
      "month": "2025-05",
      "signals": 1757,
      "wins": 1089,
      "losses": 518,
      "no_fills": 150,
      "open": 0,
      "pnl": 13544.739999999794,
      "trading_pnl": 13544.739999999794,
      "bonus": 0.0,
      "closed_lots": 81.20000000000144,
      "equity_start": 8574.189999999202,
      "equity_end": 22135.62999999886,
      "win_rate_pct": 67.76602364654636,
      "pnl_pct": 157.9710736524506
    },
    {
      "month": "2025-06",
      "signals": 1708,
      "wins": 977,
      "losses": 587,
      "no_fills": 144,
      "open": 0,
      "pnl": 4574.419999999757,
      "trading_pnl": 4574.419999999757,
      "bonus": 0.0,
      "closed_lots": 77.48000000000125,
      "equity_start": 22135.62999999886,
      "equity_end": 26710.04999999837,
      "win_rate_pct": 62.46803069053708,
      "pnl_pct": 20.665415892838798
    },
    {
      "month": "2025-07",
      "signals": 1694,
      "wins": 942,
      "losses": 592,
      "no_fills": 160,
      "open": 0,
      "pnl": 2139.249999999792,
      "trading_pnl": 2139.249999999792,
      "bonus": 0.0,
      "closed_lots": 75.2800000000011,
      "equity_start": 26710.04999999837,
      "equity_end": 28849.299999998013,
      "win_rate_pct": 61.408083441981745,
      "pnl_pct": 8.009157601726402
    },
    {
      "month": "2025-08",
      "signals": 1593,
      "wins": 835,
      "losses": 624,
      "no_fills": 134,
      "open": 0,
      "pnl": -788.2000000004114,
      "trading_pnl": -788.2000000004114,
      "bonus": 0.0,
      "closed_lots": 72.07000000000083,
      "equity_start": 28849.299999998013,
      "equity_end": 28061.09999999741,
      "win_rate_pct": 57.23098012337218,
      "pnl_pct": -2.7321286824999764
    },
    {
      "month": "2025-09",
      "signals": 1801,
      "wins": 1004,
      "losses": 650,
      "no_fills": 147,
      "open": 0,
      "pnl": 3237.199999999618,
      "trading_pnl": 3237.199999999618,
      "bonus": 0.0,
      "closed_lots": 83.62000000000143,
      "equity_start": 28061.09999999741,
      "equity_end": 31298.299999996805,
      "win_rate_pct": 60.70133010882709,
      "pnl_pct": 11.536254815384703
    },
    {
      "month": "2025-10",
      "signals": 1927,
      "wins": 1069,
      "losses": 736,
      "no_fills": 122,
      "open": 0,
      "pnl": 3633.9000000000715,
      "trading_pnl": 3633.9000000000715,
      "bonus": 0.0,
      "closed_lots": 96.74000000000197,
      "equity_start": 31298.299999996805,
      "equity_end": 34932.1999999966,
      "win_rate_pct": 59.224376731301945,
      "pnl_pct": 11.610534757480254
    },
    {
      "month": "2025-11",
      "signals": 1700,
      "wins": 916,
      "losses": 676,
      "no_fills": 108,
      "open": 0,
      "pnl": 2636.100000000259,
      "trading_pnl": 2636.100000000259,
      "bonus": 0.0,
      "closed_lots": 86.17000000000166,
      "equity_start": 34932.1999999966,
      "equity_end": 37568.299999996736,
      "win_rate_pct": 57.537688442211056,
      "pnl_pct": 7.546332610028901
    },
    {
      "month": "2025-12",
      "signals": 1985,
      "wins": 1096,
      "losses": 767,
      "no_fills": 122,
      "open": 0,
      "pnl": 3413.0000000009913,
      "trading_pnl": 3413.0000000009913,
      "bonus": 0.0,
      "closed_lots": 99.190000000002,
      "equity_start": 37568.299999996736,
      "equity_end": 40981.2999999983,
      "win_rate_pct": 58.829844337090705,
      "pnl_pct": 9.084786908114788
    },
    {
      "month": "2026-01",
      "signals": 1710,
      "wins": 942,
      "losses": 685,
      "no_fills": 83,
      "open": 0,
      "pnl": 261.98000000071806,
      "trading_pnl": 261.98000000071806,
      "bonus": 0.0,
      "closed_lots": 88.70000000000175,
      "equity_start": 40981.2999999983,
      "equity_end": 41243.27999999913,
      "win_rate_pct": 57.8979717271051,
      "pnl_pct": 0.6392671779585541
    },
    {
      "month": "2026-02",
      "signals": 1599,
      "wins": 955,
      "losses": 570,
      "no_fills": 74,
      "open": 0,
      "pnl": 6881.210000000339,
      "trading_pnl": 6881.210000000339,
      "bonus": 0.0,
      "closed_lots": 82.39000000000131,
      "equity_start": 41243.27999999913,
      "equity_end": 48124.489999999634,
      "win_rate_pct": 62.62295081967213,
      "pnl_pct": 16.684439258954388
    },
    {
      "month": "2026-03",
      "signals": 1795,
      "wins": 1004,
      "losses": 706,
      "no_fills": 85,
      "open": 0,
      "pnl": -751.0499999996346,
      "trading_pnl": -751.0499999996346,
      "bonus": 0.0,
      "closed_lots": 93.3600000000018,
      "equity_start": 48124.489999999634,
      "equity_end": 47373.43999999997,
      "win_rate_pct": 58.71345029239766,
      "pnl_pct": -1.5606399153521218
    },
    {
      "month": "2026-04",
      "signals": 1850,
      "wins": 1061,
      "losses": 713,
      "no_fills": 76,
      "open": 0,
      "pnl": 6632.110000000678,
      "trading_pnl": 6632.110000000678,
      "bonus": 0.0,
      "closed_lots": 97.05000000000202,
      "equity_start": 47373.43999999997,
      "equity_end": 54005.55000000071,
      "win_rate_pct": 59.80834272829764,
      "pnl_pct": 13.999637771714873
    },
    {
      "month": "2026-05",
      "signals": 1758,
      "wins": 968,
      "losses": 690,
      "no_fills": 100,
      "open": 0,
      "pnl": 1668.630000000744,
      "trading_pnl": 1668.630000000744,
      "bonus": 0.0,
      "closed_lots": 90.05000000000173,