{
  "rank": 4,
  "candidate_id": "11108a6c658afafe",
  "filter_preset": "self_limit",
  "metrics": {
    "candidate_id": "11108a6c658afafe",
    "filter_preset": "self_limit",
    "passes_recommendation_gate": false,
    "passes_dd": false,
    "passes_edge": true,
    "passes_consistency": true,
    "passes_oos": true,
    "score": 11406.098333332935,
    "fixed_no_bonus_profit": 11796.059999999528,
    "fixed_with_bonus_profit": 12614.400000002774,
    "bonus_contribution": 818.3400000032452,
    "concurrent_risk_max_dd_pct": 104.043542851953,
    "risk_net_profit_with_bonus": -1062.33,
    "stable_months": 14,
    "total_months": 18,
    "stable_fraction": 0.7777777777777778,
    "worst_month_pnl": -678.9500000000644,
    "oos_fixed_no_bonus_profit": 8925.539999999866
  },
  "monthly": [
    {
      "month": "2025-01",
      "signals": 1672,
      "wins": 680,
      "losses": 665,
      "no_fills": 279,
      "open": 0,
      "pnl": 1.670000000008713,
      "trading_pnl": 1.670000000008713,
      "bonus": 0.0,
      "closed_lots": 13.929999999999747,
      "equity_start": 1000.0,
      "equity_end": 1001.6700000000087,
      "win_rate_pct": 50.55762081784386,
      "pnl_pct": 0.16700000000087128
    },
    {
      "month": "2025-02",
      "signals": 1517,
      "wins": 568,
      "losses": 664,
      "no_fills": 230,
      "open": 0,
      "pnl": -678.9500000000644,
      "trading_pnl": -678.9500000000644,
      "bonus": 0.0,
      "closed_lots": 12.86999999999977,
      "equity_start": 1001.6700000000087,
      "equity_end": 322.7199999999443,
      "win_rate_pct": 46.103896103896105,
      "pnl_pct": -67.7818043866801
    },
    {
      "month": "2025-03",
      "signals": 1536,
      "wins": 638,
      "losses": 639,
      "no_fills": 201,
      "open": 0,
      "pnl": -191.1299999999119,
      "trading_pnl": -191.1299999999119,
      "bonus": 0.0,
      "closed_lots": 13.34999999999976,
      "equity_start": 322.7199999999443,
      "equity_end": 157.34000000003243,
      "win_rate_pct": 49.96084573218481,
      "pnl_pct": -59.22471492313611
    },
    {
      "month": "2025-04",
      "signals": 1553,
      "wins": 753,
      "losses": 520,
      "no_fills": 110,
      "open": 0,
      "pnl": 1251.0900000000033,
      "trading_pnl": 1251.0900000000033,
      "bonus": 0.0,
      "closed_lots": 14.429999999999737,
      "equity_start": 131.59000000003243,
      "equity_end": 1482.1100000000351,
      "win_rate_pct": 59.151610369206594,
      "pnl_pct": 950.74853712265
    },
    {
      "month": "2025-05",
      "signals": 1757,
      "wins": 843,
      "losses": 576,
      "no_fills": 201,
      "open": 0,
      "pnl": 1674.710000000066,
      "trading_pnl": 1674.710000000066,
      "bonus": 0.0,
      "closed_lots": 15.559999999999713,
      "equity_start": 1382.6800000000358,
      "equity_end": 3057.3900000001017,
      "win_rate_pct": 59.40803382663847,
      "pnl_pct": 121.12057742934176
    },
    {
      "month": "2025-06",
      "signals": 1708,
      "wins": 731,
      "losses": 655,
      "no_fills": 209,
      "open": 0,
      "pnl": 162.99000000000387,
      "trading_pnl": 162.99000000000387,
      "bonus": 0.0,
      "closed_lots": 14.989999999999725,
      "equity_start": 3057.3900000001017,
      "equity_end": 3226.9700000001058,
      "win_rate_pct": 52.741702741702746,
      "pnl_pct": 5.3310176326866525
    },
    {
      "month": "2025-07",
      "signals": 1694,
      "wins": 652,
      "losses": 724,
      "no_fills": 243,
      "open": 0,
      "pnl": -595.6199999999999,
      "trading_pnl": -595.6199999999999,
      "bonus": 0.0,
      "closed_lots": 14.509999999999735,
      "equity_start": 3220.3800000001056,
      "equity_end": 2624.7600000001057,
      "win_rate_pct": 47.383720930232556,
      "pnl_pct": -18.49533284891784
    },
    {
      "month": "2025-08",
      "signals": 1593,
      "wins": 656,
      "losses": 695,
      "no_fills": 180,
      "open": 0,
      "pnl": -663.8900000000881,
      "trading_pnl": -663.8900000000881,
      "bonus": 0.0,
      "closed_lots": 14.129999999999743,
      "equity_start": 2624.7600000001057,
      "equity_end": 1960.8700000000176,
      "win_rate_pct": 48.556624722427834,
      "pnl_pct": -25.293360154835543
    },
    {
      "month": "2025-09",
      "signals": 1801,
      "wins": 775,
      "losses": 732,
      "no_fills": 179,
      "open": 0,
      "pnl": 247.25999999991927,
      "trading_pnl": 247.25999999991927,
      "bonus": 0.0,
      "closed_lots": 16.219999999999736,
      "equity_start": 1960.8700000000176,
      "equity_end": 2227.9199999999346,
      "win_rate_pct": 51.42667551426675,
      "pnl_pct": 12.609708955714405
    },
    {
      "month": "2025-10",
      "signals": 1927,
      "wins": 922,
      "losses": 641,
      "no_fills": 138,
      "open": 0,
      "pnl": 1096.1699999998864,
      "trading_pnl": 1096.1699999998864,
      "bonus": 0.0,
      "closed_lots": 17.889999999999997,
      "equity_start": 2208.129999999937,
      "equity_end": 3304.2999999998233,
      "win_rate_pct": 58.98912348048625,
      "pnl_pct": 49.64245764515304
    },
    {
      "month": "2025-11",
      "signals": 1700,
      "wins": 757,
      "losses": 651,
      "no_fills": 116,
      "open": 0,
      "pnl": 192.11999999989757,
      "trading_pnl": 192.11999999989757,
      "bonus": 0.0,
      "closed_lots": 15.839999999999707,
      "equity_start": 3304.2999999998233,
      "equity_end": 3496.419999999721,
      "win_rate_pct": 53.76420454545454,
      "pnl_pct": 5.814242048237383
    },
    {
      "month": "2025-12",
      "signals": 1985,
      "wins": 904,
      "losses": 729,
      "no_fills": 160,
      "open": 0,
      "pnl": 374.0999999998894,
      "trading_pnl": 374.0999999998894,
      "bonus": 0.0,
      "closed_lots": 18.250000000000053,
      "equity_start": 3496.419999999721,
      "equity_end": 3870.5199999996103,
      "win_rate_pct": 55.358236374770364,
      "pnl_pct": 10.699515504427936
    },
    {
      "month": "2026-01",
      "signals": 1710,
      "wins": 805,
      "losses": 565,
      "no_fills": 108,
      "open": 0,
      "pnl": 890.799999999891,
      "trading_pnl": 890.799999999891,
      "bonus": 0.0,
      "closed_lots": 16.019999999999705,
      "equity_start": 3870.5199999996103,
      "equity_end": 4761.319999999501,
      "win_rate_pct": 58.75912408759124,
      "pnl_pct": 23.014995401134232
    },
    {
      "month": "2026-02",
      "signals": 1599,
      "wins": 831,
      "losses": 367,
      "no_fills": 78,
      "open": 0,
      "pnl": 2661.8499999999376,
      "trading_pnl": 2661.8499999999376,
      "bonus": 0.0,
      "closed_lots": 15.20999999999972,
      "equity_start": 4761.319999999501,
      "equity_end": 7423.169999999439,
      "win_rate_pct": 69.36560934891486,
      "pnl_pct": 55.90571522183379
    },
    {
      "month": "2026-03",
      "signals": 1795,
      "wins": 951,
      "losses": 408,
      "no_fills": 77,
      "open": 0,
      "pnl": 2929.9300000000076,
      "trading_pnl": 2929.9300000000076,
      "bonus": 0.0,
      "closed_lots": 17.179999999999886,
      "equity_start": 7423.169999999439,
      "equity_end": 10457.599999999475,
      "win_rate_pct": 69.97792494481236,
      "pnl_pct": 39.47006467587606
    },
    {
      "month": "2026-04",
      "signals": 1850,
      "wins": 905,
      "losses": 556,
      "no_fills": 88,
      "open": 0,
      "pnl": 1501.899999999985,
      "trading_pnl": 1501.899999999985,
      "bonus": 0.0,
      "closed_lots": 17.619999999999955,
      "equity_start": 10353.099999999475,
      "equity_end": 11854.99999999953,
      "win_rate_pct": 61.94387405886379,
      "pnl_pct": 14.506766089384449
    },
    {
      "month": "2026-05",
      "signals": 1758,
      "wins": 828,
      "losses": 570,
      "no_fills": 118,
      "open": 0,
      "pnl": 750.0999999999849,
      "trading_pnl": 750.0999999999849,
      "bonus": 0.0,