{
  "rank": 14,
  "candidate_id": "f3781547ef4d3d97",
  "filter_preset": "self_limit",
  "metrics": {
    "candidate_id": "f3781547ef4d3d97",
    "filter_preset": "self_limit",
    "passes_recommendation_gate": false,
    "passes_dd": false,
    "passes_edge": false,
    "passes_consistency": false,
    "passes_oos": true,
    "score": 2430.049999999858,
    "fixed_no_bonus_profit": -1000.0649999999287,
    "fixed_with_bonus_profit": -1003.7250000000191,
    "bonus_contribution": -3.660000000090463,
    "concurrent_risk_max_dd_pct": 100.18771839531185,
    "risk_net_profit_with_bonus": -1003.4649999998636,
    "stable_months": 0,
    "total_months": 3,
    "stable_fraction": 0.0,
    "worst_month_pnl": -552.7249999998689,
    "oos_fixed_no_bonus_profit": 9720.199999999431
  },
  "monthly": [
    {
      "month": "2025-01",
      "signals": 1672,
      "wins": 753,
      "losses": 710,
      "no_fills": 207,
      "open": 0,
      "pnl": -193.58999999997604,
      "trading_pnl": -193.58999999997604,
      "bonus": 0.0,
      "closed_lots": 14.649999999999732,
      "equity_start": 1000.0,
      "equity_end": 806.410000000024,
      "win_rate_pct": 51.469583048530424,
      "pnl_pct": -19.358999999997604
    },
    {
      "month": "2025-02",
      "signals": 1517,
      "wins": 677,
      "losses": 665,
      "no_fills": 173,
      "open": 0,
      "pnl": -253.75000000008367,
      "trading_pnl": -253.75000000008367,
      "bonus": 0.0,
      "closed_lots": 13.439999999999758,
      "equity_start": 806.410000000024,
      "equity_end": 552.6599999999403,
      "win_rate_pct": 50.44709388971684,
      "pnl_pct": -31.466623677791215
    },
    {
      "month": "2025-03",
      "signals": 1468,
      "wins": 645,
      "losses": 681,
      "no_fills": 136,
      "open": 6,
      "pnl": -552.7249999998689,
      "trading_pnl": -552.7249999998689,
      "bonus": 0.0,
      "closed_lots": 13.259999999999762,
      "equity_start": 552.6599999999403,
      "equity_end": -0.06499999992865924,
      "win_rate_pct": 48.64253393665158,
      "pnl_pct": -100.01176129988214
    }
  ],
  "config": {
    "initial_capital": 1000.0,
    "sizing_mode": "risk",
    "lot_per_entry": 0.5,
    "risk_per_signal": 0.05,
    "minimum_lot": 0.01,
    "lot_step": 0.01,
    "bonus_per_closed_lot": 3.0,
    "entry_count": 1,
    "entry_ladder": "range_uniform",
    "entry_sl_gap": 0.0,
    "activation_delay_minutes": 1,
    "pending_expiry_minutes": 900,
    "max_hold_minutes": 30,
    "sl_multiplier": 1.15,
    "final_target": "TP2",
    "lock_after_tp1": true,
    "lock_after_tp2": true,
    "shared_sl": false,
    "per_entry_targets": [],
    "bep_after_move": 0.0,
    "runner_trail_from": "TP3",
    "scale_out_at_tp1": false,
    "scale_out_at_tp2": false,
    "bep_after_tp1": false,
    "bep_buffer": 0.0,
    "trailing_close_after_stage": 0,
    "runner_no_final_cap": false,
    "trailing_open_distance": 1.0,
    "trailing_close_distance": 3.0,
    "trailing_close_min_step": 0.0,
    "trend_runner_enabled": false,
    "trend_runner_ema_fast": 21,
    "trend_runner_ema_slow": 55,
    "trend_runner_atr_period": 14,
    "trend_runner_atr_multiplier": 3.0,
    "trend_runner_override_max_hold": true,
    "tp1_lock_delay_minutes": 15,
    "tp2_lock_delay_minutes": 3,
    "profit_lock_mode": "tp_levels",
    "bep_trigger_distance": 6.0,
    "tp1_lock_fraction": 0.5,
    "tp2_lock_target": "TP1",
    "runner_after_tp3": false,
    "tp3_lock_target": "TP2"
  },
  "live_command": "python tools/auto_explicit.py \\\n  --signals generated/live_provider_self_limit.txt \\\n  --positions-json positions.json \\\n  --watch-interval 5 \\\n  --mt5-symbol XAUUSD \\\n  --mt5-server-offset 3 \\\n  --mt5-history-bars 3000 \\\n  --initial-capital 1000.0 \\\n  --sizing-mode risk \\\n  --lot 0.5 \\\n  --risk 0.05 \\\n  --minimum-lot 0.01 \\\n  --lot-step 0.01 \\\n  --bonus-per-closed-lot 3.0 \\\n  --entries 1 \\\n  --entry-ladder range_uniform \\\n  --entry-sl-gap 0.0 \\\n  --activation-delay 1 \\\n  --pending-expiry 900 \\\n  --max-hold 30 \\\n  --sl-multiplier 1.15 \\\n  --final-target TP2 \\\n  --lock-after-tp1 true \\\n  --lock-after-tp2 true \\\n  --tp1-lock-delay-minutes 15 \\\n  --tp2-lock-delay-minutes 3 \\\n  --profit-lock-mode tp_levels \\\n  --bep-trigger-distance 6.0 \\\n  --tp1-lock-fraction 0.5 \\\n  --tp2-lock-target TP1 \\\n  --runner-after-tp3 false \\\n  --tp3-lock-target TP2 \\\n  --trailing-open-distance 1.0 \\\n  --trailing-close-distance 3.0"
}