{
  "rank": 12,
  "candidate_id": "c943db887d793bdd",
  "filter_preset": "self_limit",
  "metrics": {
    "bonus_contribution": 26.459999999984575,
    "candidate_id": "c943db887d793bdd",
    "concurrent_risk_max_dd_pct": 16.859347198041377,
    "filter_preset": "self_limit",
    "fixed_no_bonus_profit": 614.7949999999755,
    "fixed_with_bonus_profit": 641.2549999999601,
    "oos_fixed_no_bonus_profit": 443.069999999992,
    "passes_consistency": true,
    "passes_dd": true,
    "passes_edge": true,
    "passes_oos": true,
    "passes_recommendation_gate": true,
    "risk_net_profit_with_bonus": 576.5874999999571,
    "score": 486.4755555555386,
    "stable_fraction": 0.6111111111111112,
    "stable_months": 11,
    "total_months": 18,
    "worst_month_pnl": -49.47499999999991
  },
  "monthly": [
    {
      "month": "2025-01",
      "signals": 57,
      "wins": 13,
      "losses": 10,
      "no_fills": 32,
      "open": 0,
      "pnl": -23.97500000000491,
      "trading_pnl": -23.97500000000491,
      "bonus": 0.0,
      "closed_lots": 0.6100000000000003,
      "equity_start": 1000.0,
      "equity_end": 976.0249999999951,
      "win_rate_pct": 56.52173913043478,
      "pnl_pct": -2.397500000000491
    },
    {
      "month": "2025-02",
      "signals": 42,
      "wins": 7,
      "losses": 6,
      "no_fills": 25,
      "open": 0,
      "pnl": -49.47499999999991,
      "trading_pnl": -49.47499999999991,
      "bonus": 0.0,
      "closed_lots": 0.3500000000000001,
      "equity_start": 976.0249999999951,
      "equity_end": 926.5499999999952,
      "win_rate_pct": 53.84615384615385,
      "pnl_pct": -5.0690299941087735
    },
    {
      "month": "2025-03",
      "signals": 50,
      "wins": 20,
      "losses": 6,
      "no_fills": 22,
      "open": 0,
      "pnl": -11.102499999998145,
      "trading_pnl": -11.102499999998145,
      "bonus": 0.0,
      "closed_lots": 0.5700000000000002,
      "equity_start": 926.5499999999952,
      "equity_end": 915.447499999997,
      "win_rate_pct": 76.92307692307693,
      "pnl_pct": -1.198262371161643
    },
    {
      "month": "2025-04",
      "signals": 48,
      "wins": 18,
      "losses": 5,
      "no_fills": 21,
      "open": 0,
      "pnl": 83.26000000000204,
      "trading_pnl": 83.26000000000204,
      "bonus": 0.0,
      "closed_lots": 0.5200000000000002,
      "equity_start": 915.447499999997,
      "equity_end": 998.7074999999991,
      "win_rate_pct": 78.26086956521739,
      "pnl_pct": 9.095005448155389
    },
    {
      "month": "2025-05",
      "signals": 55,
      "wins": 11,
      "losses": 5,
      "no_fills": 35,
      "open": 0,
      "pnl": -38.90249999999742,
      "trading_pnl": -38.90249999999742,
      "bonus": 0.0,
      "closed_lots": 0.41000000000000014,
      "equity_start": 998.7074999999991,
      "equity_end": 959.8050000000017,
      "win_rate_pct": 68.75,
      "pnl_pct": -3.8952846554168716
    },
    {
      "month": "2025-06",
      "signals": 57,
      "wins": 11,
      "losses": 8,
      "no_fills": 35,
      "open": 0,
      "pnl": -46.14249999999993,
      "trading_pnl": -46.14249999999993,
      "bonus": 0.0,
      "closed_lots": 0.44000000000000017,
      "equity_start": 959.8050000000017,
      "equity_end": 913.6625000000017,
      "win_rate_pct": 57.89473684210527,
      "pnl_pct": -4.807486937450821
    },
    {
      "month": "2025-07",
      "signals": 55,
      "wins": 14,
      "losses": 7,
      "no_fills": 32,
      "open": 0,
      "pnl": -20.48500000000149,
      "trading_pnl": -20.48500000000149,
      "bonus": 0.0,
      "closed_lots": 0.43000000000000005,
      "equity_start": 913.6625000000017,
      "equity_end": 893.1775000000002,
      "win_rate_pct": 66.66666666666666,
      "pnl_pct": -2.242075164516597
    },
    {
      "month": "2025-08",
      "signals": 52,
      "wins": 15,
      "losses": 4,
      "no_fills": 29,
      "open": 0,
      "pnl": 70.19749999999704,
      "trading_pnl": 70.19749999999704,
      "bonus": 0.0,
      "closed_lots": 0.40000000000000013,
      "equity_start": 893.1775000000002,
      "equity_end": 963.3749999999973,
      "win_rate_pct": 78.94736842105263,
      "pnl_pct": 7.859300083129838
    },
    {
      "month": "2025-09",
      "signals": 45,
      "wins": 12,
      "losses": 9,
      "no_fills": 22,
      "open": 0,
      "pnl": 85.29749999999831,
      "trading_pnl": 85.29749999999831,
      "bonus": 0.0,
      "closed_lots": 0.4900000000000002,
      "equity_start": 963.3749999999973,
      "equity_end": 1048.6724999999956,
      "win_rate_pct": 57.14285714285714,
      "pnl_pct": 8.854028804982333
    },
    {
      "month": "2025-10",
      "signals": 51,
      "wins": 15,
      "losses": 5,
      "no_fills": 28,
      "open": 0,
      "pnl": -8.982500000004169,
      "trading_pnl": -8.982500000004169,
      "bonus": 0.0,
      "closed_lots": 0.5200000000000002,
      "equity_start": 1048.6724999999956,
      "equity_end": 1039.6899999999914,
      "win_rate_pct": 75.0,
      "pnl_pct": -0.8565591259429619
    },
    {
      "month": "2025-11",
      "signals": 52,
      "wins": 20,
      "losses": 3,
      "no_fills": 23,
      "open": 0,
      "pnl": 48.59999999999445,
      "trading_pnl": 48.59999999999445,
      "bonus": 0.0,
      "closed_lots": 0.5900000000000003,
      "equity_start": 1039.6899999999914,
      "equity_end": 1088.2899999999859,
      "win_rate_pct": 86.95652173913044,
      "pnl_pct": 4.674470274792953
    },
    {
      "month": "2025-12",
      "signals": 62,
      "wins": 20,
      "losses": 4,
      "no_fills": 31,
      "open": 0,
      "pnl": 83.43499999999767,
      "trading_pnl": 83.43499999999767,
      "bonus": 0.0,
      "closed_lots": 0.6500000000000004,
      "equity_start": 1088.2899999999859,
      "equity_end": 1171.7249999999835,
      "win_rate_pct": 83.33333333333334,
      "pnl_pct": 7.6666145972120265
    },
    {
      "month": "2026-01",
      "signals": 45,
      "wins": 15,
      "losses": 3,
      "no_fills": 19,
      "open": 0,
      "pnl": 36.00499999999738,
      "trading_pnl": 36.00499999999738,
      "bonus": 0.0,
      "closed_lots": 0.5400000000000003,
      "equity_start": 1171.7249999999835,
      "equity_end": 1207.729999999981,
      "win_rate_pct": 83.33333333333334,
      "pnl_pct": 3.0728199876249023
    },
    {
      "month": "2026-02",
      "signals": 53,
      "wins": 15,
      "losses": 2,
      "no_fills": 32,
      "open": 0,
      "pnl": 62.76999999999771,
      "trading_pnl": 62.76999999999771,
      "bonus": 0.0,
      "closed_lots": 0.3800000000000001,
      "equity_start": 1207.729999999981,
      "equity_end": 1270.4999999999786,
      "win_rate_pct": 88.23529411764706,
      "pnl_pct": 5.197353713164259
    },
    {
      "month": "2026-03",
      "signals": 64,
      "wins": 22,
      "losses": 3,
      "no_fills": 32,
      "open": 0,
      "pnl": 186.07000000000153,
      "trading_pnl": 186.07000000000153,
      "bonus": 0.0,
      "closed_lots": 0.6000000000000003,
      "equity_start": 1270.4999999999786,
      "equity_end": 1456.5699999999802,
      "win_rate_pct": 88.0,
      "pnl_pct": 14.645415190870104
    },
    {
      "month": "2026-04",
      "signals": 55,
      "wins": 18,
      "losses": 4,
      "no_fills": 28,
      "open": 0,
      "pnl": 59.914999999999964,
      "trading_pnl": 59.914999999999964,
      "bonus": 0.0,
      "closed_lots": 0.5200000000000002,
      "equity_start": 1456.5699999999802,
      "equity_end": 1516.4849999999801,
      "win_rate_pct": 81.81818181818183,
      "pnl_pct": 4.113430868410085
    },
    {
      "month": "2026-05",
      "signals": 54,
      "wins": 19,
      "losses": 5,
      "no_fills": 29,
      "open": 0,
      "pnl": 28.494999999992615,
      "trading_pnl": 28.494999999992615,
      "bonus": 0.0,
      "closed_lots": 0.4800000000000002,
      "equity_start": 1516.4849999999801,
      "equity_end": 1544.9799999999727,
      "win_rate_pct": 79.16666666666666,