{
  "rank": 14,
  "candidate_id": "f72150fc27cd4a37",
  "filter_preset": "self_limit",
  "metrics": {
    "bonus_contribution": 18.3599999999833,
    "candidate_id": "f72150fc27cd4a37",
    "concurrent_risk_max_dd_pct": 35.151200000000244,
    "filter_preset": "self_limit",
    "fixed_no_bonus_profit": 444.46699999999055,
    "fixed_with_bonus_profit": 462.82699999997385,
    "oos_fixed_no_bonus_profit": 387.9179999999965,
    "passes_consistency": true,
    "passes_dd": true,
    "passes_edge": true,
    "passes_oos": true,
    "passes_recommendation_gate": true,
    "risk_net_profit_with_bonus": 347.5889999999654,
    "score": 393.29083333332613,
    "stable_fraction": 0.6666666666666666,
    "stable_months": 12,
    "total_months": 18,
    "worst_month_pnl": -45.90899999999783
  },
  "monthly": [
    {
      "month": "2025-01",
      "signals": 57,
      "wins": 15,
      "losses": 12,
      "no_fills": 26,
      "open": 0,
      "pnl": -13.816000000001168,
      "trading_pnl": -13.816000000001168,
      "bonus": 0.0,
      "closed_lots": 0.3100000000000001,
      "equity_start": 1000.0,
      "equity_end": 986.1839999999988,
      "win_rate_pct": 55.55555555555556,
      "pnl_pct": -1.3816000000001167
    },
    {
      "month": "2025-02",
      "signals": 42,
      "wins": 8,
      "losses": 8,
      "no_fills": 18,
      "open": 0,
      "pnl": -14.092000000001917,
      "trading_pnl": -14.092000000001917,
      "bonus": 0.0,
      "closed_lots": 0.24000000000000007,
      "equity_start": 986.1839999999988,
      "equity_end": 972.0919999999969,
      "win_rate_pct": 50.0,
      "pnl_pct": -1.4289422663521143
    },
    {
      "month": "2025-03",
      "signals": 50,
      "wins": 21,
      "losses": 9,
      "no_fills": 14,
      "open": 0,
      "pnl": -12.777999999997064,
      "trading_pnl": -12.777999999997064,
      "bonus": 0.0,
      "closed_lots": 0.36000000000000015,
      "equity_start": 972.0919999999969,
      "equity_end": 959.3139999999999,
      "win_rate_pct": 70.0,
      "pnl_pct": -1.3144846372562582
    },
    {
      "month": "2025-04",
      "signals": 48,
      "wins": 18,
      "losses": 3,
      "no_fills": 14,
      "open": 0,
      "pnl": 30.630000000002383,
      "trading_pnl": 30.630000000002383,
      "bonus": 0.0,
      "closed_lots": 0.34000000000000014,
      "equity_start": 959.3139999999999,
      "equity_end": 989.9440000000022,
      "win_rate_pct": 85.71428571428571,
      "pnl_pct": 3.1929065978399547
    },
    {
      "month": "2025-05",
      "signals": 55,
      "wins": 17,
      "losses": 7,
      "no_fills": 23,
      "open": 0,
      "pnl": -45.90899999999783,
      "trading_pnl": -45.90899999999783,
      "bonus": 0.0,
      "closed_lots": 0.3200000000000001,
      "equity_start": 989.9440000000022,
      "equity_end": 944.0350000000044,
      "win_rate_pct": 70.83333333333334,
      "pnl_pct": -4.637535052487588
    },
    {
      "month": "2025-06",
      "signals": 57,
      "wins": 20,
      "losses": 12,
      "no_fills": 18,
      "open": 0,
      "pnl": -39.809999999999945,
      "trading_pnl": -39.809999999999945,
      "bonus": 0.0,
      "closed_lots": 0.3900000000000002,
      "equity_start": 944.0350000000044,
      "equity_end": 904.2250000000045,
      "win_rate_pct": 62.5,
      "pnl_pct": -4.2170046661405305
    },
    {
      "month": "2025-07",
      "signals": 55,
      "wins": 14,
      "losses": 11,
      "no_fills": 26,
      "open": 0,
      "pnl": -15.243999999998778,
      "trading_pnl": -15.243999999998778,
      "bonus": 0.0,
      "closed_lots": 0.2900000000000001,
      "equity_start": 904.2250000000045,
      "equity_end": 888.9810000000057,
      "win_rate_pct": 56.00000000000001,
      "pnl_pct": -1.685863584837701
    },
    {
      "month": "2025-08",
      "signals": 52,
      "wins": 16,
      "losses": 11,
      "no_fills": 16,
      "open": 0,
      "pnl": 4.2049999999976535,
      "trading_pnl": 4.2049999999976535,
      "bonus": 0.0,
      "closed_lots": 0.36000000000000015,
      "equity_start": 888.9810000000057,
      "equity_end": 893.1860000000033,
      "win_rate_pct": 59.25925925925925,
      "pnl_pct": 0.47301348397745585
    },
    {
      "month": "2025-09",
      "signals": 45,
      "wins": 16,
      "losses": 8,
      "no_fills": 11,
      "open": 0,
      "pnl": 50.09299999999894,
      "trading_pnl": 50.09299999999894,
      "bonus": 0.0,
      "closed_lots": 0.34000000000000014,
      "equity_start": 893.1860000000033,
      "equity_end": 943.2790000000023,
      "win_rate_pct": 66.66666666666666,
      "pnl_pct": 5.608350332405428
    },
    {
      "month": "2025-10",
      "signals": 51,
      "wins": 19,
      "losses": 4,
      "no_fills": 20,
      "open": 0,
      "pnl": 35.9899999999966,
      "trading_pnl": 35.9899999999966,
      "bonus": 0.0,
      "closed_lots": 0.3100000000000001,
      "equity_start": 943.2790000000023,
      "equity_end": 979.2689999999989,
      "win_rate_pct": 82.6086956521739,
      "pnl_pct": 3.8154141033561135
    },
    {
      "month": "2025-11",
      "signals": 52,
      "wins": 22,
      "losses": 4,
      "no_fills": 12,
      "open": 0,
      "pnl": 21.589999999997417,
      "trading_pnl": 21.589999999997417,
      "bonus": 0.0,
      "closed_lots": 0.4000000000000002,
      "equity_start": 979.2689999999989,
      "equity_end": 1000.8589999999963,
      "win_rate_pct": 84.61538461538461,
      "pnl_pct": 2.20470575500679
    },
    {
      "month": "2025-12",
      "signals": 62,
      "wins": 26,
      "losses": 4,
      "no_fills": 18,
      "open": 0,
      "pnl": 55.68999999999778,
      "trading_pnl": 55.68999999999778,
      "bonus": 0.0,
      "closed_lots": 0.4400000000000002,
      "equity_start": 1000.8589999999963,
      "equity_end": 1056.548999999994,
      "win_rate_pct": 86.66666666666667,
      "pnl_pct": 5.564220334732264
    },
    {
      "month": "2026-01",
      "signals": 45,
      "wins": 14,
      "losses": 5,
      "no_fills": 13,
      "open": 0,
      "pnl": 2.55699999999797,
      "trading_pnl": 2.55699999999797,
      "bonus": 0.0,
      "closed_lots": 0.3200000000000001,
      "equity_start": 1056.548999999994,
      "equity_end": 1059.105999999992,
      "win_rate_pct": 73.68421052631578,
      "pnl_pct": 0.24201433156417584
    },
    {
      "month": "2026-02",
      "signals": 53,
      "wins": 19,
      "losses": 4,
      "no_fills": 17,
      "open": 0,
      "pnl": 145.96000000000004,
      "trading_pnl": 145.96000000000004,
      "bonus": 0.0,
      "closed_lots": 0.36000000000000015,
      "equity_start": 1059.105999999992,
      "equity_end": 1205.065999999992,
      "win_rate_pct": 82.6086956521739,
      "pnl_pct": 13.781434530632547
    },
    {
      "month": "2026-03",
      "signals": 64,
      "wins": 22,
      "losses": 3,
      "no_fills": 20,
      "open": 0,
      "pnl": 97.06000000000131,
      "trading_pnl": 97.06000000000131,
      "bonus": 0.0,
      "closed_lots": 0.4400000000000002,
      "equity_start": 1205.065999999992,
      "equity_end": 1302.1259999999934,
      "win_rate_pct": 88.0,
      "pnl_pct": 8.054330634172896
    },
    {
      "month": "2026-04",
      "signals": 55,
      "wins": 19,
      "losses": 4,
      "no_fills": 21,
      "open": 0,
      "pnl": 33.199999999998,
      "trading_pnl": 33.199999999998,
      "bonus": 0.0,
      "closed_lots": 0.34000000000000014,
      "equity_start": 1302.1259999999934,
      "equity_end": 1335.3259999999914,
      "win_rate_pct": 82.6086956521739,
      "pnl_pct": 2.5496764522018736
    },
    {
      "month": "2026-05",
      "signals": 54,
      "wins": 21,
      "losses": 6,
      "no_fills": 15,
      "open": 0,
      "pnl": 65.56099999999697,
      "trading_pnl": 65.56099999999697,
      "bonus": 0.0,
      "closed_lots": 0.3900000000000002,
      "equity_start": 1335.3259999999914,
      "equity_end": 1400.8869999999883,
      "win_rate_pct": 77.77777777777779,