{
  "rank": 11,
  "candidate_id": "c0864ac279052a8c",
  "filter_preset": "self_limit",
  "metrics": {
    "bonus_contribution": 14.90999999998644,
    "candidate_id": "c0864ac279052a8c",
    "concurrent_risk_max_dd_pct": 47.89089999999885,
    "filter_preset": "self_limit",
    "fixed_no_bonus_profit": 571.8229999999903,
    "fixed_with_bonus_profit": 586.7329999999768,
    "oos_fixed_no_bonus_profit": 434.25099999999566,
    "passes_consistency": true,
    "passes_dd": true,
    "passes_edge": true,
    "passes_oos": true,
    "passes_recommendation_gate": true,
    "risk_net_profit_with_bonus": 325.3969999999679,
    "score": 553.3139722222136,
    "stable_fraction": 0.7777777777777778,
    "stable_months": 14,
    "total_months": 18,
    "worst_month_pnl": -50.7279999999987
  },
  "monthly": [
    {
      "month": "2025-01",
      "signals": 57,
      "wins": 12,
      "losses": 15,
      "no_fills": 30,
      "open": 0,
      "pnl": -45.78600000000006,
      "trading_pnl": -45.78600000000006,
      "bonus": 0.0,
      "closed_lots": 0.2700000000000001,
      "equity_start": 1000.0,
      "equity_end": 954.2139999999999,
      "win_rate_pct": 44.44444444444444,
      "pnl_pct": -4.578600000000006
    },
    {
      "month": "2025-02",
      "signals": 42,
      "wins": 10,
      "losses": 8,
      "no_fills": 24,
      "open": 0,
      "pnl": -27.398999999999432,
      "trading_pnl": -27.398999999999432,
      "bonus": 0.0,
      "closed_lots": 0.18000000000000002,
      "equity_start": 954.2139999999999,
      "equity_end": 926.8150000000005,
      "win_rate_pct": 55.55555555555556,
      "pnl_pct": -2.8713684770920813
    },
    {
      "month": "2025-03",
      "signals": 50,
      "wins": 19,
      "losses": 10,
      "no_fills": 21,
      "open": 0,
      "pnl": 3.5480000000011387,
      "trading_pnl": 3.5480000000011387,
      "bonus": 0.0,
      "closed_lots": 0.2900000000000001,
      "equity_start": 926.8150000000005,
      "equity_end": 930.3630000000016,
      "win_rate_pct": 65.51724137931035,
      "pnl_pct": 0.38281641967395186
    },
    {
      "month": "2025-04",
      "signals": 48,
      "wins": 22,
      "losses": 6,
      "no_fills": 20,
      "open": 0,
      "pnl": 56.66000000000122,
      "trading_pnl": 56.66000000000122,
      "bonus": 0.0,
      "closed_lots": 0.2800000000000001,
      "equity_start": 930.3630000000016,
      "equity_end": 987.0230000000029,
      "win_rate_pct": 78.57142857142857,
      "pnl_pct": 6.090096016286236
    },
    {
      "month": "2025-05",
      "signals": 55,
      "wins": 13,
      "losses": 12,
      "no_fills": 30,
      "open": 0,
      "pnl": -50.7279999999987,
      "trading_pnl": -50.7279999999987,
      "bonus": 0.0,
      "closed_lots": 0.25000000000000006,
      "equity_start": 987.0230000000029,
      "equity_end": 936.2950000000042,
      "win_rate_pct": 52.0,
      "pnl_pct": -5.139495229594301
    },
    {
      "month": "2025-06",
      "signals": 57,
      "wins": 18,
      "losses": 12,
      "no_fills": 26,
      "open": 0,
      "pnl": -1.5050000000005639,
      "trading_pnl": -1.5050000000005639,
      "bonus": 0.0,
      "closed_lots": 0.3100000000000001,
      "equity_start": 936.2950000000042,
      "equity_end": 934.7900000000036,
      "win_rate_pct": 60.0,
      "pnl_pct": -0.16073993773335937
    },
    {
      "month": "2025-07",
      "signals": 55,
      "wins": 15,
      "losses": 9,
      "no_fills": 31,
      "open": 0,
      "pnl": 8.816000000000258,
      "trading_pnl": 8.816000000000258,
      "bonus": 0.0,
      "closed_lots": 0.24000000000000007,
      "equity_start": 934.7900000000036,
      "equity_end": 943.6060000000039,
      "win_rate_pct": 62.5,
      "pnl_pct": 0.9430995196782406
    },
    {
      "month": "2025-08",
      "signals": 52,
      "wins": 20,
      "losses": 8,
      "no_fills": 24,
      "open": 0,
      "pnl": 39.18399999999701,
      "trading_pnl": 39.18399999999701,
      "bonus": 0.0,
      "closed_lots": 0.2800000000000001,
      "equity_start": 943.6060000000039,
      "equity_end": 982.7900000000009,
      "win_rate_pct": 71.42857142857143,
      "pnl_pct": 4.152580632170297
    },
    {
      "month": "2025-09",
      "signals": 45,
      "wins": 16,
      "losses": 12,
      "no_fills": 17,
      "open": 0,
      "pnl": 10.18499999999949,
      "trading_pnl": 10.18499999999949,
      "bonus": 0.0,
      "closed_lots": 0.2800000000000001,
      "equity_start": 982.7900000000009,
      "equity_end": 992.9750000000004,
      "win_rate_pct": 57.14285714285714,
      "pnl_pct": 1.0363353310472718
    },
    {
      "month": "2025-10",
      "signals": 51,
      "wins": 20,
      "losses": 5,
      "no_fills": 25,
      "open": 0,
      "pnl": 30.890999999997803,
      "trading_pnl": 30.890999999997803,
      "bonus": 0.0,
      "closed_lots": 0.26000000000000006,
      "equity_start": 992.9750000000004,
      "equity_end": 1023.8659999999982,
      "win_rate_pct": 80.0,
      "pnl_pct": 3.1109544550464805
    },
    {
      "month": "2025-11",
      "signals": 52,
      "wins": 26,
      "losses": 4,
      "no_fills": 21,
      "open": 0,
      "pnl": 86.35999999999785,
      "trading_pnl": 86.35999999999785,
      "bonus": 0.0,
      "closed_lots": 0.3100000000000001,
      "equity_start": 1023.8659999999982,
      "equity_end": 1110.225999999996,
      "win_rate_pct": 86.66666666666667,
      "pnl_pct": 8.43469750924418
    },
    {
      "month": "2025-12",
      "signals": 62,
      "wins": 27,
      "losses": 8,
      "no_fills": 27,
      "open": 0,
      "pnl": 27.34599999999864,
      "trading_pnl": 27.34599999999864,
      "bonus": 0.0,
      "closed_lots": 0.35000000000000014,
      "equity_start": 1110.225999999996,
      "equity_end": 1137.5719999999947,
      "win_rate_pct": 77.14285714285715,
      "pnl_pct": 2.463102107138433
    },
    {
      "month": "2026-01",
      "signals": 45,
      "wins": 21,
      "losses": 6,
      "no_fills": 17,
      "open": 0,
      "pnl": 26.648999999999432,
      "trading_pnl": 26.648999999999432,
      "bonus": 0.0,
      "closed_lots": 0.2800000000000001,
      "equity_start": 1137.5719999999947,
      "equity_end": 1164.220999999994,
      "win_rate_pct": 77.77777777777779,
      "pnl_pct": 2.3426209505859457
    },
    {
      "month": "2026-02",
      "signals": 53,
      "wins": 19,
      "losses": 5,
      "no_fills": 26,
      "open": 0,
      "pnl": 61.42100000000028,
      "trading_pnl": 61.42100000000028,
      "bonus": 0.0,
      "closed_lots": 0.2700000000000001,
      "equity_start": 1164.220999999994,
      "equity_end": 1225.6419999999944,
      "win_rate_pct": 79.16666666666666,
      "pnl_pct": 5.275716552097977
    },
    {
      "month": "2026-03",
      "signals": 64,
      "wins": 30,
      "losses": 3,
      "no_fills": 27,
      "open": 0,
      "pnl": 209.57999999999902,
      "trading_pnl": 209.57999999999902,
      "bonus": 0.0,
      "closed_lots": 0.37000000000000016,
      "equity_start": 1225.6419999999944,
      "equity_end": 1435.2219999999934,
      "win_rate_pct": 90.9090909090909,
      "pnl_pct": 17.099609837130252
    },
    {
      "month": "2026-04",
      "signals": 55,
      "wins": 23,
      "losses": 7,
      "no_fills": 24,
      "open": 0,
      "pnl": 14.664000000000673,
      "trading_pnl": 14.664000000000673,
      "bonus": 0.0,
      "closed_lots": 0.3100000000000001,
      "equity_start": 1435.2219999999934,
      "equity_end": 1449.885999999994,
      "win_rate_pct": 76.66666666666667,
      "pnl_pct": 1.0217234685644967
    },
    {
      "month": "2026-05",
      "signals": 54,
      "wins": 22,
      "losses": 7,
      "no_fills": 25,
      "open": 0,
      "pnl": 84.37399999999434,
      "trading_pnl": 84.37399999999434,
      "bonus": 0.0,
      "closed_lots": 0.2900000000000001,
      "equity_start": 1449.885999999994,
      "equity_end": 1534.2599999999884,
      "win_rate_pct": 75.86206896551724,