{
  "rank": 10,
  "candidate_id": "ef6d203222e6ea3a",
  "filter_preset": "self_limit",
  "metrics": {
    "bonus_contribution": 18.3599999999833,
    "candidate_id": "ef6d203222e6ea3a",
    "concurrent_risk_max_dd_pct": 22.286038770465012,
    "filter_preset": "self_limit",
    "fixed_no_bonus_profit": 702.5959999999895,
    "fixed_with_bonus_profit": 720.9559999999728,
    "oos_fixed_no_bonus_profit": 532.3000000000015,
    "passes_consistency": true,
    "passes_dd": true,
    "passes_edge": true,
    "passes_oos": true,
    "passes_recommendation_gate": true,
    "risk_net_profit_with_bonus": 726.1299999999837,
    "score": 640.5054444444372,
    "stable_fraction": 0.7222222222222222,
    "stable_months": 13,
    "total_months": 18,
    "worst_month_pnl": -29.026999999999134
  },
  "monthly": [
    {
      "month": "2025-01",
      "signals": 57,
      "wins": 14,
      "losses": 17,
      "no_fills": 26,
      "open": 0,
      "pnl": -14.079999999999927,
      "trading_pnl": -14.079999999999927,
      "bonus": 0.0,
      "closed_lots": 0.3100000000000001,
      "equity_start": 1000.0,
      "equity_end": 985.9200000000001,
      "win_rate_pct": 45.16129032258064,
      "pnl_pct": -1.4079999999999928
    },
    {
      "month": "2025-02",
      "signals": 42,
      "wins": 15,
      "losses": 8,
      "no_fills": 18,
      "open": 0,
      "pnl": 1.0479999999984102,
      "trading_pnl": 1.0479999999984102,
      "bonus": 0.0,
      "closed_lots": 0.24000000000000007,
      "equity_start": 985.9200000000001,
      "equity_end": 986.9679999999985,
      "win_rate_pct": 65.21739130434783,
      "pnl_pct": 0.10629665692940707
    },
    {
      "month": "2025-03",
      "signals": 50,
      "wins": 19,
      "losses": 17,
      "no_fills": 14,
      "open": 0,
      "pnl": -3.0079999999970823,
      "trading_pnl": -3.0079999999970823,
      "bonus": 0.0,
      "closed_lots": 0.36000000000000015,
      "equity_start": 986.9679999999985,
      "equity_end": 983.9600000000014,
      "win_rate_pct": 52.77777777777778,
      "pnl_pct": -0.3047717859137365
    },
    {
      "month": "2025-04",
      "signals": 48,
      "wins": 29,
      "losses": 4,
      "no_fills": 14,
      "open": 0,
      "pnl": 45.15000000000191,
      "trading_pnl": 45.15000000000191,
      "bonus": 0.0,
      "closed_lots": 0.34000000000000014,
      "equity_start": 983.9600000000014,
      "equity_end": 1029.1100000000033,
      "win_rate_pct": 87.87878787878788,
      "pnl_pct": 4.588601162649076
    },
    {
      "month": "2025-05",
      "signals": 55,
      "wins": 21,
      "losses": 8,
      "no_fills": 23,
      "open": 0,
      "pnl": 14.890000000001692,
      "trading_pnl": 14.890000000001692,
      "bonus": 0.0,
      "closed_lots": 0.3200000000000001,
      "equity_start": 1029.1100000000033,
      "equity_end": 1044.000000000005,
      "win_rate_pct": 72.41379310344827,
      "pnl_pct": 1.44688128577136
    },
    {
      "month": "2025-06",
      "signals": 57,
      "wins": 25,
      "losses": 14,
      "no_fills": 18,
      "open": 0,
      "pnl": -29.026999999999134,
      "trading_pnl": -29.026999999999134,
      "bonus": 0.0,
      "closed_lots": 0.3900000000000002,
      "equity_start": 1044.000000000005,
      "equity_end": 1014.9730000000059,
      "win_rate_pct": 64.1025641025641,
      "pnl_pct": -2.780363984674233
    },
    {
      "month": "2025-07",
      "signals": 55,
      "wins": 18,
      "losses": 11,
      "no_fills": 26,
      "open": 0,
      "pnl": 2.197000000001026,
      "trading_pnl": 2.197000000001026,
      "bonus": 0.0,
      "closed_lots": 0.2900000000000001,
      "equity_start": 1014.9730000000059,
      "equity_end": 1017.1700000000069,
      "win_rate_pct": 62.06896551724138,
      "pnl_pct": 0.21645895999213902
    },
    {
      "month": "2025-08",
      "signals": 52,
      "wins": 21,
      "losses": 15,
      "no_fills": 16,
      "open": 0,
      "pnl": -1.4350000000031287,
      "trading_pnl": -1.4350000000031287,
      "bonus": 0.0,
      "closed_lots": 0.36000000000000015,
      "equity_start": 1017.1700000000069,
      "equity_end": 1015.7350000000038,
      "win_rate_pct": 58.333333333333336,
      "pnl_pct": -0.14107769596066724
    },
    {
      "month": "2025-09",
      "signals": 45,
      "wins": 25,
      "losses": 7,
      "no_fills": 11,
      "open": 0,
      "pnl": 72.65099999999802,
      "trading_pnl": 72.65099999999802,
      "bonus": 0.0,
      "closed_lots": 0.34000000000000014,
      "equity_start": 1015.7350000000038,
      "equity_end": 1088.3860000000018,
      "win_rate_pct": 78.125,
      "pnl_pct": 7.15255455409115
    },
    {
      "month": "2025-10",
      "signals": 51,
      "wins": 25,
      "losses": 4,
      "no_fills": 20,
      "open": 0,
      "pnl": 52.429999999995744,
      "trading_pnl": 52.429999999995744,
      "bonus": 0.0,
      "closed_lots": 0.3100000000000001,
      "equity_start": 1088.3860000000018,
      "equity_end": 1140.8159999999975,
      "win_rate_pct": 86.20689655172413,
      "pnl_pct": 4.817224771358291
    },
    {
      "month": "2025-11",
      "signals": 52,
      "wins": 30,
      "losses": 7,
      "no_fills": 12,
      "open": 0,
      "pnl": -8.580000000004475,
      "trading_pnl": -8.580000000004475,
      "bonus": 0.0,
      "closed_lots": 0.4000000000000002,
      "equity_start": 1140.8159999999975,
      "equity_end": 1132.235999999993,
      "win_rate_pct": 81.08108108108108,
      "pnl_pct": -0.7520932385243978
    },
    {
      "month": "2025-12",
      "signals": 62,
      "wins": 31,
      "losses": 7,
      "no_fills": 18,
      "open": 0,
      "pnl": 38.05999999999494,
      "trading_pnl": 38.05999999999494,
      "bonus": 0.0,
      "closed_lots": 0.4400000000000002,
      "equity_start": 1132.235999999993,
      "equity_end": 1170.295999999988,
      "win_rate_pct": 81.57894736842105,
      "pnl_pct": 3.3614900073831935
    },
    {
      "month": "2026-01",
      "signals": 45,
      "wins": 24,
      "losses": 5,
      "no_fills": 13,
      "open": 0,
      "pnl": 49.80000000000018,
      "trading_pnl": 49.80000000000018,
      "bonus": 0.0,
      "closed_lots": 0.3200000000000001,
      "equity_start": 1170.295999999988,
      "equity_end": 1220.0959999999882,
      "win_rate_pct": 82.75862068965517,
      "pnl_pct": 4.2553336933562695
    },
    {
      "month": "2026-02",
      "signals": 53,
      "wins": 25,
      "losses": 5,
      "no_fills": 17,
      "open": 0,
      "pnl": 171.18000000000302,
      "trading_pnl": 171.18000000000302,
      "bonus": 0.0,
      "closed_lots": 0.36000000000000015,
      "equity_start": 1220.0959999999882,
      "equity_end": 1391.2759999999912,
      "win_rate_pct": 83.33333333333334,
      "pnl_pct": 14.030043537558084
    },
    {
      "month": "2026-03",
      "signals": 64,
      "wins": 32,
      "losses": 2,
      "no_fills": 20,
      "open": 0,
      "pnl": 133.0500000000011,
      "trading_pnl": 133.0500000000011,
      "bonus": 0.0,
      "closed_lots": 0.4400000000000002,
      "equity_start": 1391.2759999999912,
      "equity_end": 1524.3259999999923,
      "win_rate_pct": 94.11764705882352,
      "pnl_pct": 9.563163599458479
    },
    {
      "month": "2026-04",
      "signals": 55,
      "wins": 26,
      "losses": 4,
      "no_fills": 21,
      "open": 0,
      "pnl": 39.789999999998145,
      "trading_pnl": 39.789999999998145,
      "bonus": 0.0,
      "closed_lots": 0.34000000000000014,
      "equity_start": 1524.3259999999923,
      "equity_end": 1564.1159999999904,
      "win_rate_pct": 86.66666666666667,
      "pnl_pct": 2.6103340099164054
    },
    {
      "month": "2026-05",
      "signals": 54,
      "wins": 30,
      "losses": 6,
      "no_fills": 15,
      "open": 0,
      "pnl": 89.92999999999756,
      "trading_pnl": 89.92999999999756,
      "bonus": 0.0,
      "closed_lots": 0.3900000000000002,
      "equity_start": 1564.1159999999904,