{
  "rank": 3,
  "candidate_id": "0e86921b1c5e32b7",
  "filter_preset": "self_limit",
  "metrics": {
    "bonus_contribution": 39.11999999998807,
    "candidate_id": "0e86921b1c5e32b7",
    "concurrent_risk_max_dd_pct": 20.07510000000102,
    "filter_preset": "self_limit",
    "fixed_no_bonus_profit": 1516.7069999999808,
    "fixed_with_bonus_profit": 1555.8269999999688,
    "oos_fixed_no_bonus_profit": 911.3459999999923,
    "passes_consistency": true,
    "passes_dd": true,
    "passes_edge": true,
    "passes_oos": true,
    "passes_recommendation_gate": true,
    "risk_net_profit_with_bonus": 1461.5304999999462,
    "score": 1407.4974999999831,
    "stable_fraction": 0.7777777777777778,
    "stable_months": 14,
    "total_months": 18,
    "worst_month_pnl": -95.03949999999759
  },
  "monthly": [
    {
      "month": "2025-01",
      "signals": 57,
      "wins": 16,
      "losses": 11,
      "no_fills": 30,
      "open": 0,
      "pnl": -48.795500000001994,
      "trading_pnl": -48.795500000001994,
      "bonus": 0.0,
      "closed_lots": 0.6900000000000003,
      "equity_start": 1000.0,
      "equity_end": 951.204499999998,
      "win_rate_pct": 59.25925925925925,
      "pnl_pct": -4.8795500000002
    },
    {
      "month": "2025-02",
      "signals": 42,
      "wins": 14,
      "losses": 8,
      "no_fills": 20,
      "open": 0,
      "pnl": -42.519500000001244,
      "trading_pnl": -42.519500000001244,
      "bonus": 0.0,
      "closed_lots": 0.5100000000000002,
      "equity_start": 951.204499999998,
      "equity_end": 908.6849999999968,
      "win_rate_pct": 63.63636363636363,
      "pnl_pct": -4.47006926481123
    },
    {
      "month": "2025-03",
      "signals": 50,
      "wins": 22,
      "losses": 11,
      "no_fills": 17,
      "open": 0,
      "pnl": 20.08350000000155,
      "trading_pnl": 20.08350000000155,
      "bonus": 0.0,
      "closed_lots": 0.8000000000000005,
      "equity_start": 908.6849999999968,
      "equity_end": 928.7684999999983,
      "win_rate_pct": 66.66666666666666,
      "pnl_pct": 2.21017184172751
    },
    {
      "month": "2025-04",
      "signals": 48,
      "wins": 24,
      "losses": 5,
      "no_fills": 19,
      "open": 0,
      "pnl": 127.38000000000375,
      "trading_pnl": 127.38000000000375,
      "bonus": 0.0,
      "closed_lots": 0.6800000000000004,
      "equity_start": 928.7684999999983,
      "equity_end": 1056.148500000002,
      "win_rate_pct": 82.75862068965517,
      "pnl_pct": 13.714935422551905
    },
    {
      "month": "2025-05",
      "signals": 55,
      "wins": 18,
      "losses": 10,
      "no_fills": 27,
      "open": 0,
      "pnl": -25.355499999992844,
      "trading_pnl": -25.355499999992844,
      "bonus": 0.0,
      "closed_lots": 0.6800000000000004,
      "equity_start": 1056.148500000002,
      "equity_end": 1030.7930000000092,
      "win_rate_pct": 64.28571428571429,
      "pnl_pct": -2.400751409483874
    },
    {
      "month": "2025-06",
      "signals": 57,
      "wins": 20,
      "losses": 15,
      "no_fills": 22,
      "open": 0,
      "pnl": -95.03949999999759,
      "trading_pnl": -95.03949999999759,
      "bonus": 0.0,
      "closed_lots": 0.8700000000000006,
      "equity_start": 1030.7930000000092,
      "equity_end": 935.7535000000116,
      "win_rate_pct": 57.14285714285714,
      "pnl_pct": -9.22003738868975
    },
    {
      "month": "2025-07",
      "signals": 55,
      "wins": 18,
      "losses": 7,
      "no_fills": 30,
      "open": 0,
      "pnl": 27.145999999999276,
      "trading_pnl": 27.145999999999276,
      "bonus": 0.0,
      "closed_lots": 0.6200000000000003,
      "equity_start": 935.7535000000116,
      "equity_end": 962.8995000000109,
      "win_rate_pct": 72.0,
      "pnl_pct": 2.9009776613177443
    },
    {
      "month": "2025-08",
      "signals": 52,
      "wins": 22,
      "losses": 9,
      "no_fills": 21,
      "open": 0,
      "pnl": 73.13149999999632,
      "trading_pnl": 73.13149999999632,
      "bonus": 0.0,
      "closed_lots": 0.7000000000000004,
      "equity_start": 962.8995000000109,
      "equity_end": 1036.0310000000072,
      "win_rate_pct": 70.96774193548387,
      "pnl_pct": 7.594925534803528
    },
    {
      "month": "2025-09",
      "signals": 45,
      "wins": 21,
      "losses": 9,
      "no_fills": 15,
      "open": 0,
      "pnl": 144.36449999999695,
      "trading_pnl": 144.36449999999695,
      "bonus": 0.0,
      "closed_lots": 0.7200000000000004,
      "equity_start": 1036.0310000000072,
      "equity_end": 1180.3955000000042,
      "win_rate_pct": 70.0,
      "pnl_pct": 13.934380341900573
    },
    {
      "month": "2025-10",
      "signals": 51,
      "wins": 23,
      "losses": 5,
      "no_fills": 23,
      "open": 0,
      "pnl": 67.71099999999433,
      "trading_pnl": 67.71099999999433,
      "bonus": 0.0,
      "closed_lots": 0.7100000000000004,
      "equity_start": 1180.3955000000042,
      "equity_end": 1248.1064999999985,
      "win_rate_pct": 82.14285714285714,
      "pnl_pct": 5.736297706996858
    },
    {
      "month": "2025-11",
      "signals": 52,
      "wins": 28,
      "losses": 3,
      "no_fills": 20,
      "open": 0,
      "pnl": 139.33999999999378,
      "trading_pnl": 139.33999999999378,
      "bonus": 0.0,
      "closed_lots": 0.7400000000000004,
      "equity_start": 1248.1064999999985,
      "equity_end": 1387.4464999999923,
      "win_rate_pct": 90.32258064516128,
      "pnl_pct": 11.16411139594209
    },
    {
      "month": "2025-12",
      "signals": 62,
      "wins": 34,
      "losses": 5,
      "no_fills": 23,
      "open": 0,
      "pnl": 217.91449999999622,
      "trading_pnl": 217.91449999999622,
      "bonus": 0.0,
      "closed_lots": 0.9500000000000005,
      "equity_start": 1387.4464999999923,
      "equity_end": 1605.3609999999885,
      "win_rate_pct": 87.17948717948718,
      "pnl_pct": 15.706155156252688
    },
    {
      "month": "2026-01",
      "signals": 45,
      "wins": 23,
      "losses": 6,
      "no_fills": 16,
      "open": 0,
      "pnl": 25.6474999999964,
      "trading_pnl": 25.6474999999964,
      "bonus": 0.0,
      "closed_lots": 0.7300000000000003,
      "equity_start": 1605.3609999999885,
      "equity_end": 1631.008499999985,
      "win_rate_pct": 79.3103448275862,
      "pnl_pct": 1.5976157387650867
    },
    {
      "month": "2026-02",
      "signals": 53,
      "wins": 24,
      "losses": 3,
      "no_fills": 24,
      "open": 0,
      "pnl": 245.96200000000317,
      "trading_pnl": 245.96200000000317,
      "bonus": 0.0,
      "closed_lots": 0.7000000000000003,
      "equity_start": 1631.008499999985,
      "equity_end": 1876.970499999988,
      "win_rate_pct": 88.88888888888889,
      "pnl_pct": 15.080362855252162
    },
    {
      "month": "2026-03",
      "signals": 64,
      "wins": 39,
      "losses": 3,
      "no_fills": 22,
      "open": 0,
      "pnl": 371.420000000001,
      "trading_pnl": 371.420000000001,
      "bonus": 0.0,
      "closed_lots": 0.9800000000000005,
      "equity_start": 1876.970499999988,
      "equity_end": 2248.390499999989,
      "win_rate_pct": 92.85714285714286,
      "pnl_pct": 19.788270513575114
    },
    {
      "month": "2026-04",
      "signals": 55,
      "wins": 29,
      "losses": 3,
      "no_fills": 23,
      "open": 0,
      "pnl": 185.52699999999277,
      "trading_pnl": 185.52699999999277,
      "bonus": 0.0,
      "closed_lots": 0.7600000000000005,
      "equity_start": 2248.390499999989,
      "equity_end": 2433.917499999982,
      "win_rate_pct": 90.625,
      "pnl_pct": 8.251547051101385
    },
    {
      "month": "2026-05",
      "signals": 54,
      "wins": 24,
      "losses": 9,
      "no_fills": 21,
      "open": 0,
      "pnl": 30.4704999999949,
      "trading_pnl": 30.4704999999949,
      "bonus": 0.0,
      "closed_lots": 0.8100000000000004,
      "equity_start": 2433.917499999982,
      "equity_end": 2464.3879999999767,
      "win_rate_pct": 72.72727272727273,