{
  "rank": 4,
  "candidate_id": "64173564b2c411b1",
  "filter_preset": "self_limit",
  "metrics": {
    "bonus_contribution": 44.099999999994,
    "candidate_id": "64173564b2c411b1",
    "concurrent_risk_max_dd_pct": 42.815862045892636,
    "filter_preset": "self_limit",
    "fixed_no_bonus_profit": 1518.2709999999543,
    "fixed_with_bonus_profit": 1562.3709999999483,
    "oos_fixed_no_bonus_profit": 1287.5799999999826,
    "passes_consistency": true,
    "passes_dd": true,
    "passes_edge": true,
    "passes_oos": true,
    "passes_recommendation_gate": true,
    "risk_net_profit_with_bonus": 1336.862999999947,
    "score": 1334.0756666666318,
    "stable_fraction": 0.6666666666666666,
    "stable_months": 12,
    "total_months": 18,
    "worst_month_pnl": -258.16299999999137
  },
  "monthly": [
    {
      "month": "2025-01",
      "signals": 57,
      "wins": 15,
      "losses": 15,
      "no_fills": 27,
      "open": 0,
      "pnl": -42.71499999999969,
      "trading_pnl": -42.71499999999969,
      "bonus": 0.0,
      "closed_lots": 0.7500000000000004,
      "equity_start": 1000.0,
      "equity_end": 957.2850000000003,
      "win_rate_pct": 50.0,
      "pnl_pct": -4.271499999999969
    },
    {
      "month": "2025-02",
      "signals": 42,
      "wins": 11,
      "losses": 12,
      "no_fills": 19,
      "open": 0,
      "pnl": -125.84800000000769,
      "trading_pnl": -125.84800000000769,
      "bonus": 0.0,
      "closed_lots": 0.5600000000000003,
      "equity_start": 957.2850000000003,
      "equity_end": 831.4369999999926,
      "win_rate_pct": 47.82608695652174,
      "pnl_pct": -13.146346176949148
    },
    {
      "month": "2025-03",
      "signals": 50,
      "wins": 27,
      "losses": 8,
      "no_fills": 15,
      "open": 0,
      "pnl": 58.15600000000677,
      "trading_pnl": 58.15600000000677,
      "bonus": 0.0,
      "closed_lots": 0.8800000000000004,
      "equity_start": 831.4369999999926,
      "equity_end": 889.5929999999994,
      "win_rate_pct": 77.14285714285715,
      "pnl_pct": 6.994636995948856
    },
    {
      "month": "2025-04",
      "signals": 48,
      "wins": 24,
      "losses": 9,
      "no_fills": 15,
      "open": 0,
      "pnl": 176.52000000000544,
      "trading_pnl": 176.52000000000544,
      "bonus": 0.0,
      "closed_lots": 0.7900000000000005,
      "equity_start": 889.5929999999994,
      "equity_end": 1066.1130000000048,
      "win_rate_pct": 72.72727272727273,
      "pnl_pct": 19.842782036280138
    },
    {
      "month": "2025-05",
      "signals": 55,
      "wins": 15,
      "losses": 14,
      "no_fills": 26,
      "open": 0,
      "pnl": -258.16299999999137,
      "trading_pnl": -258.16299999999137,
      "bonus": 0.0,
      "closed_lots": 0.7400000000000004,
      "equity_start": 1066.1130000000048,
      "equity_end": 807.9500000000135,
      "win_rate_pct": 51.724137931034484,
      "pnl_pct": -24.21535053038376
    },
    {
      "month": "2025-06",
      "signals": 57,
      "wins": 22,
      "losses": 16,
      "no_fills": 19,
      "open": 0,
      "pnl": -58.073999999997795,
      "trading_pnl": -58.073999999997795,
      "bonus": 0.0,
      "closed_lots": 0.9400000000000006,
      "equity_start": 807.9500000000135,
      "equity_end": 749.8760000000157,
      "win_rate_pct": 57.89473684210527,
      "pnl_pct": -7.1878210285286
    },
    {
      "month": "2025-07",
      "signals": 55,
      "wins": 13,
      "losses": 15,
      "no_fills": 27,
      "open": 0,
      "pnl": -29.618999999997413,
      "trading_pnl": -29.618999999997413,
      "bonus": 0.0,
      "closed_lots": 0.7300000000000004,
      "equity_start": 749.8760000000157,
      "equity_end": 720.2570000000183,
      "win_rate_pct": 46.42857142857143,
      "pnl_pct": -3.9498530423692446
    },
    {
      "month": "2025-08",
      "signals": 52,
      "wins": 19,
      "losses": 15,
      "no_fills": 18,
      "open": 0,
      "pnl": 22.848999999987427,
      "trading_pnl": 22.848999999987427,
      "bonus": 0.0,
      "closed_lots": 0.8200000000000005,
      "equity_start": 720.2570000000183,
      "equity_end": 743.1060000000057,
      "win_rate_pct": 55.88235294117647,
      "pnl_pct": 3.1723398731267936
    },
    {
      "month": "2025-09",
      "signals": 45,
      "wins": 19,
      "losses": 13,
      "no_fills": 13,
      "open": 0,
      "pnl": 113.41899999999123,
      "trading_pnl": 113.41899999999123,
      "bonus": 0.0,
      "closed_lots": 0.7800000000000005,
      "equity_start": 743.1060000000057,
      "equity_end": 856.5249999999969,
      "win_rate_pct": 59.375,
      "pnl_pct": 15.262829259888946
    },
    {
      "month": "2025-10",
      "signals": 51,
      "wins": 22,
      "losses": 8,
      "no_fills": 21,
      "open": 0,
      "pnl": 52.785999999995056,
      "trading_pnl": 52.785999999995056,
      "bonus": 0.0,
      "closed_lots": 0.7800000000000005,
      "equity_start": 856.5249999999969,
      "equity_end": 909.310999999992,
      "win_rate_pct": 73.33333333333333,
      "pnl_pct": 6.162809024838183
    },
    {
      "month": "2025-11",
      "signals": 52,
      "wins": 31,
      "losses": 7,
      "no_fills": 14,
      "open": 0,
      "pnl": 167.0299999999893,
      "trading_pnl": 167.0299999999893,
      "bonus": 0.0,
      "closed_lots": 0.9500000000000006,
      "equity_start": 909.310999999992,
      "equity_end": 1076.3409999999812,
      "win_rate_pct": 81.57894736842105,
      "pnl_pct": 18.368852900711722
    },
    {
      "month": "2025-12",
      "signals": 62,
      "wins": 33,
      "losses": 10,
      "no_fills": 19,
      "open": 0,
      "pnl": 154.34999999999036,
      "trading_pnl": 154.34999999999036,
      "bonus": 0.0,
      "closed_lots": 1.1200000000000008,
      "equity_start": 1076.3409999999812,
      "equity_end": 1230.6909999999716,
      "win_rate_pct": 76.74418604651163,
      "pnl_pct": 14.34025090561384
    },
    {
      "month": "2026-01",
      "signals": 45,
      "wins": 21,
      "losses": 10,
      "no_fills": 14,
      "open": 0,
      "pnl": 226.77099999999245,
      "trading_pnl": 226.77099999999245,
      "bonus": 0.0,
      "closed_lots": 0.8200000000000005,
      "equity_start": 1230.6909999999716,
      "equity_end": 1457.461999999964,
      "win_rate_pct": 67.74193548387096,
      "pnl_pct": 18.42631497264526
    },
    {
      "month": "2026-02",
      "signals": 53,
      "wins": 26,
      "losses": 8,
      "no_fills": 19,
      "open": 0,
      "pnl": 274.24599999999464,
      "trading_pnl": 274.24599999999464,
      "bonus": 0.0,
      "closed_lots": 0.8500000000000004,
      "equity_start": 1457.461999999964,
      "equity_end": 1731.7079999999587,
      "win_rate_pct": 76.47058823529412,
      "pnl_pct": 18.81668269910306
    },
    {
      "month": "2026-03",
      "signals": 64,
      "wins": 33,
      "losses": 10,
      "no_fills": 21,
      "open": 0,
      "pnl": 370.3829999999962,
      "trading_pnl": 370.3829999999962,
      "bonus": 0.0,
      "closed_lots": 1.0600000000000007,
      "equity_start": 1731.7079999999587,
      "equity_end": 2102.090999999955,
      "win_rate_pct": 76.74418604651163,
      "pnl_pct": 21.388305649682568
    },
    {
      "month": "2026-04",
      "signals": 55,
      "wins": 23,
      "losses": 7,
      "no_fills": 25,
      "open": 0,
      "pnl": 162.42899999999827,
      "trading_pnl": 162.42899999999827,
      "bonus": 0.0,
      "closed_lots": 0.7600000000000005,
      "equity_start": 2102.090999999955,
      "equity_end": 2264.519999999953,
      "win_rate_pct": 76.66666666666667,
      "pnl_pct": 7.727020381134868
    },
    {
      "month": "2026-05",
      "signals": 54,
      "wins": 27,
      "losses": 11,
      "no_fills": 16,
      "open": 0,
      "pnl": 312.2309999999943,
      "trading_pnl": 312.2309999999943,
      "bonus": 0.0,
      "closed_lots": 0.9600000000000005,
      "equity_start": 2264.519999999953,
      "equity_end": 2576.7509999999475,