{
  "rank": 2,
  "candidate_id": "1c12c691874bfbd7",
  "filter_preset": "self_limit",
  "metrics": {
    "bonus_contribution": 39.11999999998443,
    "candidate_id": "1c12c691874bfbd7",
    "concurrent_risk_max_dd_pct": 22.227650000001585,
    "filter_preset": "self_limit",
    "fixed_no_bonus_profit": 1513.3979999999833,
    "fixed_with_bonus_profit": 1552.5179999999677,
    "oos_fixed_no_bonus_profit": 961.8005000000039,
    "passes_consistency": true,
    "passes_dd": true,
    "passes_edge": true,
    "passes_oos": true,
    "passes_recommendation_gate": true,
    "risk_net_profit_with_bonus": 1625.6039999999452,
    "score": 1417.5374583333214,
    "stable_fraction": 0.7777777777777778,
    "stable_months": 14,
    "total_months": 18,
    "worst_month_pnl": -56.820999999995365
  },
  "monthly": [
    {
      "month": "2025-01",
      "signals": 57,
      "wins": 17,
      "losses": 10,
      "no_fills": 30,
      "open": 0,
      "pnl": -37.47250000000258,
      "trading_pnl": -37.47250000000258,
      "bonus": 0.0,
      "closed_lots": 0.6900000000000003,
      "equity_start": 1000.0,
      "equity_end": 962.5274999999974,
      "win_rate_pct": 62.96296296296296,
      "pnl_pct": -3.747250000000258
    },
    {
      "month": "2025-02",
      "signals": 42,
      "wins": 15,
      "losses": 7,
      "no_fills": 20,
      "open": 0,
      "pnl": -50.92300000000387,
      "trading_pnl": -50.92300000000387,
      "bonus": 0.0,
      "closed_lots": 0.5100000000000002,
      "equity_start": 962.5274999999974,
      "equity_end": 911.6044999999935,
      "win_rate_pct": 68.18181818181817,
      "pnl_pct": -5.290550140126282
    },
    {
      "month": "2025-03",
      "signals": 50,
      "wins": 24,
      "losses": 9,
      "no_fills": 17,
      "open": 0,
      "pnl": 13.980000000000473,
      "trading_pnl": 13.980000000000473,
      "bonus": 0.0,
      "closed_lots": 0.8000000000000005,
      "equity_start": 911.6044999999935,
      "equity_end": 925.584499999994,
      "win_rate_pct": 72.72727272727273,
      "pnl_pct": 1.5335597838756359
    },
    {
      "month": "2025-04",
      "signals": 48,
      "wins": 26,
      "losses": 2,
      "no_fills": 19,
      "open": 0,
      "pnl": 120.4765000000034,
      "trading_pnl": 120.4765000000034,
      "bonus": 0.0,
      "closed_lots": 0.6800000000000004,
      "equity_start": 925.584499999994,
      "equity_end": 1046.0609999999974,
      "win_rate_pct": 92.85714285714286,
      "pnl_pct": 13.01626161630885
    },
    {
      "month": "2025-05",
      "signals": 55,
      "wins": 23,
      "losses": 4,
      "no_fills": 27,
      "open": 0,
      "pnl": 30.65500000000702,
      "trading_pnl": 30.65500000000702,
      "bonus": 0.0,
      "closed_lots": 0.6800000000000004,
      "equity_start": 1046.0609999999974,
      "equity_end": 1076.7160000000044,
      "win_rate_pct": 85.18518518518519,
      "pnl_pct": 2.930517436364332
    },
    {
      "month": "2025-06",
      "signals": 57,
      "wins": 24,
      "losses": 11,
      "no_fills": 22,
      "open": 0,
      "pnl": -56.820999999995365,
      "trading_pnl": -56.820999999995365,
      "bonus": 0.0,
      "closed_lots": 0.8700000000000006,
      "equity_start": 1076.7160000000044,
      "equity_end": 1019.8950000000091,
      "win_rate_pct": 68.57142857142857,
      "pnl_pct": -5.277250454158304
    },
    {
      "month": "2025-07",
      "signals": 55,
      "wins": 18,
      "losses": 7,
      "no_fills": 30,
      "open": 0,
      "pnl": -1.9295000000024634,
      "trading_pnl": -1.9295000000024634,
      "bonus": 0.0,
      "closed_lots": 0.6200000000000003,
      "equity_start": 1019.8950000000091,
      "equity_end": 1017.9655000000066,
      "win_rate_pct": 72.0,
      "pnl_pct": -0.18918614171090614
    },
    {
      "month": "2025-08",
      "signals": 52,
      "wins": 23,
      "losses": 8,
      "no_fills": 21,
      "open": 0,
      "pnl": 78.29949999999553,
      "trading_pnl": 78.29949999999553,
      "bonus": 0.0,
      "closed_lots": 0.7000000000000004,
      "equity_start": 1017.9655000000066,
      "equity_end": 1096.2650000000021,
      "win_rate_pct": 74.19354838709677,
      "pnl_pct": 7.6917636206723135
    },
    {
      "month": "2025-09",
      "signals": 45,
      "wins": 20,
      "losses": 9,
      "no_fills": 15,
      "open": 0,
      "pnl": 140.71799999999666,
      "trading_pnl": 140.71799999999666,
      "bonus": 0.0,
      "closed_lots": 0.7200000000000004,
      "equity_start": 1096.2650000000021,
      "equity_end": 1236.9829999999988,
      "win_rate_pct": 68.96551724137932,
      "pnl_pct": 12.836129950331024
    },
    {
      "month": "2025-10",
      "signals": 51,
      "wins": 21,
      "losses": 6,
      "no_fills": 23,
      "open": 0,
      "pnl": 68.89649999999756,
      "trading_pnl": 68.89649999999756,
      "bonus": 0.0,
      "closed_lots": 0.7100000000000004,
      "equity_start": 1236.9829999999988,
      "equity_end": 1305.8794999999964,
      "win_rate_pct": 77.77777777777779,
      "pnl_pct": 5.569720844991211
    },
    {
      "month": "2025-11",
      "signals": 52,
      "wins": 28,
      "losses": 3,
      "no_fills": 20,
      "open": 0,
      "pnl": 85.33999999999332,
      "trading_pnl": 85.33999999999332,
      "bonus": 0.0,
      "closed_lots": 0.7400000000000004,
      "equity_start": 1305.8794999999964,
      "equity_end": 1391.2194999999897,
      "win_rate_pct": 90.32258064516128,
      "pnl_pct": 6.535059322088567
    },
    {
      "month": "2025-12",
      "signals": 62,
      "wins": 36,
      "losses": 3,
      "no_fills": 23,
      "open": 0,
      "pnl": 160.3779999999897,
      "trading_pnl": 160.3779999999897,
      "bonus": 0.0,
      "closed_lots": 0.9500000000000005,
      "equity_start": 1391.2194999999897,
      "equity_end": 1551.5974999999794,
      "win_rate_pct": 92.3076923076923,
      "pnl_pct": 11.527871770054322
    },
    {
      "month": "2026-01",
      "signals": 45,
      "wins": 25,
      "losses": 4,
      "no_fills": 16,
      "open": 0,
      "pnl": 102.05049999999483,
      "trading_pnl": 102.05049999999483,
      "bonus": 0.0,
      "closed_lots": 0.7300000000000003,
      "equity_start": 1551.5974999999794,
      "equity_end": 1653.6479999999742,
      "win_rate_pct": 86.20689655172413,
      "pnl_pct": 6.577124544219502
    },
    {
      "month": "2026-02",
      "signals": 53,
      "wins": 23,
      "losses": 3,
      "no_fills": 24,
      "open": 0,
      "pnl": 246.67000000000462,
      "trading_pnl": 246.67000000000462,
      "bonus": 0.0,
      "closed_lots": 0.7000000000000003,
      "equity_start": 1653.6479999999742,
      "equity_end": 1900.3179999999788,
      "win_rate_pct": 88.46153846153845,
      "pnl_pct": 14.916717463451015
    },
    {
      "month": "2026-03",
      "signals": 64,
      "wins": 36,
      "losses": 4,
      "no_fills": 22,
      "open": 0,
      "pnl": 266.5525000000034,
      "trading_pnl": 266.5525000000034,
      "bonus": 0.0,
      "closed_lots": 0.9800000000000005,
      "equity_start": 1900.3179999999788,
      "equity_end": 2166.8704999999823,
      "win_rate_pct": 90.0,
      "pnl_pct": 14.026731315495953
    },
    {
      "month": "2026-04",
      "signals": 55,
      "wins": 29,
      "losses": 2,
      "no_fills": 23,
      "open": 0,
      "pnl": 164.882999999998,
      "trading_pnl": 164.882999999998,
      "bonus": 0.0,
      "closed_lots": 0.7600000000000005,
      "equity_start": 2166.8704999999823,
      "equity_end": 2331.7534999999802,
      "win_rate_pct": 93.54838709677419,
      "pnl_pct": 7.609268758792892
    },
    {
      "month": "2026-05",
      "signals": 54,
      "wins": 26,
      "losses": 7,
      "no_fills": 21,
      "open": 0,
      "pnl": 100.98049999999603,
      "trading_pnl": 100.98049999999603,
      "bonus": 0.0,
      "closed_lots": 0.8100000000000004,
      "equity_start": 2331.7534999999802,
      "equity_end": 2432.7339999999763,