{
  "rank": 5,
  "candidate_id": "bb3451562613809b",
  "filter_preset": "self_limit",
  "metrics": {
    "candidate_id": "bb3451562613809b",
    "filter_preset": "self_limit",
    "passes_recommendation_gate": true,
    "passes_dd": true,
    "passes_edge": true,
    "passes_consistency": true,
    "passes_oos": true,
    "score": 1327.6680833332948,
    "fixed_no_bonus_profit": 1504.5559999999523,
    "fixed_with_bonus_profit": 1552.0759999999414,
    "bonus_contribution": 47.51999999998907,
    "concurrent_risk_max_dd_pct": 49.24769999999899,
    "risk_net_profit_with_bonus": 1303.859999999932,
    "stable_months": 12,
    "total_months": 18,
    "stable_fraction": 0.6666666666666666,
    "worst_month_pnl": -137.266000000001,
    "oos_fixed_no_bonus_profit": 1298.5229999999738
  },
  "monthly": [
    {
      "month": "2025-01",
      "signals": 57,
      "wins": 13,
      "losses": 14,
      "no_fills": 30,
      "open": 0,
      "pnl": -90.51299999999856,
      "trading_pnl": -90.51299999999856,
      "bonus": 0.0,
      "closed_lots": 0.9000000000000002,
      "equity_start": 1000.0,
      "equity_end": 909.4870000000014,
      "win_rate_pct": 48.148148148148145,
      "pnl_pct": -9.051299999999856
    },
    {
      "month": "2025-02",
      "signals": 42,
      "wins": 12,
      "losses": 10,
      "no_fills": 20,
      "open": 0,
      "pnl": -111.20800000000054,
      "trading_pnl": -111.20800000000054,
      "bonus": 0.0,
      "closed_lots": 0.6100000000000001,
      "equity_start": 909.4870000000014,
      "equity_end": 798.2790000000009,
      "win_rate_pct": 54.54545454545454,
      "pnl_pct": -12.227552455395225
    },
    {
      "month": "2025-03",
      "signals": 50,
      "wins": 22,
      "losses": 11,
      "no_fills": 17,
      "open": 0,
      "pnl": 25.756000000001677,
      "trading_pnl": 25.756000000001677,
      "bonus": 0.0,
      "closed_lots": 1.0200000000000005,
      "equity_start": 798.2790000000009,
      "equity_end": 824.0350000000026,
      "win_rate_pct": 66.66666666666666,
      "pnl_pct": 3.2264408809453395
    },
    {
      "month": "2025-04",
      "signals": 48,
      "wins": 20,
      "losses": 9,
      "no_fills": 19,
      "open": 0,
      "pnl": 81.52400000000307,
      "trading_pnl": 81.52400000000307,
      "bonus": 0.0,
      "closed_lots": 0.7500000000000002,
      "equity_start": 824.0350000000026,
      "equity_end": 905.5590000000057,
      "win_rate_pct": 68.96551724137932,
      "pnl_pct": 9.893269096579978
    },
    {
      "month": "2025-05",
      "signals": 55,
      "wins": 16,
      "losses": 12,
      "no_fills": 27,
      "open": 0,
      "pnl": -126.34699999999202,
      "trading_pnl": -126.34699999999202,
      "bonus": 0.0,
      "closed_lots": 0.8500000000000003,
      "equity_start": 905.5590000000057,
      "equity_end": 779.2120000000136,
      "win_rate_pct": 57.14285714285714,
      "pnl_pct": -13.95237637746312
    },
    {
      "month": "2025-06",
      "signals": 57,
      "wins": 20,
      "losses": 14,
      "no_fills": 22,
      "open": 0,
      "pnl": -137.266000000001,
      "trading_pnl": -137.266000000001,
      "bonus": 0.0,
      "closed_lots": 1.0400000000000003,
      "equity_start": 779.2120000000136,
      "equity_end": 641.9460000000126,
      "win_rate_pct": 58.82352941176471,
      "pnl_pct": -17.61600180695351
    },
    {
      "month": "2025-07",
      "signals": 55,
      "wins": 14,
      "losses": 11,
      "no_fills": 30,
      "open": 0,
      "pnl": -5.378999999999905,
      "trading_pnl": -5.378999999999905,
      "bonus": 0.0,
      "closed_lots": 0.7800000000000001,
      "equity_start": 641.9460000000126,
      "equity_end": 636.5670000000127,
      "win_rate_pct": 56.00000000000001,
      "pnl_pct": -0.8379209466216472
    },
    {
      "month": "2025-08",
      "signals": 52,
      "wins": 22,
      "losses": 10,
      "no_fills": 20,
      "open": 0,
      "pnl": 90.07199999999148,
      "trading_pnl": 90.07199999999148,
      "bonus": 0.0,
      "closed_lots": 0.8400000000000002,
      "equity_start": 636.5670000000127,
      "equity_end": 726.6390000000042,
      "win_rate_pct": 68.75,
      "pnl_pct": 14.149649604831804
    },
    {
      "month": "2025-09",
      "signals": 45,
      "wins": 19,
      "losses": 11,
      "no_fills": 15,
      "open": 0,
      "pnl": 42.06699999999773,
      "trading_pnl": 42.06699999999773,
      "bonus": 0.0,
      "closed_lots": 0.8500000000000003,
      "equity_start": 726.6390000000042,
      "equity_end": 768.706000000002,
      "win_rate_pct": 63.33333333333333,
      "pnl_pct": 5.789257113917294
    },
    {
      "month": "2025-10",
      "signals": 51,
      "wins": 19,
      "losses": 8,
      "no_fills": 23,
      "open": 0,
      "pnl": -18.040000000009513,
      "trading_pnl": -18.040000000009513,
      "bonus": 0.0,
      "closed_lots": 0.8500000000000003,
      "equity_start": 768.706000000002,
      "equity_end": 750.6659999999924,
      "win_rate_pct": 70.37037037037037,
      "pnl_pct": -2.346800987634995
    },
    {
      "month": "2025-11",
      "signals": 52,
      "wins": 27,
      "losses": 5,
      "no_fills": 20,
      "open": 0,
      "pnl": 215.53999999999223,
      "trading_pnl": 215.53999999999223,
      "bonus": 0.0,
      "closed_lots": 0.9300000000000004,
      "equity_start": 750.6659999999924,
      "equity_end": 966.2059999999847,
      "win_rate_pct": 84.375,
      "pnl_pct": 28.71316937226335
    },
    {
      "month": "2025-12",
      "signals": 62,
      "wins": 31,
      "losses": 8,
      "no_fills": 23,
      "open": 0,
      "pnl": 239.82699999999386,
      "trading_pnl": 239.82699999999386,
      "bonus": 0.0,
      "closed_lots": 1.2000000000000004,
      "equity_start": 966.2059999999847,
      "equity_end": 1206.0329999999785,
      "win_rate_pct": 79.48717948717949,
      "pnl_pct": 24.821518392557866
    },
    {
      "month": "2026-01",
      "signals": 45,
      "wins": 22,
      "losses": 7,
      "no_fills": 16,
      "open": 0,
      "pnl": 175.9199999999937,
      "trading_pnl": 175.9199999999937,
      "bonus": 0.0,
      "closed_lots": 0.9200000000000004,
      "equity_start": 1206.0329999999785,
      "equity_end": 1381.9529999999722,
      "win_rate_pct": 75.86206896551724,
      "pnl_pct": 14.586665539002402
    },
    {
      "month": "2026-02",
      "signals": 53,
      "wins": 23,
      "losses": 5,
      "no_fills": 24,
      "open": 0,
      "pnl": 290.3229999999958,
      "trading_pnl": 290.3229999999958,
      "bonus": 0.0,
      "closed_lots": 0.8700000000000003,
      "equity_start": 1381.9529999999722,
      "equity_end": 1672.275999999968,
      "win_rate_pct": 82.14285714285714,
      "pnl_pct": 21.00816742682288
    },
    {
      "month": "2026-03",
      "signals": 64,
      "wins": 35,
      "losses": 6,
      "no_fills": 23,
      "open": 0,
      "pnl": 467.053999999991,
      "trading_pnl": 467.053999999991,
      "bonus": 0.0,
      "closed_lots": 1.1000000000000005,
      "equity_start": 1672.275999999968,
      "equity_end": 2139.329999999959,
      "win_rate_pct": 85.36585365853658,
      "pnl_pct": 27.92924134532816
    },
    {
      "month": "2026-04",
      "signals": 55,
      "wins": 25,
      "losses": 7,
      "no_fills": 23,
      "open": 0,
      "pnl": 135.55600000000413,
      "trading_pnl": 135.55600000000413,
      "bonus": 0.0,
      "closed_lots": 0.8600000000000003,
      "equity_start": 2139.329999999959,
      "equity_end": 2274.885999999963,
      "win_rate_pct": 78.125,
      "pnl_pct": 6.336376342126121
    },
    {
      "month": "2026-05",
      "signals": 54,
      "wins": 26,
      "losses": 7,
      "no_fills": 21,
      "open": 0,
      "pnl": 226.73599999998714,
      "trading_pnl": 226.73599999998714,
      "bonus": 0.0,
      "closed_lots": 0.9900000000000004,
      "equity_start": 2274.885999999963,
      "equity_end": 2501.6219999999503,
      "win_rate_pct": 78.78787878787878,