{
  "rank": 1,
  "candidate_id": "23428e35e5964d32",
  "filter_preset": "self_limit",
  "metrics": {
    "bonus_contribution": 59.339999999963766,
    "candidate_id": "23428e35e5964d32",
    "concurrent_risk_max_dd_pct": 18.77300000000114,
    "filter_preset": "self_limit",
    "fixed_no_bonus_profit": 1712.1159999999527,
    "fixed_with_bonus_profit": 1771.4559999999165,
    "oos_fixed_no_bonus_profit": 1243.8919999999748,
    "passes_consistency": true,
    "passes_dd": true,
    "passes_edge": true,
    "passes_oos": true,
    "passes_recommendation_gate": true,
    "risk_net_profit_with_bonus": 1506.2769999999255,
    "score": 1547.5012222221817,
    "stable_fraction": 0.7222222222222222,
    "stable_months": 13,
    "total_months": 18,
    "worst_month_pnl": -86.60050000000547
  },
  "monthly": [
    {
      "month": "2025-01",
      "signals": 57,
      "wins": 8,
      "losses": 15,
      "no_fills": 26,
      "open": 0,
      "pnl": -24.116000000002714,
      "trading_pnl": -24.116000000002714,
      "bonus": 0.0,
      "closed_lots": 1.0800000000000005,
      "equity_start": 1000.0,
      "equity_end": 975.8839999999973,
      "win_rate_pct": 34.78260869565217,
      "pnl_pct": -2.4116000000002713
    },
    {
      "month": "2025-02",
      "signals": 42,
      "wins": 2,
      "losses": 15,
      "no_fills": 18,
      "open": 0,
      "pnl": -86.60050000000547,
      "trading_pnl": -86.60050000000547,
      "bonus": 0.0,
      "closed_lots": 0.7900000000000001,
      "equity_start": 975.8839999999973,
      "equity_end": 889.2834999999918,
      "win_rate_pct": 11.76470588235294,
      "pnl_pct": -8.874056752647416
    },
    {
      "month": "2025-03",
      "signals": 50,
      "wins": 16,
      "losses": 13,
      "no_fills": 14,
      "open": 0,
      "pnl": -12.75049999999328,
      "trading_pnl": -12.75049999999328,
      "bonus": 0.0,
      "closed_lots": 1.2100000000000006,
      "equity_start": 889.2834999999918,
      "equity_end": 876.5329999999985,
      "win_rate_pct": 55.172413793103445,
      "pnl_pct": -1.4337947347491995
    },
    {
      "month": "2025-04",
      "signals": 48,
      "wins": 20,
      "losses": 6,
      "no_fills": 14,
      "open": 0,
      "pnl": 206.58000000000447,
      "trading_pnl": 206.58000000000447,
      "bonus": 0.0,
      "closed_lots": 1.0300000000000005,
      "equity_start": 876.5329999999985,
      "equity_end": 1083.113000000003,
      "win_rate_pct": 76.92307692307693,
      "pnl_pct": 23.567851980473616
    },
    {
      "month": "2025-05",
      "signals": 55,
      "wins": 13,
      "losses": 10,
      "no_fills": 23,
      "open": 0,
      "pnl": 43.92450000000326,
      "trading_pnl": 43.92450000000326,
      "bonus": 0.0,
      "closed_lots": 1.0200000000000002,
      "equity_start": 1083.113000000003,
      "equity_end": 1127.0375000000063,
      "win_rate_pct": 56.52173913043478,
      "pnl_pct": 4.055394035525669
    },
    {
      "month": "2025-06",
      "signals": 57,
      "wins": 19,
      "losses": 11,
      "no_fills": 18,
      "open": 0,
      "pnl": -22.941000000001168,
      "trading_pnl": -22.941000000001168,
      "bonus": 0.0,
      "closed_lots": 1.2900000000000007,
      "equity_start": 1127.0375000000063,
      "equity_end": 1104.096500000005,
      "win_rate_pct": 63.33333333333333,
      "pnl_pct": -2.035513458957758
    },
    {
      "month": "2025-07",
      "signals": 55,
      "wins": 11,
      "losses": 15,
      "no_fills": 26,
      "open": 0,
      "pnl": -77.76550000000088,
      "trading_pnl": -77.76550000000088,
      "bonus": 0.0,
      "closed_lots": 0.9800000000000003,
      "equity_start": 1104.096500000005,
      "equity_end": 1026.3310000000042,
      "win_rate_pct": 42.30769230769231,
      "pnl_pct": -7.043360793191584
    },
    {
      "month": "2025-08",
      "signals": 52,
      "wins": 12,
      "losses": 11,
      "no_fills": 16,
      "open": 0,
      "pnl": 40.93899999999667,
      "trading_pnl": 40.93899999999667,
      "bonus": 0.0,
      "closed_lots": 1.1100000000000003,
      "equity_start": 1026.3310000000042,
      "equity_end": 1067.270000000001,
      "win_rate_pct": 52.17391304347826,
      "pnl_pct": 3.988869088042405
    },
    {
      "month": "2025-09",
      "signals": 45,
      "wins": 7,
      "losses": 11,
      "no_fills": 11,
      "open": 0,
      "pnl": 233.886,
      "trading_pnl": 233.886,
      "bonus": 0.0,
      "closed_lots": 1.0300000000000005,
      "equity_start": 1067.270000000001,
      "equity_end": 1301.1560000000009,
      "win_rate_pct": 38.88888888888889,
      "pnl_pct": 21.914417157795103
    },
    {
      "month": "2025-10",
      "signals": 51,
      "wins": 14,
      "losses": 6,
      "no_fills": 20,
      "open": 0,
      "pnl": 52.86649999999281,
      "trading_pnl": 52.86649999999281,
      "bonus": 0.0,
      "closed_lots": 1.0300000000000002,
      "equity_start": 1301.1560000000009,
      "equity_end": 1354.0224999999937,
      "win_rate_pct": 70.0,
      "pnl_pct": 4.063040865199313
    },
    {
      "month": "2025-11",
      "signals": 52,
      "wins": 16,
      "losses": 7,
      "no_fills": 12,
      "open": 0,
      "pnl": 46.97999999999365,
      "trading_pnl": 46.97999999999365,
      "bonus": 0.0,
      "closed_lots": 1.2400000000000007,
      "equity_start": 1354.0224999999937,
      "equity_end": 1401.0024999999873,
      "win_rate_pct": 69.56521739130434,
      "pnl_pct": 3.4696616932136557
    },
    {
      "month": "2025-12",
      "signals": 62,
      "wins": 21,
      "losses": 8,
      "no_fills": 18,
      "open": 0,
      "pnl": 67.22149999999056,
      "trading_pnl": 67.22149999999056,
      "bonus": 0.0,
      "closed_lots": 1.5400000000000007,
      "equity_start": 1401.0024999999873,
      "equity_end": 1468.2239999999779,
      "win_rate_pct": 72.41379310344827,
      "pnl_pct": 4.798099932012339
    },
    {
      "month": "2026-01",
      "signals": 45,
      "wins": 18,
      "losses": 7,
      "no_fills": 13,
      "open": 0,
      "pnl": 111.89499999999316,
      "trading_pnl": 111.89499999999316,
      "bonus": 0.0,
      "closed_lots": 1.1400000000000006,
      "equity_start": 1468.2239999999779,
      "equity_end": 1580.118999999971,
      "win_rate_pct": 72.0,
      "pnl_pct": 7.62111230983793
    },
    {
      "month": "2026-02",
      "signals": 53,
      "wins": 25,
      "losses": 3,
      "no_fills": 17,
      "open": 0,
      "pnl": 340.1334999999908,
      "trading_pnl": 340.1334999999908,
      "bonus": 0.0,
      "closed_lots": 1.2000000000000006,
      "equity_start": 1580.118999999971,
      "equity_end": 1920.2524999999619,
      "win_rate_pct": 89.28571428571429,
      "pnl_pct": 21.525815460734098
    },
    {
      "month": "2026-03",
      "signals": 64,
      "wins": 32,
      "losses": 0,
      "no_fills": 20,
      "open": 0,
      "pnl": 498.64999999999327,
      "trading_pnl": 498.64999999999327,
      "bonus": 0.0,
      "closed_lots": 1.3600000000000008,
      "equity_start": 1920.2524999999619,
      "equity_end": 2418.902499999955,
      "win_rate_pct": 100.0,
      "pnl_pct": 25.967939112174214
    },
    {
      "month": "2026-04",
      "signals": 55,
      "wins": 17,
      "losses": 2,
      "no_fills": 22,
      "open": 0,
      "pnl": 134.35150000000613,
      "trading_pnl": 134.35150000000613,
      "bonus": 0.0,
      "closed_lots": 0.9700000000000003,
      "equity_start": 2418.902499999955,
      "equity_end": 2552.153999999959,
      "win_rate_pct": 89.47368421052632,
      "pnl_pct": 5.554233789911277
    },
    {
      "month": "2026-05",
      "signals": 54,
      "wins": 21,
      "losses": 7,
      "no_fills": 15,
      "open": 0,
      "pnl": 117.0174999999881,
      "trading_pnl": 117.0174999999881,
      "bonus": 0.0,
      "closed_lots": 1.2200000000000006,
      "equity_start": 2547.8139999999607,
      "equity_end": 2670.2714999999494,
      "win_rate_pct": 75.0,