{
  "rank": 6,
  "candidate_id": "bdba4ca982099903",
  "filter_preset": "self_limit",
  "metrics": {
    "candidate_id": "bdba4ca982099903",
    "filter_preset": "self_limit",
    "passes_recommendation_gate": true,
    "passes_dd": true,
    "passes_edge": true,
    "passes_consistency": true,
    "passes_oos": true,
    "score": 756.7206999999873,
    "fixed_no_bonus_profit": 887.9156999999836,
    "fixed_with_bonus_profit": 923.4356999999616,
    "bonus_contribution": 35.51999999997793,
    "concurrent_risk_max_dd_pct": 13.957830000001161,
    "risk_net_profit_with_bonus": 780.3844999999535,
    "stable_months": 12,
    "total_months": 18,
    "stable_fraction": 0.6666666666666666,
    "worst_month_pnl": -72.36099999999533,
    "oos_fixed_no_bonus_profit": 659.107599999993
  },
  "monthly": [
    {
      "month": "2025-01",
      "signals": 57,
      "wins": 13,
      "losses": 10,
      "no_fills": 30,
      "open": 0,
      "pnl": -25.63130000000183,
      "trading_pnl": -25.63130000000183,
      "bonus": 0.0,
      "closed_lots": 0.6800000000000003,
      "equity_start": 1000.0,
      "equity_end": 974.3686999999982,
      "win_rate_pct": 56.52173913043478,
      "pnl_pct": -2.5631300000001827
    },
    {
      "month": "2025-02",
      "signals": 42,
      "wins": 7,
      "losses": 10,
      "no_fills": 23,
      "open": 0,
      "pnl": -23.29480000000649,
      "trading_pnl": -23.29480000000649,
      "bonus": 0.0,
      "closed_lots": 0.44000000000000017,
      "equity_start": 974.3686999999982,
      "equity_end": 951.0738999999917,
      "win_rate_pct": 41.17647058823529,
      "pnl_pct": -2.3907582417216946
    },
    {
      "month": "2025-03",
      "signals": 50,
      "wins": 17,
      "losses": 11,
      "no_fills": 21,
      "open": 0,
      "pnl": 16.246600000006765,
      "trading_pnl": 16.246600000006765,
      "bonus": 0.0,
      "closed_lots": 0.7000000000000003,
      "equity_start": 951.0738999999917,
      "equity_end": 967.3204999999984,
      "win_rate_pct": 60.71428571428571,
      "pnl_pct": 1.7082373935408075
    },
    {
      "month": "2025-04",
      "signals": 48,
      "wins": 20,
      "losses": 4,
      "no_fills": 20,
      "open": 0,
      "pnl": 105.13570000000573,
      "trading_pnl": 105.13570000000573,
      "bonus": 0.0,
      "closed_lots": 0.6300000000000003,
      "equity_start": 967.3204999999984,
      "equity_end": 1072.4562000000042,
      "win_rate_pct": 83.33333333333334,
      "pnl_pct": 10.86875549520618
    },
    {
      "month": "2025-05",
      "signals": 55,
      "wins": 12,
      "losses": 9,
      "no_fills": 30,
      "open": 0,
      "pnl": -72.36099999999533,
      "trading_pnl": -72.36099999999533,
      "bonus": 0.0,
      "closed_lots": 0.6000000000000003,
      "equity_start": 1072.4562000000042,
      "equity_end": 1000.0952000000088,
      "win_rate_pct": 57.14285714285714,
      "pnl_pct": -6.747221937827861
    },
    {
      "month": "2025-06",
      "signals": 57,
      "wins": 18,
      "losses": 11,
      "no_fills": 26,
      "open": 0,
      "pnl": -17.48529999999755,
      "trading_pnl": -17.48529999999755,
      "bonus": 0.0,
      "closed_lots": 0.7600000000000005,
      "equity_start": 1000.0952000000088,
      "equity_end": 982.6099000000113,
      "win_rate_pct": 62.06896551724138,
      "pnl_pct": -1.7483635557892285
    },
    {
      "month": "2025-07",
      "signals": 55,
      "wins": 12,
      "losses": 12,
      "no_fills": 31,
      "open": 0,
      "pnl": -23.88210000000163,
      "trading_pnl": -23.88210000000163,
      "bonus": 0.0,
      "closed_lots": 0.5700000000000002,
      "equity_start": 982.6099000000113,
      "equity_end": 958.7278000000097,
      "win_rate_pct": 50.0,
      "pnl_pct": -2.4304762245934377
    },
    {
      "month": "2025-08",
      "signals": 52,
      "wins": 14,
      "losses": 11,
      "no_fills": 24,
      "open": 0,
      "pnl": 63.755499999992026,
      "trading_pnl": 63.755499999992026,
      "bonus": 0.0,
      "closed_lots": 0.6300000000000003,
      "equity_start": 958.7278000000097,
      "equity_end": 1022.4833000000017,
      "win_rate_pct": 56.00000000000001,
      "pnl_pct": 6.650010566084699
    },
    {
      "month": "2025-09",
      "signals": 45,
      "wins": 11,
      "losses": 12,
      "no_fills": 17,
      "open": 0,
      "pnl": 110.69189999999571,
      "trading_pnl": 110.69189999999571,
      "bonus": 0.0,
      "closed_lots": 0.6500000000000004,
      "equity_start": 1022.4833000000017,
      "equity_end": 1133.1751999999974,
      "win_rate_pct": 47.82608695652174,
      "pnl_pct": 10.825790504353032
    },
    {
      "month": "2025-10",
      "signals": 51,
      "wins": 20,
      "losses": 6,
      "no_fills": 25,
      "open": 0,
      "pnl": 64.30419999999776,
      "trading_pnl": 64.30419999999776,
      "bonus": 0.0,
      "closed_lots": 0.6500000000000004,
      "equity_start": 1133.1751999999974,
      "equity_end": 1197.4793999999952,
      "win_rate_pct": 76.92307692307693,
      "pnl_pct": 5.674691786406719
    },
    {
      "month": "2025-11",
      "signals": 52,
      "wins": 16,
      "losses": 7,
      "no_fills": 22,
      "open": 0,
      "pnl": -46.16400000000158,
      "trading_pnl": -46.16400000000158,
      "bonus": 0.0,
      "closed_lots": 0.7000000000000004,
      "equity_start": 1197.4793999999952,
      "equity_end": 1151.3153999999936,
      "win_rate_pct": 69.56521739130434,
      "pnl_pct": -3.8550976325773756
    },
    {
      "month": "2025-12",
      "signals": 62,
      "wins": 23,
      "losses": 6,
      "no_fills": 26,
      "open": 0,
      "pnl": 77.49269999999706,
      "trading_pnl": 77.49269999999706,
      "bonus": 0.0,
      "closed_lots": 0.8600000000000004,
      "equity_start": 1151.3153999999936,
      "equity_end": 1228.8080999999906,
      "win_rate_pct": 79.3103448275862,
      "pnl_pct": 6.730796791217896
    },
    {
      "month": "2026-01",
      "signals": 45,
      "wins": 13,
      "losses": 8,
      "no_fills": 17,
      "open": 0,
      "pnl": 94.47179999999389,
      "trading_pnl": 94.47179999999389,
      "bonus": 0.0,
      "closed_lots": 0.6900000000000003,
      "equity_start": 1228.8080999999906,
      "equity_end": 1323.2798999999845,
      "win_rate_pct": 61.904761904761905,
      "pnl_pct": 7.6880840873359
    },
    {
      "month": "2026-02",
      "signals": 53,
      "wins": 17,
      "losses": 2,
      "no_fills": 26,
      "open": 0,
      "pnl": 256.430000000003,
      "trading_pnl": 256.430000000003,
      "bonus": 0.0,
      "closed_lots": 0.6300000000000002,
      "equity_start": 1323.2798999999845,
      "equity_end": 1579.7098999999876,
      "win_rate_pct": 89.47368421052632,
      "pnl_pct": 19.37836432035324
    },
    {
      "month": "2026-03",
      "signals": 64,
      "wins": 27,
      "losses": 5,
      "no_fills": 26,
      "open": 0,
      "pnl": 221.5899999999965,
      "trading_pnl": 221.5899999999965,
      "bonus": 0.0,
      "closed_lots": 0.8900000000000006,
      "equity_start": 1579.7098999999876,
      "equity_end": 1801.299899999984,
      "win_rate_pct": 84.375,
      "pnl_pct": 14.027259055602439
    },
    {
      "month": "2026-04",
      "signals": 55,
      "wins": 13,
      "losses": 5,
      "no_fills": 27,
      "open": 0,
      "pnl": 49.17740000000049,
      "trading_pnl": 49.17740000000049,
      "bonus": 0.0,
      "closed_lots": 0.6700000000000004,
      "equity_start": 1801.299899999984,
      "equity_end": 1850.4772999999846,
      "win_rate_pct": 72.22222222222221,
      "pnl_pct": 2.7301061860937716
    },
    {
      "month": "2026-05",
      "signals": 54,
      "wins": 16,
      "losses": 7,
      "no_fills": 24,
      "open": 0,
      "pnl": 36.65629999999419,
      "trading_pnl": 36.65629999999419,
      "bonus": 0.0,
      "closed_lots": 0.7000000000000003,
      "equity_start": 1850.4772999999846,
      "equity_end": 1887.1335999999787,