{
  "label": "reference scalper24 no-trailing e6 slm2.1 TP3 @1%",
  "edge": 107400.04000000353,
  "oos": 57520.990000003796,
  "dd_at_1pct": 89.85655737705216,
  "net_at_1pct_with_bonus": 3918104939.330455
}
