{
  "rank": 13,
  "candidate_id": "948fdd3e29bab0ae",
  "filter_preset": "self_limit",
  "metrics": {
    "candidate_id": "948fdd3e29bab0ae",
    "filter_preset": "self_limit",
    "passes_recommendation_gate": false,
    "passes_dd": false,
    "passes_edge": true,
    "passes_consistency": true,
    "passes_oos": true,
    "score": 4938.947500000251,
    "fixed_no_bonus_profit": 5595.195000000271,
    "fixed_with_bonus_profit": 6041.26500000036,
    "bonus_contribution": 446.07000000008884,
    "concurrent_risk_max_dd_pct": 88.24526316401776,
    "risk_net_profit_with_bonus": 122069605.54506272,
    "stable_months": 12,
    "total_months": 18,
    "stable_fraction": 0.6666666666666666,
    "worst_month_pnl": -354.86749999999756,
    "oos_fixed_no_bonus_profit": 4835.270000000286
  },
  "monthly": [
    {
      "month": "2025-01",
      "signals": 399,
      "wins": 101,
      "losses": 71,
      "no_fills": 146,
      "open": 0,
      "pnl": 126.57999999999629,
      "trading_pnl": 126.57999999999629,
      "bonus": 0.0,
      "closed_lots": 5.469999999999978,
      "equity_start": 1000.0,
      "equity_end": 1126.5799999999963,
      "win_rate_pct": 58.720930232558146,
      "pnl_pct": 12.657999999999628
    },
    {
      "month": "2025-02",
      "signals": 365,
      "wins": 92,
      "losses": 78,
      "no_fills": 98,
      "open": 0,
      "pnl": 108.3849999999843,
      "trading_pnl": 108.3849999999843,
      "bonus": 0.0,
      "closed_lots": 6.219999999999988,
      "equity_start": 1126.5799999999963,
      "equity_end": 1234.9649999999806,
      "win_rate_pct": 54.11764705882353,
      "pnl_pct": 9.620710468851271
    },
    {
      "month": "2025-03",
      "signals": 384,
      "wins": 103,
      "losses": 106,
      "no_fills": 102,
      "open": 0,
      "pnl": -169.812499999985,
      "trading_pnl": -169.812499999985,
      "bonus": 0.0,
      "closed_lots": 7.039999999999999,
      "equity_start": 1234.9649999999806,
      "equity_end": 1065.1524999999956,
      "win_rate_pct": 49.282296650717704,
      "pnl_pct": -13.750389687156128
    },
    {
      "month": "2025-04",
      "signals": 382,
      "wins": 106,
      "losses": 97,
      "no_fills": 60,
      "open": 0,
      "pnl": 124.85249999998814,
      "trading_pnl": 124.85249999998814,
      "bonus": 0.0,
      "closed_lots": 8.839999999999991,
      "equity_start": 1065.1524999999956,
      "equity_end": 1190.0049999999837,
      "win_rate_pct": 52.21674876847291,
      "pnl_pct": 11.721560997133148
    },
    {
      "month": "2025-05",
      "signals": 388,
      "wins": 92,
      "losses": 100,
      "no_fills": 64,
      "open": 0,
      "pnl": -267.2274999999968,
      "trading_pnl": -267.2274999999968,
      "bonus": 0.0,
      "closed_lots": 8.639999999999993,
      "equity_start": 1190.0049999999837,
      "equity_end": 922.777499999987,
      "win_rate_pct": 47.91666666666667,
      "pnl_pct": -22.4559980840417
    },
    {
      "month": "2025-06",
      "signals": 372,
      "wins": 95,
      "losses": 100,
      "no_fills": 76,
      "open": 0,
      "pnl": -354.86749999999756,
      "trading_pnl": -354.86749999999756,
      "bonus": 0.0,
      "closed_lots": 7.659999999999999,
      "equity_start": 922.777499999987,
      "equity_end": 567.9099999999894,
      "win_rate_pct": 48.717948717948715,
      "pnl_pct": -38.45645347876412
    },
    {
      "month": "2025-07",
      "signals": 421,
      "wins": 121,
      "losses": 90,
      "no_fills": 107,
      "open": 0,
      "pnl": -18.900000000015552,
      "trading_pnl": -18.900000000015552,
      "bonus": 0.0,
      "closed_lots": 7.30999999999999,
      "equity_start": 567.9099999999894,
      "equity_end": 549.0099999999738,
      "win_rate_pct": 57.345971563981045,
      "pnl_pct": -3.327992111428907
    },
    {
      "month": "2025-08",
      "signals": 388,
      "wins": 114,
      "losses": 94,
      "no_fills": 94,
      "open": 0,
      "pnl": -49.64250000002403,
      "trading_pnl": -49.64250000002403,
      "bonus": 0.0,
      "closed_lots": 7.0099999999999865,
      "equity_start": 549.0099999999738,
      "equity_end": 499.3674999999498,
      "win_rate_pct": 54.807692307692314,
      "pnl_pct": -9.042185023957012
    },
    {
      "month": "2025-09",
      "signals": 402,
      "wins": 118,
      "losses": 88,
      "no_fills": 85,
      "open": 0,
      "pnl": 341.81499999997595,
      "trading_pnl": 341.81499999997595,
      "bonus": 0.0,
      "closed_lots": 8.159999999999997,
      "equity_start": 499.3674999999498,
      "equity_end": 841.1824999999258,
      "win_rate_pct": 57.28155339805825,
      "pnl_pct": 68.44958872974519
    },
    {
      "month": "2025-10",
      "signals": 424,
      "wins": 149,
      "losses": 84,
      "no_fills": 56,
      "open": 0,
      "pnl": 724.3624999999829,
      "trading_pnl": 724.3624999999829,
      "bonus": 0.0,
      "closed_lots": 10.159999999999968,
      "equity_start": 841.1824999999258,
      "equity_end": 1565.5449999999087,
      "win_rate_pct": 63.94849785407726,
      "pnl_pct": 86.1124072362474
    },
    {
      "month": "2025-11",
      "signals": 366,
      "wins": 99,
      "losses": 94,
      "no_fills": 41,
      "open": 0,
      "pnl": 164.74250000002348,
      "trading_pnl": 164.74250000002348,
      "bonus": 0.0,
      "closed_lots": 8.849999999999993,
      "equity_start": 1565.5449999999087,
      "equity_end": 1730.2874999999322,
      "win_rate_pct": 51.29533678756477,
      "pnl_pct": 10.52301275274956
    },
    {
      "month": "2025-12",
      "signals": 402,
      "wins": 117,
      "losses": 96,
      "no_fills": 50,
      "open": 0,
      "pnl": 29.63750000005257,
      "trading_pnl": 29.63750000005257,
      "bonus": 0.0,
      "closed_lots": 9.319999999999977,
      "equity_start": 1730.2874999999322,
      "equity_end": 1759.9249999999847,
      "win_rate_pct": 54.929577464788736,
      "pnl_pct": 1.712865636494151
    },
    {
      "month": "2026-01",
      "signals": 397,
      "wins": 125,
      "losses": 79,
      "no_fills": 47,
      "open": 0,
      "pnl": 1094.292500000004,
      "trading_pnl": 1094.292500000004,
      "bonus": 0.0,
      "closed_lots": 9.689999999999978,
      "equity_start": 1759.9249999999847,
      "equity_end": 2854.217499999989,
      "win_rate_pct": 61.274509803921575,
      "pnl_pct": 62.17835987329083
    },
    {
      "month": "2026-02",
      "signals": 362,
      "wins": 134,
      "losses": 63,
      "no_fills": 25,
      "open": 0,
      "pnl": 1903.5775000000222,
      "trading_pnl": 1903.5775000000222,
      "bonus": 0.0,
      "closed_lots": 9.759999999999977,
      "equity_start": 2854.217499999989,
      "equity_end": 4757.795000000011,
      "win_rate_pct": 68.02030456852792,
      "pnl_pct": 66.69349830557866
    },
    {
      "month": "2026-03",
      "signals": 401,
      "wins": 137,
      "losses": 68,
      "no_fills": 30,
      "open": 0,
      "pnl": 1458.2625000000608,
      "trading_pnl": 1458.2625000000608,
      "bonus": 0.0,
      "closed_lots": 10.629999999999956,
      "equity_start": 4757.795000000011,
      "equity_end": 6216.057500000072,
      "win_rate_pct": 66.82926829268293,
      "pnl_pct": 30.649964952253246
    },
    {
      "month": "2026-04",
      "signals": 377,
      "wins": 97,
      "losses": 93,
      "no_fills": 29,
      "open": 0,
      "pnl": 364.2725000000755,
      "trading_pnl": 364.2725000000755,
      "bonus": 0.0,
      "closed_lots": 9.819999999999975,
      "equity_start": 6216.057500000072,
      "equity_end": 6580.330000000147,
      "win_rate_pct": 51.05263157894737,
      "pnl_pct": 5.860185495389503
    },
    {
      "month": "2026-05",
      "signals": 387,
      "wins": 102,
      "losses": 95,
      "no_fills": 39,
      "open": 0,
      "pnl": -67.1574999999084,
      "trading_pnl": -67.1574999999084,
      "bonus": 0.0,
      "closed_lots": 9.769999999999973,
      "equity_start": 6580.330000000147,