{
  "rank": 2,
  "candidate_id": "1c12c691874bfbd7",
  "filter_preset": "self_limit",
  "metrics": {
    "bonus_contribution": 520.6499999997068,
    "candidate_id": "1c12c691874bfbd7",
    "concurrent_risk_max_dd_pct": 76.59140073753353,
    "filter_preset": "self_limit",
    "fixed_no_bonus_profit": 10965.024999998957,
    "fixed_with_bonus_profit": 11485.674999998664,
    "oos_fixed_no_bonus_profit": 8326.684999999383,
    "passes_consistency": true,
    "passes_dd": false,
    "passes_edge": true,
    "passes_oos": true,
    "passes_recommendation_gate": false,
    "risk_net_profit_with_bonus": 22406463105072.305,
    "score": 11219.19208333231,
    "stable_fraction": 0.8333333333333334,
    "stable_months": 15,
    "total_months": 18,
    "worst_month_pnl": -357.0249999999478
  },
  "monthly": [
    {
      "month": "2025-01",
      "signals": 399,
      "wins": 198,
      "losses": 97,
      "no_fills": 104,
      "open": 0,
      "pnl": 185.41500000000997,
      "trading_pnl": 185.41500000000997,
      "bonus": 0.0,
      "closed_lots": 7.930000000000009,
      "equity_start": 1000.0,
      "equity_end": 1185.41500000001,
      "win_rate_pct": 67.11864406779661,
      "pnl_pct": 18.541500000000998
    },
    {
      "month": "2025-02",
      "signals": 365,
      "wins": 222,
      "losses": 78,
      "no_fills": 63,
      "open": 0,
      "pnl": 293.8999999999469,
      "trading_pnl": 293.8999999999469,
      "bonus": 0.0,
      "closed_lots": 8.160000000000005,
      "equity_start": 1185.41500000001,
      "equity_end": 1479.3149999999569,
      "win_rate_pct": 74.0,
      "pnl_pct": 24.79300498137314
    },
    {
      "month": "2025-03",
      "signals": 384,
      "wins": 203,
      "losses": 122,
      "no_fills": 58,
      "open": 0,
      "pnl": -357.0249999999478,
      "trading_pnl": -357.0249999999478,
      "bonus": 0.0,
      "closed_lots": 9.21999999999999,
      "equity_start": 1479.3149999999569,
      "equity_end": 1125.2200000000084,
      "win_rate_pct": 62.46153846153846,
      "pnl_pct": -24.134481161886292
    },
    {
      "month": "2025-04",
      "signals": 382,
      "wins": 241,
      "losses": 103,
      "no_fills": 36,
      "open": 0,
      "pnl": 176.84000000002652,
      "trading_pnl": 176.84000000002652,
      "bonus": 0.0,
      "closed_lots": 10.079999999999972,
      "equity_start": 1122.290000000009,
      "equity_end": 1304.2000000000357,
      "win_rate_pct": 70.05813953488372,
      "pnl_pct": 15.757068137471162
    },
    {
      "month": "2025-05",
      "signals": 388,
      "wins": 251,
      "losses": 99,
      "no_fills": 35,
      "open": 0,
      "pnl": 140.18000000007805,
      "trading_pnl": 140.18000000007805,
      "bonus": 0.0,
      "closed_lots": 10.16999999999997,
      "equity_start": 1299.1300000000356,
      "equity_end": 1439.3100000001136,
      "win_rate_pct": 71.71428571428572,
      "pnl_pct": 10.790298122595447
    },
    {
      "month": "2025-06",
      "signals": 372,
      "wins": 214,
      "losses": 109,
      "no_fills": 47,
      "open": 0,
      "pnl": -252.2299999999841,
      "trading_pnl": -252.2299999999841,
      "bonus": 0.0,
      "closed_lots": 9.22999999999999,
      "equity_start": 1439.3100000001136,
      "equity_end": 1187.0800000001295,
      "win_rate_pct": 66.25386996904025,
      "pnl_pct": -17.524369315850247
    },
    {
      "month": "2025-07",
      "signals": 421,
      "wins": 244,
      "losses": 110,
      "no_fills": 66,
      "open": 0,
      "pnl": 51.27500000001419,
      "trading_pnl": 51.27500000001419,
      "bonus": 0.0,
      "closed_lots": 9.629999999999972,
      "equity_start": 1187.0800000001295,
      "equity_end": 1252.4150000001432,
      "win_rate_pct": 68.92655367231639,
      "pnl_pct": 4.319422448361408
    },
    {
      "month": "2025-08",
      "signals": 388,
      "wins": 200,
      "losses": 128,
      "no_fills": 60,
      "open": 0,
      "pnl": -90.68000000005759,
      "trading_pnl": -90.68000000005759,
      "bonus": 0.0,
      "closed_lots": 9.029999999999989,
      "equity_start": 1233.4050000001434,
      "equity_end": 1147.6750000000861,
      "win_rate_pct": 60.97560975609756,
      "pnl_pct": -7.352005221322035
    },
    {
      "month": "2025-09",
      "signals": 402,
      "wins": 238,
      "losses": 110,
      "no_fills": 50,
      "open": 0,
      "pnl": 130.23499999992782,
      "trading_pnl": 130.23499999992782,
      "bonus": 0.0,
      "closed_lots": 9.949999999999969,
      "equity_start": 1147.6750000000861,
      "equity_end": 1282.530000000013,
      "win_rate_pct": 68.39080459770115,
      "pnl_pct": 11.347724747852663
    },
    {
      "month": "2025-10",
      "signals": 424,
      "wins": 296,
      "losses": 85,
      "no_fills": 35,
      "open": 0,
      "pnl": 1555.8299999998558,
      "trading_pnl": 1555.8299999998558,
      "bonus": 0.0,
      "closed_lots": 11.269999999999946,
      "equity_start": 1277.910000000014,
      "equity_end": 2833.7399999998697,
      "win_rate_pct": 77.69028871391076,
      "pnl_pct": 121.74801042325663
    },
    {
      "month": "2025-11",
      "signals": 366,
      "wins": 254,
      "losses": 87,
      "no_fills": 25,
      "open": 0,
      "pnl": 555.7349999998751,
      "trading_pnl": 555.7349999998751,
      "bonus": 0.0,
      "closed_lots": 9.839999999999979,
      "equity_start": 2833.7399999998697,
      "equity_end": 3389.474999999745,
      "win_rate_pct": 74.48680351906158,
      "pnl_pct": 19.611361663381278
    },
    {
      "month": "2025-12",
      "signals": 402,
      "wins": 263,
      "losses": 109,
      "no_fills": 28,
      "open": 0,
      "pnl": 248.8649999998288,
      "trading_pnl": 248.8649999998288,
      "bonus": 0.0,
      "closed_lots": 10.759999999999955,
      "equity_start": 3389.474999999745,
      "equity_end": 3638.3399999995736,
      "win_rate_pct": 70.6989247311828,
      "pnl_pct": 7.342287522399414
    },
    {
      "month": "2026-01",
      "signals": 397,
      "wins": 280,
      "losses": 74,
      "no_fills": 30,
      "open": 0,
      "pnl": 1658.4399999998022,
      "trading_pnl": 1658.4399999998022,
      "bonus": 0.0,
      "closed_lots": 10.709999999999958,
      "equity_start": 3638.3399999995736,
      "equity_end": 5296.779999999376,
      "win_rate_pct": 79.09604519774011,
      "pnl_pct": 45.582326005815744
    },
    {
      "month": "2026-02",
      "signals": 362,
      "wins": 269,
      "losses": 61,
      "no_fills": 13,
      "open": 0,
      "pnl": 2370.7899999998444,
      "trading_pnl": 2370.7899999998444,
      "bonus": 0.0,
      "closed_lots": 10.269999999999971,
      "equity_start": 5296.779999999376,
      "equity_end": 7667.56999999922,
      "win_rate_pct": 81.51515151515152,
      "pnl_pct": 44.75908004485978
    },
    {
      "month": "2026-03",
      "signals": 401,
      "wins": 294,
      "losses": 56,
      "no_fills": 17,
      "open": 0,
      "pnl": 2526.8949999999413,
      "trading_pnl": 2526.8949999999413,
      "bonus": 0.0,
      "closed_lots": 11.339999999999947,
      "equity_start": 7667.56999999922,
      "equity_end": 10205.094999999166,
      "win_rate_pct": 84.0,
      "pnl_pct": 32.95561696861194
    },
    {
      "month": "2026-04",
      "signals": 377,
      "wins": 257,
      "losses": 91,
      "no_fills": 18,
      "open": 0,
      "pnl": 683.5199999999131,
      "trading_pnl": 683.5199999999131,
      "bonus": 0.0,
      "closed_lots": 10.469999999999967,
      "equity_start": 10164.734999999167,
      "equity_end": 10886.734999999075,
      "win_rate_pct": 73.85057471264368,
      "pnl_pct": 6.724425181767839
    },
    {
      "month": "2026-05",
      "signals": 387,
      "wins": 264,
      "losses": 96,
      "no_fills": 24,
      "open": 0,
      "pnl": 595.6149999999107,
      "trading_pnl": 595.6149999999107,
      "bonus": 0.0,
      "closed_lots": 10.669999999999963,
      "equity_start": 10876.314999999075,