{
  "rank": 10,
  "candidate_id": "e8f04604221f8280",
  "filter_preset": "self_limit",
  "metrics": {
    "bonus_contribution": 493.2000000001335,
    "candidate_id": "e8f04604221f8280",
    "concurrent_risk_max_dd_pct": 92.32473544973818,
    "filter_preset": "self_limit",
    "fixed_no_bonus_profit": 7225.110000000252,
    "fixed_with_bonus_profit": 7718.310000000385,
    "oos_fixed_no_bonus_profit": 5973.170000000624,
    "passes_consistency": true,
    "passes_dd": false,
    "passes_edge": true,
    "passes_oos": true,
    "passes_recommendation_gate": false,
    "risk_net_profit_with_bonus": 47124824.73002342,
    "score": 6711.427500000337,
    "stable_fraction": 0.7222222222222222,
    "stable_months": 13,
    "total_months": 18,
    "worst_month_pnl": -366.699999999988
  },
  "monthly": [
    {
      "month": "2025-01",
      "signals": 399,
      "wins": 135,
      "losses": 128,
      "no_fills": 136,
      "open": 0,
      "pnl": 76.58999999999696,
      "trading_pnl": 76.58999999999696,
      "bonus": 0.0,
      "closed_lots": 6.839999999999992,
      "equity_start": 1000.0,
      "equity_end": 1076.589999999997,
      "win_rate_pct": 51.33079847908745,
      "pnl_pct": 7.658999999999697
    },
    {
      "month": "2025-02",
      "signals": 365,
      "wins": 145,
      "losses": 123,
      "no_fills": 94,
      "open": 0,
      "pnl": 102.91999999992231,
      "trading_pnl": 102.91999999992231,
      "bonus": 0.0,
      "closed_lots": 7.350000000000005,
      "equity_start": 1076.589999999997,
      "equity_end": 1179.5099999999193,
      "win_rate_pct": 54.1044776119403,
      "pnl_pct": 9.559813856707065
    },
    {
      "month": "2025-03",
      "signals": 384,
      "wins": 158,
      "losses": 149,
      "no_fills": 77,
      "open": 0,
      "pnl": -225.70999999995138,
      "trading_pnl": -225.70999999995138,
      "bonus": 0.0,
      "closed_lots": 8.600000000000001,
      "equity_start": 1179.5099999999193,
      "equity_end": 986.0499999999665,
      "win_rate_pct": 51.465798045602604,
      "pnl_pct": -19.135912370388283
    },
    {
      "month": "2025-04",
      "signals": 382,
      "wins": 173,
      "losses": 163,
      "no_fills": 46,
      "open": 0,
      "pnl": 762.7699999999745,
      "trading_pnl": 762.7699999999745,
      "bonus": 0.0,
      "closed_lots": 9.659999999999975,
      "equity_start": 932.2999999999688,
      "equity_end": 1752.0399999999436,
      "win_rate_pct": 51.488095238095234,
      "pnl_pct": 81.81593907540491
    },
    {
      "month": "2025-05",
      "signals": 388,
      "wins": 170,
      "losses": 168,
      "no_fills": 50,
      "open": 0,
      "pnl": 177.89000000003216,
      "trading_pnl": 177.89000000003216,
      "bonus": 0.0,
      "closed_lots": 9.669999999999979,
      "equity_start": 1716.5699999999424,
      "equity_end": 1894.4599999999746,
      "win_rate_pct": 50.29585798816568,
      "pnl_pct": 10.363107825491422
    },
    {
      "month": "2025-06",
      "signals": 372,
      "wins": 148,
      "losses": 156,
      "no_fills": 66,
      "open": 0,
      "pnl": -286.02999999999565,
      "trading_pnl": -286.02999999999565,
      "bonus": 0.0,
      "closed_lots": 8.68,
      "equity_start": 1894.4599999999746,
      "equity_end": 1608.429999999979,
      "win_rate_pct": 48.68421052631579,
      "pnl_pct": -15.098233797493718
    },
    {
      "month": "2025-07",
      "signals": 421,
      "wins": 162,
      "losses": 157,
      "no_fills": 102,
      "open": 0,
      "pnl": -209.56000000001404,
      "trading_pnl": -209.56000000001404,
      "bonus": 0.0,
      "closed_lots": 8.629999999999997,
      "equity_start": 1608.429999999979,
      "equity_end": 1408.9799999999645,
      "win_rate_pct": 50.78369905956113,
      "pnl_pct": -13.028854224306732
    },
    {
      "month": "2025-08",
      "signals": 388,
      "wins": 140,
      "losses": 156,
      "no_fills": 92,
      "open": 0,
      "pnl": -211.32000000008748,
      "trading_pnl": -211.32000000008748,
      "bonus": 0.0,
      "closed_lots": 8.200000000000005,
      "equity_start": 1389.1099999999647,
      "equity_end": 1187.5499999998774,
      "win_rate_pct": 47.2972972972973,
      "pnl_pct": -15.212618151197017
    },
    {
      "month": "2025-09",
      "signals": 402,
      "wins": 174,
      "losses": 160,
      "no_fills": 68,
      "open": 0,
      "pnl": 218.50999999989426,
      "trading_pnl": 218.50999999989426,
      "bonus": 0.0,
      "closed_lots": 9.319999999999984,
      "equity_start": 1187.5499999998774,
      "equity_end": 1417.0099999997706,
      "win_rate_pct": 52.09580838323353,
      "pnl_pct": 18.400067365577602
    },
    {
      "month": "2025-10",
      "signals": 424,
      "wins": 209,
      "losses": 167,
      "no_fills": 48,
      "open": 0,
      "pnl": 869.179999999908,
      "trading_pnl": 869.179999999908,
      "bonus": 0.0,
      "closed_lots": 10.869999999999957,
      "equity_start": 1406.0599999997717,
      "equity_end": 2275.2399999996796,
      "win_rate_pct": 55.58510638297872,
      "pnl_pct": 61.81670767961888
    },
    {
      "month": "2025-11",
      "signals": 366,
      "wins": 164,
      "losses": 162,
      "no_fills": 40,
      "open": 0,
      "pnl": 343.39999999993415,
      "trading_pnl": 343.39999999993415,
      "bonus": 0.0,
      "closed_lots": 9.459999999999987,
      "equity_start": 2275.2399999996796,
      "equity_end": 2618.639999999614,
      "win_rate_pct": 50.306748466257666,
      "pnl_pct": 15.092913275082298
    },
    {
      "month": "2025-12",
      "signals": 402,
      "wins": 170,
      "losses": 188,
      "no_fills": 44,
      "open": 0,
      "pnl": -366.699999999988,
      "trading_pnl": -366.699999999988,
      "bonus": 0.0,
      "closed_lots": 10.299999999999967,
      "equity_start": 2618.639999999614,
      "equity_end": 2251.939999999626,
      "win_rate_pct": 47.486033519553075,
      "pnl_pct": -14.003452173648997
    },
    {
      "month": "2026-01",
      "signals": 397,
      "wins": 199,
      "losses": 156,
      "no_fills": 42,
      "open": 0,
      "pnl": 1358.9500000000162,
      "trading_pnl": 1358.9500000000162,
      "bonus": 0.0,
      "closed_lots": 10.329999999999968,
      "equity_start": 2251.939999999626,
      "equity_end": 3610.889999999642,
      "win_rate_pct": 56.056338028169016,
      "pnl_pct": 60.34574633428254
    },
    {
      "month": "2026-02",
      "signals": 362,
      "wins": 179,
      "losses": 161,
      "no_fills": 22,
      "open": 0,
      "pnl": 1742.440000000096,
      "trading_pnl": 1742.440000000096,
      "bonus": 0.0,
      "closed_lots": 10.119999999999974,
      "equity_start": 3610.889999999642,
      "equity_end": 5353.329999999738,
      "win_rate_pct": 52.64705882352941,
      "pnl_pct": 48.25513931469164
    },
    {
      "month": "2026-03",
      "signals": 401,
      "wins": 208,
      "losses": 170,
      "no_fills": 23,
      "open": 0,
      "pnl": 1573.670000000162,
      "trading_pnl": 1573.670000000162,
      "bonus": 0.0,
      "closed_lots": 11.139999999999953,
      "equity_start": 5353.329999999738,
      "equity_end": 7037.769999999902,
      "win_rate_pct": 55.026455026455025,
      "pnl_pct": 29.396095514385234
    },
    {
      "month": "2026-04",
      "signals": 377,
      "wins": 164,
      "losses": 184,
      "no_fills": 29,
      "open": 0,
      "pnl": 428.54000000015003,
      "trading_pnl": 428.54000000015003,
      "bonus": 0.0,
      "closed_lots": 10.239999999999972,
      "equity_start": 6893.0799999999,
      "equity_end": 7365.80000000005,
      "win_rate_pct": 47.12643678160919,
      "pnl_pct": 6.216959617473702
    },
    {
      "month": "2026-05",
      "signals": 387,
      "wins": 181,
      "losses": 174,
      "no_fills": 32,
      "open": 0,
      "pnl": 668.510000000143,
      "trading_pnl": 668.510000000143,
      "bonus": 0.0,
      "closed_lots": 10.369999999999969,
      "equity_start": 7355.54000000005,