{
  "rank": 12,
  "candidate_id": "616763d46776b319",
  "filter_preset": "self_limit",
  "metrics": {
    "candidate_id": "616763d46776b319",
    "filter_preset": "self_limit",
    "passes_recommendation_gate": false,
    "passes_dd": false,
    "passes_edge": true,
    "passes_consistency": true,
    "passes_oos": true,
    "score": 5017.388888888862,
    "fixed_no_bonus_profit": 5241.289999999884,
    "fixed_with_bonus_profit": 5583.710000000253,
    "bonus_contribution": 342.4200000003693,
    "concurrent_risk_max_dd_pct": 86.89122270105783,
    "risk_net_profit_with_bonus": 609035.0500001073,
    "stable_months": 14,
    "total_months": 18,
    "stable_fraction": 0.7777777777777778,
    "worst_month_pnl": -300.86999999999307,
    "oos_fixed_no_bonus_profit": 3763.320000000257
  },
  "monthly": [
    {
      "month": "2025-01",
      "signals": 399,
      "wins": 149,
      "losses": 137,
      "no_fills": 113,
      "open": 0,
      "pnl": 250.8600000000033,
      "trading_pnl": 250.8600000000033,
      "bonus": 0.0,
      "closed_lots": 5.039999999999974,
      "equity_start": 1000.0,
      "equity_end": 1250.8600000000033,
      "win_rate_pct": 52.09790209790209,
      "pnl_pct": 25.08600000000033
    },
    {
      "month": "2025-02",
      "signals": 365,
      "wins": 152,
      "losses": 139,
      "no_fills": 74,
      "open": 0,
      "pnl": 154.7899999999404,
      "trading_pnl": 154.7899999999404,
      "bonus": 0.0,
      "closed_lots": 5.37999999999997,
      "equity_start": 1250.8600000000033,
      "equity_end": 1405.6499999999437,
      "win_rate_pct": 52.23367697594502,
      "pnl_pct": 12.374686215878675
    },
    {
      "month": "2025-03",
      "signals": 384,
      "wins": 177,
      "losses": 139,
      "no_fills": 68,
      "open": 0,
      "pnl": 70.19000000004371,
      "trading_pnl": 70.19000000004371,
      "bonus": 0.0,
      "closed_lots": 5.979999999999957,
      "equity_start": 1405.6499999999437,
      "equity_end": 1483.4399999999864,
      "win_rate_pct": 56.0126582278481,
      "pnl_pct": 4.993419414509055
    },
    {
      "month": "2025-04",
      "signals": 382,
      "wins": 200,
      "losses": 141,
      "no_fills": 41,
      "open": 0,
      "pnl": 244.41999999998325,
      "trading_pnl": 244.41999999998325,
      "bonus": 0.0,
      "closed_lots": 6.569999999999945,
      "equity_start": 1459.4699999999875,
      "equity_end": 1782.4099999999703,
      "win_rate_pct": 58.65102639296188,
      "pnl_pct": 16.74717534447336
    },
    {
      "month": "2025-05",
      "signals": 388,
      "wins": 188,
      "losses": 154,
      "no_fills": 46,
      "open": 0,
      "pnl": 187.1000000000322,
      "trading_pnl": 187.1000000000322,
      "bonus": 0.0,
      "closed_lots": 6.609999999999946,
      "equity_start": 1720.2599999999707,
      "equity_end": 1907.3600000000029,
      "win_rate_pct": 54.97076023391813,
      "pnl_pct": 10.876262890495354
    },
    {
      "month": "2025-06",
      "signals": 372,
      "wins": 168,
      "losses": 147,
      "no_fills": 56,
      "open": 0,
      "pnl": -300.86999999999307,
      "trading_pnl": -300.86999999999307,
      "bonus": 0.0,
      "closed_lots": 6.049999999999958,
      "equity_start": 1907.3600000000029,
      "equity_end": 1606.4900000000098,
      "win_rate_pct": 53.333333333333336,
      "pnl_pct": -15.774159047059424
    },
    {
      "month": "2025-07",
      "signals": 421,
      "wins": 170,
      "losses": 163,
      "no_fills": 87,
      "open": 0,
      "pnl": -218.27000000001453,
      "trading_pnl": -218.27000000001453,
      "bonus": 0.0,
      "closed_lots": 6.179999999999953,
      "equity_start": 1606.4900000000098,
      "equity_end": 1424.8699999999958,
      "win_rate_pct": 51.051051051051054,
      "pnl_pct": -13.586763689784137
    },
    {
      "month": "2025-08",
      "signals": 388,
      "wins": 160,
      "losses": 158,
      "no_fills": 70,
      "open": 0,
      "pnl": -234.0800000000704,
      "trading_pnl": -234.0800000000704,
      "bonus": 0.0,
      "closed_lots": 5.979999999999958,
      "equity_start": 1384.729999999995,
      "equity_end": 1154.1399999999248,
      "win_rate_pct": 50.314465408805034,
      "pnl_pct": -16.904378470898386
    },
    {
      "month": "2025-09",
      "signals": 402,
      "wins": 196,
      "losses": 149,
      "no_fills": 57,
      "open": 0,
      "pnl": 340.73999999991656,
      "trading_pnl": 340.73999999991656,
      "bonus": 0.0,
      "closed_lots": 6.539999999999946,
      "equity_start": 1154.1399999999248,
      "equity_end": 1532.289999999838,
      "win_rate_pct": 56.811594202898554,
      "pnl_pct": 29.523281404330387
    },
    {
      "month": "2025-10",
      "signals": 424,
      "wins": 247,
      "losses": 133,
      "no_fills": 44,
      "open": 0,
      "pnl": 837.0299999999129,
      "trading_pnl": 837.0299999999129,
      "bonus": 0.0,
      "closed_lots": 7.4399999999999284,
      "equity_start": 1487.799999999842,
      "equity_end": 2331.9099999997543,
      "win_rate_pct": 65.0,
      "pnl_pct": 56.25957790025553
    },
    {
      "month": "2025-11",
      "signals": 366,
      "wins": 185,
      "losses": 152,
      "no_fills": 29,
      "open": 0,
      "pnl": 273.3499999999376,
      "trading_pnl": 273.3499999999376,
      "bonus": 0.0,
      "closed_lots": 6.559999999999947,
      "equity_start": 2331.9099999997543,
      "equity_end": 2605.259999999692,
      "win_rate_pct": 54.89614243323442,
      "pnl_pct": 11.722150511810765
    },
    {
      "month": "2025-12",
      "signals": 402,
      "wins": 204,
      "losses": 165,
      "no_fills": 33,
      "open": 0,
      "pnl": -127.29000000006545,
      "trading_pnl": -127.29000000006545,
      "bonus": 0.0,
      "closed_lots": 7.179999999999933,
      "equity_start": 2605.259999999692,
      "equity_end": 2477.9699999996265,
      "win_rate_pct": 55.28455284552846,
      "pnl_pct": -4.885884710166375
    },
    {
      "month": "2026-01",
      "signals": 397,
      "wins": 230,
      "losses": 130,
      "no_fills": 37,
      "open": 0,
      "pnl": 883.3099999999613,
      "trading_pnl": 883.3099999999613,
      "bonus": 0.0,
      "closed_lots": 7.039999999999937,
      "equity_start": 2477.9699999996265,
      "equity_end": 3361.2799999995877,
      "win_rate_pct": 63.888888888888886,
      "pnl_pct": 35.646517108766226
    },
    {
      "month": "2026-02",
      "signals": 362,
      "wins": 228,
      "losses": 116,
      "no_fills": 18,
      "open": 0,
      "pnl": 1456.0400000000272,
      "trading_pnl": 1456.0400000000272,
      "bonus": 0.0,
      "closed_lots": 6.849999999999942,
      "equity_start": 3361.2799999995877,
      "equity_end": 4817.319999999615,
      "win_rate_pct": 66.27906976744185,
      "pnl_pct": 43.31802170602288
    },
    {
      "month": "2026-03",
      "signals": 401,
      "wins": 230,
      "losses": 150,
      "no_fills": 21,
      "open": 0,
      "pnl": 396.75000000009186,
      "trading_pnl": 396.75000000009186,
      "bonus": 0.0,
      "closed_lots": 7.489999999999928,
      "equity_start": 4817.319999999615,
      "equity_end": 5249.359999999707,
      "win_rate_pct": 60.526315789473685,
      "pnl_pct": 8.235907101876636
    },
    {
      "month": "2026-04",
      "signals": 377,
      "wins": 210,
      "losses": 145,
      "no_fills": 22,
      "open": 0,
      "pnl": 96.96000000008189,
      "trading_pnl": 96.96000000008189,
      "bonus": 0.0,
      "closed_lots": 6.989999999999939,
      "equity_start": 5186.809999999706,
      "equity_end": 5305.36999999979,
      "win_rate_pct": 59.154929577464785,
      "pnl_pct": 1.8693570807507387
    },
    {
      "month": "2026-05",
      "signals": 387,
      "wins": 221,
      "losses": 138,
      "no_fills": 28,
      "open": 0,
      "pnl": 558.8500000000668,
      "trading_pnl": 558.8500000000668,
      "bonus": 0.0,
      "closed_lots": 7.049999999999938,