{
  "rank": 3,
  "candidate_id": "459c9cf43bdad985",
  "filter_preset": "self_limit",
  "metrics": {
    "candidate_id": "459c9cf43bdad985",
    "filter_preset": "self_limit",
    "passes_recommendation_gate": false,
    "passes_dd": false,
    "passes_edge": true,
    "passes_consistency": true,
    "passes_oos": true,
    "score": 11186.467222221594,
    "fixed_no_bonus_profit": 12368.439999999235,
    "fixed_with_bonus_profit": 12816.369999999064,
    "bonus_contribution": 447.9299999998293,
    "concurrent_risk_max_dd_pct": 78.13259880748183,
    "risk_net_profit_with_bonus": 171010431328.67795,
    "stable_months": 13,
    "total_months": 18,
    "stable_fraction": 0.7222222222222222,
    "worst_month_pnl": -323.6599999999394,
    "oos_fixed_no_bonus_profit": 9014.819999999701
  },
  "monthly": [
    {
      "month": "2025-01",
      "signals": 399,
      "wins": 142,
      "losses": 109,
      "no_fills": 148,
      "open": 0,
      "pnl": 151.49000000000206,
      "trading_pnl": 151.49000000000206,
      "bonus": 0.0,
      "closed_lots": 5.429999999999978,
      "equity_start": 1000.0,
      "equity_end": 1151.490000000002,
      "win_rate_pct": 56.573705179282875,
      "pnl_pct": 15.149000000000207
    },
    {
      "month": "2025-02",
      "signals": 365,
      "wins": 162,
      "losses": 107,
      "no_fills": 96,
      "open": 0,
      "pnl": -34.37000000007902,
      "trading_pnl": -34.37000000007902,
      "bonus": 0.0,
      "closed_lots": 6.209999999999988,
      "equity_start": 1151.490000000002,
      "equity_end": 1117.119999999923,
      "win_rate_pct": 60.223048327137555,
      "pnl_pct": -2.9848283528366686
    },
    {
      "month": "2025-03",
      "signals": 384,
      "wins": 130,
      "losses": 153,
      "no_fills": 101,
      "open": 0,
      "pnl": -323.6599999999394,
      "trading_pnl": -323.6599999999394,
      "bonus": 0.0,
      "closed_lots": 7.019999999999998,
      "equity_start": 1117.119999999923,
      "equity_end": 793.4599999999837,
      "win_rate_pct": 45.936395759717314,
      "pnl_pct": -28.97271555427901
    },
    {
      "month": "2025-04",
      "signals": 382,
      "wins": 201,
      "losses": 131,
      "no_fills": 50,
      "open": 0,
      "pnl": 1013.770000000015,
      "trading_pnl": 1013.770000000015,
      "bonus": 0.0,
      "closed_lots": 8.999999999999986,
      "equity_start": 793.4599999999837,
      "equity_end": 1811.1999999999985,
      "win_rate_pct": 60.54216867469879,
      "pnl_pct": 127.76573488267032
    },
    {
      "month": "2025-05",
      "signals": 388,
      "wins": 180,
      "losses": 149,
      "no_fills": 59,
      "open": 0,
      "pnl": 354.63000000007787,
      "trading_pnl": 354.63000000007787,
      "bonus": 0.0,
      "closed_lots": 8.71999999999999,
      "equity_start": 1807.2299999999987,
      "equity_end": 2161.8600000000765,
      "win_rate_pct": 54.7112462006079,
      "pnl_pct": 19.62284822629539
    },
    {
      "month": "2025-06",
      "signals": 372,
      "wins": 156,
      "losses": 140,
      "no_fills": 76,
      "open": 0,
      "pnl": -262.2399999999848,
      "trading_pnl": -262.2399999999848,
      "bonus": 0.0,
      "closed_lots": 7.649999999999999,
      "equity_start": 2161.8600000000765,
      "equity_end": 1899.6200000000917,
      "win_rate_pct": 52.702702702702695,
      "pnl_pct": -12.130295208754289
    },
    {
      "month": "2025-07",
      "signals": 421,
      "wins": 157,
      "losses": 156,
      "no_fills": 108,
      "open": 0,
      "pnl": -209.11000000000968,
      "trading_pnl": -209.11000000000968,
      "bonus": 0.0,
      "closed_lots": 7.23999999999999,
      "equity_start": 1899.6200000000917,
      "equity_end": 1690.510000000082,
      "win_rate_pct": 50.159744408945684,
      "pnl_pct": -11.007991071898568
    },
    {
      "month": "2025-08",
      "signals": 388,
      "wins": 142,
      "losses": 152,
      "no_fills": 93,
      "open": 0,
      "pnl": -300.4000000000783,
      "trading_pnl": -300.4000000000783,
      "bonus": 0.0,
      "closed_lots": 6.969999999999986,
      "equity_start": 1690.510000000082,
      "equity_end": 1390.1100000000038,
      "win_rate_pct": 48.29931972789115,
      "pnl_pct": -17.769785449365205
    },
    {
      "month": "2025-09",
      "signals": 402,
      "wins": 180,
      "losses": 139,
      "no_fills": 83,
      "open": 0,
      "pnl": 253.45999999989772,
      "trading_pnl": 253.45999999989772,
      "bonus": 0.0,
      "closed_lots": 8.139999999999997,
      "equity_start": 1390.1100000000038,
      "equity_end": 1643.5699999999015,
      "win_rate_pct": 56.42633228840125,
      "pnl_pct": 18.233089467732555
    },
    {
      "month": "2025-10",
      "signals": 424,
      "wins": 247,
      "losses": 126,
      "no_fills": 51,
      "open": 0,
      "pnl": 1619.9799999998536,
      "trading_pnl": 1619.9799999998536,
      "bonus": 0.0,
      "closed_lots": 10.219999999999967,
      "equity_start": 1643.5699999999015,
      "equity_end": 3263.549999999755,
      "win_rate_pct": 66.21983914209115,
      "pnl_pct": 98.5647097476804
    },
    {
      "month": "2025-11",
      "signals": 366,
      "wins": 193,
      "losses": 136,
      "no_fills": 37,
      "open": 0,
      "pnl": 613.3899999998735,
      "trading_pnl": 613.3899999998735,
      "bonus": 0.0,
      "closed_lots": 8.91999999999999,
      "equity_start": 3263.549999999755,
      "equity_end": 3876.9399999996285,
      "win_rate_pct": 58.662613981762924,
      "pnl_pct": 18.795177031144597
    },
    {
      "month": "2025-12",
      "signals": 402,
      "wins": 211,
      "losses": 144,
      "no_fills": 47,
      "open": 0,
      "pnl": 476.67999999987296,
      "trading_pnl": 476.67999999987296,
      "bonus": 0.0,
      "closed_lots": 9.359999999999976,
      "equity_start": 3876.9399999996285,
      "equity_end": 4353.6199999995015,
      "win_rate_pct": 59.436619718309856,
      "pnl_pct": 12.295263790513102
    },
    {
      "month": "2026-01",
      "signals": 397,
      "wins": 229,
      "losses": 126,
      "no_fills": 41,
      "open": 0,
      "pnl": 1903.929999999852,
      "trading_pnl": 1903.929999999852,
      "bonus": 0.0,
      "closed_lots": 9.809999999999972,
      "equity_start": 4353.6199999995015,
      "equity_end": 6257.5499999993535,
      "win_rate_pct": 64.50704225352113,
      "pnl_pct": 43.73211258676849
    },
    {
      "month": "2026-02",
      "signals": 362,
      "wins": 223,
      "losses": 120,
      "no_fills": 19,
      "open": 0,
      "pnl": 2923.2599999999,
      "trading_pnl": 2923.2599999999,
      "bonus": 0.0,
      "closed_lots": 9.809999999999976,
      "equity_start": 6257.5499999993535,
      "equity_end": 9180.809999999252,
      "win_rate_pct": 65.01457725947522,
      "pnl_pct": 46.71572740130246
    },
    {
      "month": "2026-03",
      "signals": 401,
      "wins": 233,
      "losses": 143,
      "no_fills": 25,
      "open": 0,
      "pnl": 2129.9699999999775,
      "trading_pnl": 2129.9699999999775,
      "bonus": 0.0,
      "closed_lots": 10.739999999999954,
      "equity_start": 9180.809999999252,
      "equity_end": 11310.779999999253,
      "win_rate_pct": 61.96808510638297,
      "pnl_pct": 23.200240501656726
    },
    {
      "month": "2026-04",
      "signals": 377,
      "wins": 194,
      "losses": 158,
      "no_fills": 25,
      "open": 0,
      "pnl": 557.2099999999864,
      "trading_pnl": 557.2099999999864,
      "bonus": 0.0,
      "closed_lots": 9.849999999999975,
      "equity_start": 11310.779999999253,
      "equity_end": 11867.98999999926,
      "win_rate_pct": 55.11363636363637,
      "pnl_pct": 4.926362284475723
    },
    {
      "month": "2026-05",
      "signals": 387,
      "wins": 209,
      "losses": 142,
      "no_fills": 36,
      "open": 0,
      "pnl": 923.919999999971,
      "trading_pnl": 923.919999999971,
      "bonus": 0.0,
      "closed_lots": 9.819999999999972,