{
  "rank": 8,
  "candidate_id": "7f0a5e6f161a92d7",
  "filter_preset": "self_limit",
  "metrics": {
    "candidate_id": "7f0a5e6f161a92d7",
    "filter_preset": "self_limit",
    "passes_recommendation_gate": false,
    "passes_dd": false,
    "passes_edge": true,
    "passes_consistency": true,
    "passes_oos": true,
    "score": 7660.52601852075,
    "fixed_no_bonus_profit": 7860.576666668843,
    "fixed_with_bonus_profit": 8542.65666666838,
    "bonus_contribution": 682.0799999995361,
    "concurrent_risk_max_dd_pct": 100.10120011359523,
    "risk_net_profit_with_bonus": -1002.8450000001257,
    "stable_months": 14,
    "total_months": 18,
    "stable_fraction": 0.7777777777777778,
    "worst_month_pnl": -804.3783333333577,
    "oos_fixed_no_bonus_profit": 6186.976666668817
  },
  "monthly": [
    {
      "month": "2025-01",
      "signals": 399,
      "wins": 146,
      "losses": 140,
      "no_fills": 113,
      "open": 0,
      "pnl": 772.6733333333423,
      "trading_pnl": 772.6733333333423,
      "bonus": 0.0,
      "closed_lots": 10.279999999999955,
      "equity_start": 1000.0,
      "equity_end": 1772.6733333333423,
      "win_rate_pct": 51.048951048951054,
      "pnl_pct": 77.26733333333424
    },
    {
      "month": "2025-02",
      "signals": 365,
      "wins": 138,
      "losses": 150,
      "no_fills": 77,
      "open": 0,
      "pnl": 15.441666666547007,
      "trading_pnl": 15.441666666547007,
      "bonus": 0.0,
      "closed_lots": 10.789999999999946,
      "equity_start": 1772.6733333333423,
      "equity_end": 1788.1149999998893,
      "win_rate_pct": 47.91666666666667,
      "pnl_pct": 0.8710948811708265
    },
    {
      "month": "2025-03",
      "signals": 384,
      "wins": 160,
      "losses": 156,
      "no_fills": 68,
      "open": 0,
      "pnl": 494.20166666674095,
      "trading_pnl": 494.20166666674095,
      "bonus": 0.0,
      "closed_lots": 12.049999999999919,
      "equity_start": 1788.1149999998893,
      "equity_end": 2235.816666666628,
      "win_rate_pct": 50.63291139240506,
      "pnl_pct": 27.638136622463964
    },
    {
      "month": "2025-04",
      "signals": 382,
      "wins": 135,
      "losses": 200,
      "no_fills": 47,
      "open": 0,
      "pnl": 34.89166666662686,
      "trading_pnl": 34.89166666662686,
      "bonus": 0.0,
      "closed_lots": 13.0299999999999,
      "equity_start": 2241.2266666666314,
      "equity_end": 2503.101666666589,
      "win_rate_pct": 40.298507462686565,
      "pnl_pct": 1.5568111510345857
    },
    {
      "month": "2025-05",
      "signals": 388,
      "wins": 144,
      "losses": 195,
      "no_fills": 49,
      "open": 0,
      "pnl": 268.5883333333609,
      "trading_pnl": 268.5883333333609,
      "bonus": 0.0,
      "closed_lots": 13.259999999999895,
      "equity_start": 2317.208333333257,
      "equity_end": 2585.796666666618,
      "win_rate_pct": 42.47787610619469,
      "pnl_pct": 11.591030874077775
    },
    {
      "month": "2025-06",
      "signals": 372,
      "wins": 140,
      "losses": 175,
      "no_fills": 56,
      "open": 0,
      "pnl": -354.93499999999995,
      "trading_pnl": -354.93499999999995,
      "bonus": 0.0,
      "closed_lots": 12.169999999999916,
      "equity_start": 2585.796666666618,
      "equity_end": 2230.861666666618,
      "win_rate_pct": 44.44444444444444,
      "pnl_pct": -13.726330634401776
    },
    {
      "month": "2025-07",
      "signals": 421,
      "wins": 160,
      "losses": 174,
      "no_fills": 87,
      "open": 0,
      "pnl": -804.3783333333577,
      "trading_pnl": -804.3783333333577,
      "bonus": 0.0,
      "closed_lots": 12.37999999999991,
      "equity_start": 2230.861666666618,
      "equity_end": 1453.8233333332632,
      "win_rate_pct": 47.90419161676647,
      "pnl_pct": -36.05684500084983
    },
    {
      "month": "2025-08",
      "signals": 388,
      "wins": 162,
      "losses": 157,
      "no_fills": 69,
      "open": 0,
      "pnl": 402.21166666654517,
      "trading_pnl": 402.21166666654517,
      "bonus": 0.0,
      "closed_lots": 12.129999999999916,
      "equity_start": 1421.1033333332607,
      "equity_end": 1828.6949999998055,
      "win_rate_pct": 50.78369905956113,
      "pnl_pct": 28.302774135582382
    },
    {
      "month": "2025-09",
      "signals": 402,
      "wins": 171,
      "losses": 171,
      "no_fills": 60,
      "open": 0,
      "pnl": 214.86499999986017,
      "trading_pnl": 214.86499999986017,
      "bonus": 0.0,
      "closed_lots": 12.999999999999897,
      "equity_start": 1828.6949999998055,
      "equity_end": 2109.3349999996635,
      "win_rate_pct": 50.0,
      "pnl_pct": 11.749635669145649
    },
    {
      "month": "2025-10",
      "signals": 424,
      "wins": 154,
      "losses": 222,
      "no_fills": 48,
      "open": 0,
      "pnl": 947.8566666666584,
      "trading_pnl": 947.8566666666584,
      "bonus": 0.0,
      "closed_lots": 14.669999999999861,
      "equity_start": 2018.8399999996664,
      "equity_end": 2991.416666666324,
      "win_rate_pct": 40.95744680851064,
      "pnl_pct": 46.95055906693027
    },
    {
      "month": "2025-11",
      "signals": 366,
      "wins": 129,
      "losses": 205,
      "no_fills": 32,
      "open": 0,
      "pnl": 40.89166666667097,
      "trading_pnl": 40.89166666667097,
      "bonus": 0.0,
      "closed_lots": 13.089999999999897,
      "equity_start": 2991.416666666324,
      "equity_end": 3032.308333332995,
      "win_rate_pct": 38.622754491017965,
      "pnl_pct": 1.3669665988804296
    },
    {
      "month": "2025-12",
      "signals": 402,
      "wins": 150,
      "losses": 211,
      "no_fills": 41,
      "open": 0,
      "pnl": -358.708333333112,
      "trading_pnl": -358.708333333112,
      "bonus": 0.0,
      "closed_lots": 14.139999999999874,
      "equity_start": 3032.308333332995,
      "equity_end": 2673.599999999883,
      "win_rate_pct": 41.55124653739612,
      "pnl_pct": -11.829546797400837
    },
    {
      "month": "2026-01",
      "signals": 397,
      "wins": 151,
      "losses": 205,
      "no_fills": 41,
      "open": 0,
      "pnl": 1804.3783333336496,
      "trading_pnl": 1804.3783333336496,
      "bonus": 0.0,
      "closed_lots": 13.99999999999988,
      "equity_start": 2673.599999999883,
      "equity_end": 4477.978333333533,
      "win_rate_pct": 42.41573033707865,
      "pnl_pct": 67.4887168362406
    },
    {
      "month": "2026-02",
      "signals": 362,
      "wins": 124,
      "losses": 218,
      "no_fills": 20,
      "open": 0,
      "pnl": 2271.05333333369,
      "trading_pnl": 2271.05333333369,
      "bonus": 0.0,
      "closed_lots": 13.569999999999887,
      "equity_start": 4477.978333333533,
      "equity_end": 6749.031666667222,
      "win_rate_pct": 36.25730994152047,
      "pnl_pct": 50.71604113017345
    },
    {
      "month": "2026-03",
      "signals": 401,
      "wins": 114,
      "losses": 258,
      "no_fills": 29,
      "open": 0,
      "pnl": 934.0150000005151,
      "trading_pnl": 934.0150000005151,
      "bonus": 0.0,
      "closed_lots": 14.689999999999863,
      "equity_start": 6749.031666667222,
      "equity_end": 7751.438333334415,
      "win_rate_pct": 30.64516129032258,
      "pnl_pct": 13.83924459287278
    },
    {
      "month": "2026-04",
      "signals": 377,
      "wins": 123,
      "losses": 228,
      "no_fills": 26,
      "open": 0,
      "pnl": -313.70666666623765,
      "trading_pnl": -313.70666666623765,
      "bonus": 0.0,
      "closed_lots": 13.739999999999883,
      "equity_start": 7645.826666667737,
      "equity_end": 7318.255000001576,
      "win_rate_pct": 35.04273504273504,
      "pnl_pct": -4.102979054362472
    },
    {
      "month": "2026-05",
      "signals": 387,
      "wins": 136,
      "losses": 219,
      "no_fills": 32,
      "open": 0,
      "pnl": 814.8150000003852,
      "trading_pnl": 814.8150000003852,
      "bonus": 0.0,
      "closed_lots": 14.029999999999879,
      "equity_start": 7350.80000000157,