{
  "rank": 14,
  "candidate_id": "11108a6c658afafe",
  "filter_preset": "self_limit",
  "metrics": {
    "candidate_id": "11108a6c658afafe",
    "filter_preset": "self_limit",
    "passes_recommendation_gate": false,
    "passes_dd": false,
    "passes_edge": true,
    "passes_consistency": true,
    "passes_oos": true,
    "score": 4125.453888888744,
    "fixed_no_bonus_profit": 4510.39999999983,
    "fixed_with_bonus_profit": 4691.329999999685,
    "bonus_contribution": 180.92999999985568,
    "concurrent_risk_max_dd_pct": 98.38685693676132,
    "risk_net_profit_with_bonus": 721827885.0100094,
    "stable_months": 14,
    "total_months": 18,
    "stable_fraction": 0.7777777777777778,
    "worst_month_pnl": -201.22000000002345,
    "oos_fixed_no_bonus_profit": 2469.4599999999486
  },
  "monthly": [
    {
      "month": "2025-01",
      "signals": 399,
      "wins": 167,
      "losses": 113,
      "no_fills": 103,
      "open": 0,
      "pnl": 263.85999999999376,
      "trading_pnl": 263.85999999999376,
      "bonus": 0.0,
      "closed_lots": 2.959999999999981,
      "equity_start": 1000.0,
      "equity_end": 1263.8599999999938,
      "win_rate_pct": 59.64285714285714,
      "pnl_pct": 26.385999999999378
    },
    {
      "month": "2025-02",
      "signals": 365,
      "wins": 147,
      "losses": 124,
      "no_fills": 64,
      "open": 0,
      "pnl": 291.93999999998005,
      "trading_pnl": 291.93999999998005,
      "bonus": 0.0,
      "closed_lots": 3.00999999999998,
      "equity_start": 1263.8599999999938,
      "equity_end": 1555.7999999999738,
      "win_rate_pct": 54.24354243542435,
      "pnl_pct": 23.09907742946066
    },
    {
      "month": "2025-03",
      "signals": 384,
      "wins": 155,
      "losses": 146,
      "no_fills": 59,
      "open": 0,
      "pnl": -115.03999999997905,
      "trading_pnl": -115.03999999997905,
      "bonus": 0.0,
      "closed_lots": 3.2499999999999747,
      "equity_start": 1555.7999999999738,
      "equity_end": 1474.1999999999944,
      "win_rate_pct": 51.49501661129568,
      "pnl_pct": -7.394266615244953
    },
    {
      "month": "2025-04",
      "signals": 382,
      "wins": 182,
      "losses": 120,
      "no_fills": 42,
      "open": 0,
      "pnl": 429.1699999999996,
      "trading_pnl": 429.1699999999996,
      "bonus": 0.0,
      "closed_lots": 3.3999999999999715,
      "equity_start": 1440.7599999999948,
      "equity_end": 1895.0499999999943,
      "win_rate_pct": 60.264900662251655,
      "pnl_pct": 29.787750909242426
    },
    {
      "month": "2025-05",
      "signals": 388,
      "wins": 153,
      "losses": 138,
      "no_fills": 39,
      "open": 0,
      "pnl": 72.13000000001557,
      "trading_pnl": 72.13000000001557,
      "bonus": 0.0,
      "closed_lots": 3.4899999999999696,
      "equity_start": 1869.9299999999944,
      "equity_end": 1942.06000000001,
      "win_rate_pct": 52.57731958762887,
      "pnl_pct": 3.8573636446292525
    },
    {
      "month": "2025-06",
      "signals": 372,
      "wins": 158,
      "losses": 128,
      "no_fills": 47,
      "open": 0,
      "pnl": -24.78999999999769,
      "trading_pnl": -24.78999999999769,
      "bonus": 0.0,
      "closed_lots": 3.2499999999999747,
      "equity_start": 1942.06000000001,
      "equity_end": 1927.5300000000125,
      "win_rate_pct": 55.24475524475524,
      "pnl_pct": -1.2764796144299126
    },
    {
      "month": "2025-07",
      "signals": 421,
      "wins": 164,
      "losses": 157,
      "no_fills": 66,
      "open": 0,
      "pnl": -41.590000000000146,
      "trading_pnl": -41.590000000000146,
      "bonus": 0.0,
      "closed_lots": 3.5499999999999683,
      "equity_start": 1917.2700000000123,
      "equity_end": 1878.920000000012,
      "win_rate_pct": 51.09034267912772,
      "pnl_pct": -2.1692302075346652
    },
    {
      "month": "2025-08",
      "signals": 388,
      "wins": 139,
      "losses": 158,
      "no_fills": 61,
      "open": 0,
      "pnl": -201.22000000002345,
      "trading_pnl": -201.22000000002345,
      "bonus": 0.0,
      "closed_lots": 3.2699999999999743,
      "equity_start": 1875.6800000000121,
      "equity_end": 1674.4599999999887,
      "win_rate_pct": 46.801346801346796,
      "pnl_pct": -10.727842702381118
    },
    {
      "month": "2025-09",
      "signals": 402,
      "wins": 171,
      "losses": 129,
      "no_fills": 53,
      "open": 0,
      "pnl": 118.03999999997768,
      "trading_pnl": 118.03999999997768,
      "bonus": 0.0,
      "closed_lots": 3.4899999999999696,
      "equity_start": 1674.4599999999887,
      "equity_end": 1807.6399999999658,
      "win_rate_pct": 56.99999999999999,
      "pnl_pct": 7.049436833365889
    },
    {
      "month": "2025-10",
      "signals": 424,
      "wins": 225,
      "losses": 101,
      "no_fills": 38,
      "open": 0,
      "pnl": 830.5199999999604,
      "trading_pnl": 830.5199999999604,
      "bonus": 0.0,
      "closed_lots": 3.8599999999999617,
      "equity_start": 1792.4999999999663,
      "equity_end": 2623.0199999999268,
      "win_rate_pct": 69.01840490797547,
      "pnl_pct": 46.3330543933041
    },
    {
      "month": "2025-11",
      "signals": 366,
      "wins": 162,
      "losses": 117,
      "no_fills": 29,
      "open": 0,
      "pnl": 193.16999999997597,
      "trading_pnl": 193.16999999997597,
      "bonus": 0.0,
      "closed_lots": 3.369999999999972,
      "equity_start": 2623.0199999999268,
      "equity_end": 2816.1899999999027,
      "win_rate_pct": 58.06451612903226,
      "pnl_pct": 7.364412013632431
    },
    {
      "month": "2025-12",
      "signals": 402,
      "wins": 187,
      "losses": 129,
      "no_fills": 29,
      "open": 0,
      "pnl": 224.74999999997726,
      "trading_pnl": 224.74999999997726,
      "bonus": 0.0,
      "closed_lots": 3.7299999999999645,
      "equity_start": 2816.1899999999027,
      "equity_end": 3040.93999999988,
      "win_rate_pct": 59.17721518987342,
      "pnl_pct": 7.98064051076046
    },
    {
      "month": "2026-01",
      "signals": 397,
      "wins": 194,
      "losses": 105,
      "no_fills": 36,
      "open": 0,
      "pnl": 696.4999999999536,
      "trading_pnl": 696.4999999999536,
      "bonus": 0.0,
      "closed_lots": 3.609999999999967,
      "equity_start": 3040.93999999988,
      "equity_end": 3737.4399999998336,
      "win_rate_pct": 64.88294314381271,
      "pnl_pct": 22.904102021084963
    },
    {
      "month": "2026-02",
      "signals": 362,
      "wins": 181,
      "losses": 82,
      "no_fills": 17,
      "open": 0,
      "pnl": 629.0499999999847,
      "trading_pnl": 629.0499999999847,
      "bonus": 0.0,
      "closed_lots": 3.4499999999999704,
      "equity_start": 3737.4399999998336,
      "equity_end": 4366.489999999819,
      "win_rate_pct": 68.8212927756654,
      "pnl_pct": 16.831039428058048
    },
    {
      "month": "2026-03",
      "signals": 401,
      "wins": 198,
      "losses": 104,
      "no_fills": 20,
      "open": 0,
      "pnl": 755.9300000000048,
      "trading_pnl": 755.9300000000048,
      "bonus": 0.0,
      "closed_lots": 3.8099999999999627,
      "equity_start": 4366.489999999819,
      "equity_end": 5122.419999999824,
      "win_rate_pct": 65.56291390728477,
      "pnl_pct": 17.312074457975083
    },
    {
      "month": "2026-04",
      "signals": 377,
      "wins": 167,
      "losses": 128,
      "no_fills": 20,
      "open": 0,
      "pnl": 68.87000000000262,
      "trading_pnl": 68.87000000000262,
      "bonus": 0.0,
      "closed_lots": 3.569999999999968,
      "equity_start": 5122.419999999824,
      "equity_end": 5191.289999999826,
      "win_rate_pct": 56.61016949152542,
      "pnl_pct": 1.344481709816942
    },
    {
      "month": "2026-05",
      "signals": 387,
      "wins": 172,
      "losses": 120,
      "no_fills": 28,
      "open": 0,
      "pnl": 193.1899999999996,
      "trading_pnl": 193.1899999999996,
      "bonus": 0.0,
      "closed_lots": 3.5899999999999674,