{
  "rank": 11,
  "candidate_id": "012c82ddb0e2dfe0",
  "filter_preset": "self_limit",
  "metrics": {
    "candidate_id": "012c82ddb0e2dfe0",
    "filter_preset": "self_limit",
    "passes_recommendation_gate": false,
    "passes_dd": false,
    "passes_edge": true,
    "passes_consistency": true,
    "passes_oos": true,
    "score": 6014.235277777679,
    "fixed_no_bonus_profit": 6470.4499999997015,
    "fixed_with_bonus_profit": 7152.409999999151,
    "bonus_contribution": 681.9599999994498,
    "concurrent_risk_max_dd_pct": 100.27898067062617,
    "risk_net_profit_with_bonus": -1013.0200000000557,
    "stable_months": 13,
    "total_months": 18,
    "stable_fraction": 0.7222222222222222,
    "worst_month_pnl": -955.6499999999801,
    "oos_fixed_no_bonus_profit": 5364.530000000465
  },
  "monthly": [
    {
      "month": "2025-01",
      "signals": 399,
      "wins": 143,
      "losses": 143,
      "no_fills": 113,
      "open": 0,
      "pnl": 535.3000000000088,
      "trading_pnl": 535.3000000000088,
      "bonus": 0.0,
      "closed_lots": 10.279999999999955,
      "equity_start": 1000.0,
      "equity_end": 1535.3000000000088,
      "win_rate_pct": 50.0,
      "pnl_pct": 53.530000000000875
    },
    {
      "month": "2025-02",
      "signals": 365,
      "wins": 152,
      "losses": 136,
      "no_fills": 77,
      "open": 0,
      "pnl": 333.28999999987036,
      "trading_pnl": 333.28999999987036,
      "bonus": 0.0,
      "closed_lots": 10.789999999999946,
      "equity_start": 1535.3000000000088,
      "equity_end": 1868.5899999998792,
      "win_rate_pct": 52.77777777777778,
      "pnl_pct": 21.70846088711447
    },
    {
      "month": "2025-03",
      "signals": 384,
      "wins": 178,
      "losses": 138,
      "no_fills": 68,
      "open": 0,
      "pnl": 251.8900000000922,
      "trading_pnl": 251.8900000000922,
      "bonus": 0.0,
      "closed_lots": 12.049999999999919,
      "equity_start": 1868.5899999998792,
      "equity_end": 2118.7999999999693,
      "win_rate_pct": 56.32911392405063,
      "pnl_pct": 13.480217704264097
    },
    {
      "month": "2025-04",
      "signals": 382,
      "wins": 191,
      "losses": 144,
      "no_fills": 47,
      "open": 0,
      "pnl": 218.84999999998445,
      "trading_pnl": 218.84999999998445,
      "bonus": 0.0,
      "closed_lots": 13.0299999999999,
      "equity_start": 2081.889999999972,
      "equity_end": 2506.0299999999556,
      "win_rate_pct": 57.01492537313433,
      "pnl_pct": 10.512082770943104
    },
    {
      "month": "2025-05",
      "signals": 388,
      "wins": 181,
      "losses": 158,
      "no_fills": 49,
      "open": 0,
      "pnl": 252.2400000000721,
      "trading_pnl": 252.2400000000721,
      "bonus": 0.0,
      "closed_lots": 13.259999999999895,
      "equity_start": 2339.329999999956,
      "equity_end": 2591.570000000028,
      "win_rate_pct": 53.392330383480825,
      "pnl_pct": 10.782574497829586
    },
    {
      "month": "2025-06",
      "signals": 372,
      "wins": 161,
      "losses": 155,
      "no_fills": 56,
      "open": 0,
      "pnl": -955.6499999999801,
      "trading_pnl": -955.6499999999801,
      "bonus": 0.0,
      "closed_lots": 12.169999999999916,
      "equity_start": 2591.570000000028,
      "equity_end": 1635.9200000000478,
      "win_rate_pct": 50.9493670886076,
      "pnl_pct": -36.875330398174455
    },
    {
      "month": "2025-07",
      "signals": 421,
      "wins": 165,
      "losses": 168,
      "no_fills": 87,
      "open": 0,
      "pnl": -705.9900000000166,
      "trading_pnl": -705.9900000000166,
      "bonus": 0.0,
      "closed_lots": 12.37999999999991,
      "equity_start": 1635.9200000000478,
      "equity_end": 968.4900000000325,
      "win_rate_pct": 49.549549549549546,
      "pnl_pct": -43.15553327791065
    },
    {
      "month": "2025-08",
      "signals": 388,
      "wins": 159,
      "losses": 160,
      "no_fills": 69,
      "open": 0,
      "pnl": -492.80000000013797,
      "trading_pnl": -492.80000000013797,
      "bonus": 0.0,
      "closed_lots": 12.129999999999916,
      "equity_start": 919.2900000000313,
      "equity_end": 437.12999999989324,
      "win_rate_pct": 49.843260188087775,
      "pnl_pct": -53.60658769268905
    },
    {
      "month": "2025-09",
      "signals": 402,
      "wins": 184,
      "losses": 158,
      "no_fills": 60,
      "open": 0,
      "pnl": 500.8699999998221,
      "trading_pnl": 500.8699999998221,
      "bonus": 0.0,
      "closed_lots": 12.999999999999897,
      "equity_start": 437.12999999989324,
      "equity_end": 1016.0199999997071,
      "win_rate_pct": 53.80116959064327,
      "pnl_pct": 114.58147461852181
    },
    {
      "month": "2025-10",
      "signals": 424,
      "wins": 240,
      "losses": 136,
      "no_fills": 48,
      "open": 0,
      "pnl": 1278.8799999998096,
      "trading_pnl": 1278.8799999998096,
      "bonus": 0.0,
      "closed_lots": 14.669999999999861,
      "equity_start": 916.2599999997165,
      "equity_end": 2216.879999999525,
      "win_rate_pct": 63.829787234042556,
      "pnl_pct": 139.57610285292444
    },
    {
      "month": "2025-11",
      "signals": 366,
      "wins": 178,
      "losses": 156,
      "no_fills": 32,
      "open": 0,
      "pnl": 433.2699999998558,
      "trading_pnl": 433.2699999998558,
      "bonus": 0.0,
      "closed_lots": 13.089999999999897,
      "equity_start": 2216.879999999525,
      "equity_end": 2650.1499999993807,
      "win_rate_pct": 53.293413173652695,
      "pnl_pct": 19.544134098370172
    },
    {
      "month": "2025-12",
      "signals": 402,
      "wins": 190,
      "losses": 171,
      "no_fills": 41,
      "open": 0,
      "pnl": -544.2300000001451,
      "trading_pnl": -544.2300000001451,
      "bonus": 0.0,
      "closed_lots": 14.139999999999874,
      "equity_start": 2650.1499999993807,
      "equity_end": 2105.9199999992356,
      "win_rate_pct": 52.63157894736842,
      "pnl_pct": -20.535818727252128
    },
    {
      "month": "2026-01",
      "signals": 397,
      "wins": 227,
      "losses": 129,
      "no_fills": 41,
      "open": 0,
      "pnl": 1994.1699999999437,
      "trading_pnl": 1994.1699999999437,
      "bonus": 0.0,
      "closed_lots": 13.99999999999988,
      "equity_start": 2105.9199999992356,
      "equity_end": 4100.08999999918,
      "win_rate_pct": 63.76404494382022,
      "pnl_pct": 94.69353061847873
    },
    {
      "month": "2026-02",
      "signals": 362,
      "wins": 218,
      "losses": 124,
      "no_fills": 20,
      "open": 0,
      "pnl": 1810.4800000000423,
      "trading_pnl": 1810.4800000000423,
      "bonus": 0.0,
      "closed_lots": 13.569999999999887,
      "equity_start": 4100.08999999918,
      "equity_end": 5910.569999999222,
      "win_rate_pct": 63.74269005847953,
      "pnl_pct": 44.15707947875301
    },
    {
      "month": "2026-03",
      "signals": 401,
      "wins": 219,
      "losses": 153,
      "no_fills": 29,
      "open": 0,
      "pnl": 72.86000000014519,
      "trading_pnl": 72.86000000014519,
      "bonus": 0.0,
      "closed_lots": 14.689999999999863,
      "equity_start": 5910.569999999222,
      "equity_end": 6103.619999999372,
      "win_rate_pct": 58.87096774193549,
      "pnl_pct": 1.232706828616441
    },
    {
      "month": "2026-04",
      "signals": 377,
      "wins": 207,
      "losses": 144,
      "no_fills": 26,
      "open": 0,
      "pnl": -91.49999999985357,
      "trading_pnl": -91.49999999985357,
      "bonus": 0.0,
      "closed_lots": 13.739999999999883,
      "equity_start": 5981.719999999367,
      "equity_end": 5878.789999999515,
      "win_rate_pct": 58.97435897435898,
      "pnl_pct": -1.5296603652438303
    },
    {
      "month": "2026-05",
      "signals": 387,
      "wins": 211,
      "losses": 144,
      "no_fills": 32,
      "open": 0,
      "pnl": 902.8800000001283,
      "trading_pnl": 902.8800000001283,
      "bonus": 0.0,
      "closed_lots": 14.029999999999879,