{
  "rank": 15,
  "candidate_id": "b4a4ef09328afcc0",
  "filter_preset": "self_limit",
  "metrics": {
    "candidate_id": "b4a4ef09328afcc0",
    "filter_preset": "self_limit",
    "passes_recommendation_gate": false,
    "passes_dd": false,
    "passes_edge": true,
    "passes_consistency": true,
    "passes_oos": true,
    "score": 3763.587916667235,
    "fixed_no_bonus_profit": 4233.400000000755,
    "fixed_with_bonus_profit": 4551.040000000898,
    "bonus_contribution": 317.6400000001422,
    "concurrent_risk_max_dd_pct": 100.07196107622316,
    "risk_net_profit_with_bonus": -1001.4449999988844,
    "stable_months": 12,
    "total_months": 18,
    "stable_fraction": 0.6666666666666666,
    "worst_month_pnl": -243.6549999999438,
    "oos_fixed_no_bonus_profit": 3765.2850000002572
  },
  "monthly": [
    {
      "month": "2025-01",
      "signals": 399,
      "wins": 123,
      "losses": 154,
      "no_fills": 104,
      "open": 0,
      "pnl": 1.0800000000185723,
      "trading_pnl": 1.0800000000185723,
      "bonus": 0.0,
      "closed_lots": 4.119999999999978,
      "equity_start": 1000.0,
      "equity_end": 1001.0800000000186,
      "win_rate_pct": 44.4043321299639,
      "pnl_pct": 0.10800000000185724
    },
    {
      "month": "2025-02",
      "signals": 365,
      "wins": 141,
      "losses": 145,
      "no_fills": 63,
      "open": 0,
      "pnl": 61.06500000001597,
      "trading_pnl": 61.06500000001597,
      "bonus": 0.0,
      "closed_lots": 4.6899999999999755,
      "equity_start": 1001.0800000000186,
      "equity_end": 1062.1450000000345,
      "win_rate_pct": 49.3006993006993,
      "pnl_pct": 6.09991209493895
    },
    {
      "month": "2025-03",
      "signals": 384,
      "wins": 119,
      "losses": 191,
      "no_fills": 58,
      "open": 0,
      "pnl": -185.12999999992917,
      "trading_pnl": -185.12999999992917,
      "bonus": 0.0,
      "closed_lots": 5.259999999999965,
      "equity_start": 1062.1450000000345,
      "equity_end": 877.0150000001054,
      "win_rate_pct": 38.387096774193544,
      "pnl_pct": -17.42982361164654
    },
    {
      "month": "2025-04",
      "signals": 382,
      "wins": 135,
      "losses": 195,
      "no_fills": 36,
      "open": 0,
      "pnl": 311.05500000006487,
      "trading_pnl": 311.05500000006487,
      "bonus": 0.0,
      "closed_lots": 6.269999999999947,
      "equity_start": 877.0150000001054,
      "equity_end": 1198.9900000001708,
      "win_rate_pct": 40.909090909090914,
      "pnl_pct": 35.46746634892533
    },
    {
      "month": "2025-05",
      "signals": 388,
      "wins": 107,
      "losses": 225,
      "no_fills": 35,
      "open": 0,
      "pnl": -166.9399999999223,
      "trading_pnl": -166.9399999999223,
      "bonus": 0.0,
      "closed_lots": 6.239999999999952,
      "equity_start": 1188.0700000001702,
      "equity_end": 1021.130000000248,
      "win_rate_pct": 32.22891566265061,
      "pnl_pct": -14.05136061005651
    },
    {
      "month": "2025-06",
      "signals": 372,
      "wins": 110,
      "losses": 188,
      "no_fills": 47,
      "open": 0,
      "pnl": -243.6549999999438,
      "trading_pnl": -243.6549999999438,
      "bonus": 0.0,
      "closed_lots": 5.479999999999965,
      "equity_start": 1021.130000000248,
      "equity_end": 777.4750000003041,
      "win_rate_pct": 36.91275167785235,
      "pnl_pct": -23.861310508934675
    },
    {
      "month": "2025-07",
      "signals": 421,
      "wins": 140,
      "losses": 182,
      "no_fills": 66,
      "open": 0,
      "pnl": -99.23499999995784,
      "trading_pnl": -99.23499999995784,
      "bonus": 0.0,
      "closed_lots": 5.5199999999999605,
      "equity_start": 777.4750000003041,
      "equity_end": 678.2400000003463,
      "win_rate_pct": 43.47826086956522,
      "pnl_pct": -12.763754461547833
    },
    {
      "month": "2025-08",
      "signals": 388,
      "wins": 127,
      "losses": 183,
      "no_fills": 60,
      "open": 0,
      "pnl": -184.57999999998765,
      "trading_pnl": -184.57999999998765,
      "bonus": 0.0,
      "closed_lots": 5.259999999999966,
      "equity_start": 678.2400000003463,
      "equity_end": 493.66000000035865,
      "win_rate_pct": 40.96774193548387,
      "pnl_pct": -27.214555319635142
    },
    {
      "month": "2025-09",
      "signals": 402,
      "wins": 117,
      "losses": 200,
      "no_fills": 50,
      "open": 0,
      "pnl": -42.704999999967185,
      "trading_pnl": -42.704999999967185,
      "bonus": 0.0,
      "closed_lots": 5.779999999999954,
      "equity_start": 493.66000000035865,
      "equity_end": 450.95500000039146,
      "win_rate_pct": 36.90851735015773,
      "pnl_pct": -8.65069075880893
    },
    {
      "month": "2025-10",
      "signals": 424,
      "wins": 163,
      "losses": 205,
      "no_fills": 35,
      "open": 0,
      "pnl": 723.2750000000333,
      "trading_pnl": 723.2750000000333,
      "bonus": 0.0,
      "closed_lots": 7.079999999999933,
      "equity_start": 450.95500000039146,
      "equity_end": 1174.2300000004248,
      "win_rate_pct": 44.29347826086957,
      "pnl_pct": 160.3874000730462
    },
    {
      "month": "2025-11",
      "signals": 366,
      "wins": 124,
      "losses": 190,
      "no_fills": 25,
      "open": 0,
      "pnl": 243.73500000002878,
      "trading_pnl": 243.73500000002878,
      "bonus": 0.0,
      "closed_lots": 6.089999999999955,
      "equity_start": 1174.2300000004248,
      "equity_end": 1417.9650000004535,
      "win_rate_pct": 39.490445859872615,
      "pnl_pct": 20.757006719291844
    },
    {
      "month": "2025-12",
      "signals": 402,
      "wins": 141,
      "losses": 209,
      "no_fills": 28,
      "open": 0,
      "pnl": 50.1500000000442,
      "trading_pnl": 50.1500000000442,
      "bonus": 0.0,
      "closed_lots": 6.71999999999994,
      "equity_start": 1417.9650000004535,
      "equity_end": 1468.1150000004977,
      "win_rate_pct": 40.285714285714285,
      "pnl_pct": 3.5367586647080964
    },
    {
      "month": "2026-01",
      "signals": 397,
      "wins": 157,
      "losses": 186,
      "no_fills": 30,
      "open": 0,
      "pnl": 747.430000000013,
      "trading_pnl": 747.430000000013,
      "bonus": 0.0,
      "closed_lots": 6.74999999999994,
      "equity_start": 1468.1150000004977,
      "equity_end": 2215.5450000005108,
      "win_rate_pct": 45.77259475218659,
      "pnl_pct": 50.910861887506066
    },
    {
      "month": "2026-02",
      "signals": 362,
      "wins": 154,
      "losses": 176,
      "no_fills": 13,
      "open": 0,
      "pnl": 1286.9750000000313,
      "trading_pnl": 1286.9750000000313,
      "bonus": 0.0,
      "closed_lots": 6.729999999999943,
      "equity_start": 2215.5450000005108,
      "equity_end": 3502.520000000542,
      "win_rate_pct": 46.666666666666664,
      "pnl_pct": 58.08841616847027
    },
    {
      "month": "2026-03",
      "signals": 401,
      "wins": 154,
      "losses": 206,
      "no_fills": 17,
      "open": 0,
      "pnl": 1143.6300000000574,
      "trading_pnl": 1143.6300000000574,
      "bonus": 0.0,
      "closed_lots": 7.379999999999929,
      "equity_start": 3502.520000000542,
      "equity_end": 4660.560000000601,
      "win_rate_pct": 42.77777777777778,
      "pnl_pct": 32.651633680889205
    },
    {
      "month": "2026-04",
      "signals": 377,
      "wins": 120,
      "losses": 208,
      "no_fills": 18,
      "open": 0,
      "pnl": 162.9200000000601,
      "trading_pnl": 162.9200000000601,
      "bonus": 0.0,
      "closed_lots": 6.699999999999943,
      "equity_start": 4639.9100000006,
      "equity_end": 4805.62500000066,
      "win_rate_pct": 36.58536585365854,
      "pnl_pct": 3.511275003179782
    },
    {
      "month": "2026-05",
      "signals": 387,
      "wins": 129,
      "losses": 207,
      "no_fills": 24,
      "open": 0,
      "pnl": 201.87000000006446,
      "trading_pnl": 201.87000000006446,
      "bonus": 0.0,
      "closed_lots": 6.729999999999942,