{
  "rank": 7,
  "candidate_id": "26d667c3ddd88f0d",
  "filter_preset": "self_limit",
  "metrics": {
    "candidate_id": "26d667c3ddd88f0d",
    "filter_preset": "self_limit",
    "passes_recommendation_gate": false,
    "passes_dd": false,
    "passes_edge": true,
    "passes_consistency": true,
    "passes_oos": true,
    "score": 8888.399999999503,
    "fixed_no_bonus_profit": 10179.809999999343,
    "fixed_with_bonus_profit": 10492.559999999114,
    "bonus_contribution": 312.7499999997708,
    "concurrent_risk_max_dd_pct": 77.31976957960978,
    "risk_net_profit_with_bonus": 5905611188638.156,
    "stable_months": 12,
    "total_months": 18,
    "stable_fraction": 0.6666666666666666,
    "worst_month_pnl": -292.8499999999476,
    "oos_fixed_no_bonus_profit": 8407.43999999977
  },
  "monthly": [
    {
      "month": "2025-01",
      "signals": 399,
      "wins": 131,
      "losses": 122,
      "no_fills": 146,
      "open": 0,
      "pnl": 78.74999999999454,
      "trading_pnl": 78.74999999999454,
      "bonus": 0.0,
      "closed_lots": 4.2399999999999896,
      "equity_start": 1000.0,
      "equity_end": 1078.7499999999945,
      "win_rate_pct": 51.77865612648221,
      "pnl_pct": 7.874999999999455
    },
    {
      "month": "2025-02",
      "signals": 365,
      "wins": 137,
      "losses": 129,
      "no_fills": 99,
      "open": 0,
      "pnl": -36.65000000005193,
      "trading_pnl": -36.65000000005193,
      "bonus": 0.0,
      "closed_lots": 4.589999999999984,
      "equity_start": 1078.7499999999945,
      "equity_end": 1042.0999999999426,
      "win_rate_pct": 51.50375939849624,
      "pnl_pct": -3.39745075319139
    },
    {
      "month": "2025-03",
      "signals": 384,
      "wins": 117,
      "losses": 165,
      "no_fills": 102,
      "open": 0,
      "pnl": -292.8499999999476,
      "trading_pnl": -292.8499999999476,
      "bonus": 0.0,
      "closed_lots": 5.139999999999975,
      "equity_start": 1042.0999999999426,
      "equity_end": 749.249999999995,
      "win_rate_pct": 41.48936170212766,
      "pnl_pct": -28.10190960560059
    },
    {
      "month": "2025-04",
      "signals": 382,
      "wins": 176,
      "losses": 143,
      "no_fills": 63,
      "open": 0,
      "pnl": 420.90999999999985,
      "trading_pnl": 420.90999999999985,
      "bonus": 0.0,
      "closed_lots": 6.0799999999999566,
      "equity_start": 749.249999999995,
      "equity_end": 1169.1099999999956,
      "win_rate_pct": 55.172413793103445,
      "pnl_pct": 56.17751084417787
    },
    {
      "month": "2025-05",
      "signals": 388,
      "wins": 171,
      "losses": 148,
      "no_fills": 68,
      "open": 0,
      "pnl": 130.47000000005528,
      "trading_pnl": 130.47000000005528,
      "bonus": 0.0,
      "closed_lots": 6.009999999999957,
      "equity_start": 1170.1599999999949,
      "equity_end": 1300.6300000000501,
      "win_rate_pct": 53.60501567398119,
      "pnl_pct": 11.149757298152036
    },
    {
      "month": "2025-06",
      "signals": 372,
      "wins": 152,
      "losses": 143,
      "no_fills": 77,
      "open": 0,
      "pnl": -1.6199999999948886,
      "trading_pnl": -1.6199999999948886,
      "bonus": 0.0,
      "closed_lots": 5.499999999999968,
      "equity_start": 1300.6300000000501,
      "equity_end": 1299.0100000000552,
      "win_rate_pct": 51.52542372881356,
      "pnl_pct": -0.12455502333444764
    },
    {
      "month": "2025-07",
      "signals": 421,
      "wins": 142,
      "losses": 172,
      "no_fills": 107,
      "open": 0,
      "pnl": -161.3900000000067,
      "trading_pnl": -161.3900000000067,
      "bonus": 0.0,
      "closed_lots": 5.479999999999965,
      "equity_start": 1299.0100000000552,
      "equity_end": 1137.6200000000485,
      "win_rate_pct": 45.22292993630573,
      "pnl_pct": -12.424076796945354
    },
    {
      "month": "2025-08",
      "signals": 388,
      "wins": 135,
      "losses": 159,
      "no_fills": 94,
      "open": 0,
      "pnl": -278.3000000000661,
      "trading_pnl": -278.3000000000661,
      "bonus": 0.0,
      "closed_lots": 5.109999999999973,
      "equity_start": 1137.6200000000485,
      "equity_end": 859.3199999999824,
      "win_rate_pct": 45.91836734693878,
      "pnl_pct": -24.463353316577965
    },
    {
      "month": "2025-09",
      "signals": 402,
      "wins": 159,
      "losses": 158,
      "no_fills": 85,
      "open": 0,
      "pnl": -113.17000000007465,
      "trading_pnl": -113.17000000007465,
      "bonus": 0.0,
      "closed_lots": 5.799999999999959,
      "equity_start": 859.3199999999824,
      "equity_end": 746.1499999999078,
      "win_rate_pct": 50.1577287066246,
      "pnl_pct": -13.169715589079384
    },
    {
      "month": "2025-10",
      "signals": 424,
      "wins": 217,
      "losses": 146,
      "no_fills": 61,
      "open": 0,
      "pnl": 1050.4499999998861,
      "trading_pnl": 1050.4499999998861,
      "bonus": 0.0,
      "closed_lots": 6.939999999999937,
      "equity_start": 746.1499999999078,
      "equity_end": 1796.599999999794,
      "win_rate_pct": 59.77961432506888,
      "pnl_pct": 140.78268444682917
    },
    {
      "month": "2025-11",
      "signals": 366,
      "wins": 184,
      "losses": 136,
      "no_fills": 46,
      "open": 0,
      "pnl": 441.85999999990327,
      "trading_pnl": 441.85999999990327,
      "bonus": 0.0,
      "closed_lots": 6.119999999999957,
      "equity_start": 1796.599999999794,
      "equity_end": 2238.459999999697,
      "win_rate_pct": 57.49999999999999,
      "pnl_pct": 24.594233552262825
    },
    {
      "month": "2025-12",
      "signals": 402,
      "wins": 202,
      "losses": 147,
      "no_fills": 53,
      "open": 0,
      "pnl": 533.9099999998816,
      "trading_pnl": 533.9099999998816,
      "bonus": 0.0,
      "closed_lots": 6.529999999999947,
      "equity_start": 2238.459999999697,
      "equity_end": 2772.369999999579,
      "win_rate_pct": 57.879656160458445,
      "pnl_pct": 23.85166587743153
    },
    {
      "month": "2026-01",
      "signals": 397,
      "wins": 207,
      "losses": 141,
      "no_fills": 49,
      "open": 0,
      "pnl": 1714.369999999879,
      "trading_pnl": 1714.369999999879,
      "bonus": 0.0,
      "closed_lots": 6.6899999999999435,
      "equity_start": 2772.369999999579,
      "equity_end": 4486.739999999458,
      "win_rate_pct": 59.48275862068966,
      "pnl_pct": 61.8377056453554
    },
    {
      "month": "2026-02",
      "signals": 362,
      "wins": 213,
      "losses": 122,
      "no_fills": 27,
      "open": 0,
      "pnl": 2384.9399999999396,
      "trading_pnl": 2384.9399999999396,
      "bonus": 0.0,
      "closed_lots": 6.569999999999947,
      "equity_start": 4486.739999999458,
      "equity_end": 6871.679999999397,
      "win_rate_pct": 63.582089552238806,
      "pnl_pct": 53.155297610296735
    },
    {
      "month": "2026-03",
      "signals": 401,
      "wins": 214,
      "losses": 150,
      "no_fills": 37,
      "open": 0,
      "pnl": 2233.2899999999718,
      "trading_pnl": 2233.2899999999718,
      "bonus": 0.0,
      "closed_lots": 7.129999999999935,
      "equity_start": 6871.679999999397,
      "equity_end": 9104.969999999365,
      "win_rate_pct": 58.791208791208796,
      "pnl_pct": 32.49991268511001
    },
    {
      "month": "2026-04",
      "signals": 377,
      "wins": 190,
      "losses": 155,
      "no_fills": 32,
      "open": 0,
      "pnl": 947.3899999999794,
      "trading_pnl": 947.3899999999794,
      "bonus": 0.0,
      "closed_lots": 6.649999999999945,
      "equity_start": 9104.969999999365,
      "equity_end": 10052.359999999344,
      "win_rate_pct": 55.072463768115945,
      "pnl_pct": 10.405196282909724
    },
    {
      "month": "2026-05",
      "signals": 387,
      "wins": 202,
      "losses": 145,
      "no_fills": 40,
      "open": 0,
      "pnl": 894.0099999999702,
      "trading_pnl": 894.0099999999702,
      "bonus": 0.0,
      "closed_lots": 6.729999999999944,