{
  "rank": 9,
  "candidate_id": "c1613545ffd859dd",
  "filter_preset": "self_limit",
  "metrics": {
    "bonus_contribution": 582.5700000001543,
    "candidate_id": "c1613545ffd859dd",
    "concurrent_risk_max_dd_pct": 93.06263802447312,
    "filter_preset": "self_limit",
    "fixed_no_bonus_profit": 7685.045000000713,
    "fixed_with_bonus_profit": 8267.615000000867,
    "oos_fixed_no_bonus_profit": 7202.050000000412,
    "passes_consistency": true,
    "passes_dd": false,
    "passes_edge": true,
    "passes_oos": true,
    "passes_recommendation_gate": false,
    "risk_net_profit_with_bonus": 22959277.12500886,
    "score": 6923.875833333912,
    "stable_fraction": 0.6666666666666666,
    "stable_months": 12,
    "total_months": 18,
    "worst_month_pnl": -381.93499999992764
  },
  "monthly": [
    {
      "month": "2025-01",
      "signals": 399,
      "wins": 103,
      "losses": 97,
      "no_fills": 199,
      "open": 0,
      "pnl": 134.9200000000178,
      "trading_pnl": 134.9200000000178,
      "bonus": 0.0,
      "closed_lots": 6.590000000000002,
      "equity_start": 1000.0,
      "equity_end": 1134.9200000000178,
      "win_rate_pct": 51.5,
      "pnl_pct": 13.49200000000178
    },
    {
      "month": "2025-02",
      "signals": 365,
      "wins": 111,
      "losses": 108,
      "no_fills": 144,
      "open": 0,
      "pnl": -117.66500000003316,
      "trading_pnl": -117.66500000003316,
      "bonus": 0.0,
      "closed_lots": 7.700000000000003,
      "equity_start": 1134.9200000000178,
      "equity_end": 1017.2549999999846,
      "win_rate_pct": 50.68493150684932,
      "pnl_pct": -10.367691114794992
    },
    {
      "month": "2025-03",
      "signals": 384,
      "wins": 129,
      "losses": 126,
      "no_fills": 129,
      "open": 0,
      "pnl": -308.5049999998978,
      "trading_pnl": -308.5049999998978,
      "bonus": 0.0,
      "closed_lots": 9.139999999999977,
      "equity_start": 1017.2549999999846,
      "equity_end": 708.7500000000869,
      "win_rate_pct": 50.588235294117645,
      "pnl_pct": -30.327204093359327
    },
    {
      "month": "2025-04",
      "signals": 382,
      "wins": 150,
      "losses": 160,
      "no_fills": 72,
      "open": 0,
      "pnl": 545.2400000001012,
      "trading_pnl": 545.2400000001012,
      "bonus": 0.0,
      "closed_lots": 11.759999999999925,
      "equity_start": 708.7500000000869,
      "equity_end": 1253.990000000188,
      "win_rate_pct": 48.38709677419355,
      "pnl_pct": 76.92980599647751
    },
    {
      "month": "2025-05",
      "signals": 388,
      "wins": 147,
      "losses": 158,
      "no_fills": 83,
      "open": 0,
      "pnl": -176.35999999986052,
      "trading_pnl": -176.35999999986052,
      "bonus": 0.0,
      "closed_lots": 11.379999999999932,
      "equity_start": 1253.990000000188,
      "equity_end": 1077.6300000003275,
      "win_rate_pct": 48.19672131147541,
      "pnl_pct": -14.063908005632747
    },
    {
      "month": "2025-06",
      "signals": 372,
      "wins": 123,
      "losses": 146,
      "no_fills": 103,
      "open": 0,
      "pnl": -381.93499999992764,
      "trading_pnl": -381.93499999992764,
      "bonus": 0.0,
      "closed_lots": 9.989999999999963,
      "equity_start": 1077.6300000003275,
      "equity_end": 695.6950000003999,
      "win_rate_pct": 45.72490706319702,
      "pnl_pct": -35.442127631915554
    },
    {
      "month": "2025-07",
      "signals": 421,
      "wins": 135,
      "losses": 130,
      "no_fills": 156,
      "open": 0,
      "pnl": -78.33999999998014,
      "trading_pnl": -78.33999999998014,
      "bonus": 0.0,
      "closed_lots": 9.119999999999974,
      "equity_start": 695.6950000003999,
      "equity_end": 617.3550000004197,
      "win_rate_pct": 50.943396226415096,
      "pnl_pct": -11.26068176426956
    },
    {
      "month": "2025-08",
      "signals": 388,
      "wins": 122,
      "losses": 121,
      "no_fills": 145,
      "open": 0,
      "pnl": 106.05999999996538,
      "trading_pnl": 106.05999999996538,
      "bonus": 0.0,
      "closed_lots": 8.64999999999999,
      "equity_start": 617.3550000004197,
      "equity_end": 723.4150000003851,
      "win_rate_pct": 50.20576131687243,
      "pnl_pct": 17.179742611608116
    },
    {
      "month": "2025-09",
      "signals": 402,
      "wins": 154,
      "losses": 142,
      "no_fills": 106,
      "open": 0,
      "pnl": 186.31999999996742,
      "trading_pnl": 186.31999999996742,
      "bonus": 0.0,
      "closed_lots": 10.589999999999947,
      "equity_start": 723.4150000003851,
      "equity_end": 909.7350000003526,
      "win_rate_pct": 52.02702702702703,
      "pnl_pct": 25.755617453310787
    },
    {
      "month": "2025-10",
      "signals": 424,
      "wins": 181,
      "losses": 175,
      "no_fills": 68,
      "open": 0,
      "pnl": 669.1499999999942,
      "trading_pnl": 669.1499999999942,
      "bonus": 0.0,
      "closed_lots": 13.539999999999885,
      "equity_start": 909.7350000003526,
      "equity_end": 1578.8850000003467,
      "win_rate_pct": 50.84269662921348,
      "pnl_pct": 73.55438671698185
    },
    {
      "month": "2025-11",
      "signals": 366,
      "wins": 149,
      "losses": 159,
      "no_fills": 58,
      "open": 0,
      "pnl": 283.4900000000034,
      "trading_pnl": 283.4900000000034,
      "bonus": 0.0,
      "closed_lots": 11.759999999999925,
      "equity_start": 1578.8850000003467,
      "equity_end": 1862.3750000003502,
      "win_rate_pct": 48.37662337662338,
      "pnl_pct": 17.95507589216068
    },
    {
      "month": "2025-12",
      "signals": 402,
      "wins": 150,
      "losses": 176,
      "no_fills": 76,
      "open": 0,
      "pnl": -379.38000000004376,
      "trading_pnl": -379.38000000004376,
      "bonus": 0.0,
      "closed_lots": 12.169999999999915,
      "equity_start": 1862.3750000003502,
      "equity_end": 1482.9950000003064,
      "win_rate_pct": 46.012269938650306,
      "pnl_pct": -20.370763138464188
    },
    {
      "month": "2026-01",
      "signals": 397,
      "wins": 167,
      "losses": 172,
      "no_fills": 58,
      "open": 0,
      "pnl": 1610.0299999999652,
      "trading_pnl": 1610.0299999999652,
      "bonus": 0.0,
      "closed_lots": 12.959999999999898,
      "equity_start": 1482.9950000003064,
      "equity_end": 3093.0250000002716,
      "win_rate_pct": 49.26253687315634,
      "pnl_pct": 108.56611114667498
    },
    {
      "month": "2026-02",
      "signals": 362,
      "wins": 160,
      "losses": 168,
      "no_fills": 34,
      "open": 0,
      "pnl": 2559.8850000000602,
      "trading_pnl": 2559.8850000000602,
      "bonus": 0.0,
      "closed_lots": 12.9199999999999,
      "equity_start": 3093.0250000002716,
      "equity_end": 5652.910000000332,
      "win_rate_pct": 48.78048780487805,
      "pnl_pct": 82.76315257716428
    },
    {
      "month": "2026-03",
      "signals": 401,
      "wins": 172,
      "losses": 194,
      "no_fills": 35,
      "open": 0,
      "pnl": 1801.3950000001332,
      "trading_pnl": 1801.3950000001332,
      "bonus": 0.0,
      "closed_lots": 14.229999999999873,
      "equity_start": 5652.910000000332,
      "equity_end": 7454.305000000465,
      "win_rate_pct": 46.994535519125684,
      "pnl_pct": 31.86668459253778
    },
    {
      "month": "2026-04",
      "signals": 377,
      "wins": 152,
      "losses": 182,
      "no_fills": 43,
      "open": 0,
      "pnl": 375.42000000011285,
      "trading_pnl": 375.42000000011285,
      "bonus": 0.0,
      "closed_lots": 12.9399999999999,
      "equity_start": 7454.305000000465,
      "equity_end": 7829.725000000578,
      "win_rate_pct": 45.50898203592814,
      "pnl_pct": 5.036284402101731
    },
    {
      "month": "2026-05",
      "signals": 387,
      "wins": 159,
      "losses": 181,
      "no_fills": 47,
      "open": 0,
      "pnl": 432.85000000009495,
      "trading_pnl": 432.85000000009495,
      "bonus": 0.0,
      "closed_lots": 13.069999999999897,