{
  "rank": 4,
  "candidate_id": "c436ad8d6ac43780",
  "filter_preset": "self_limit",
  "metrics": {
    "bonus_contribution": 905.6400000004705,
    "candidate_id": "c436ad8d6ac43780",
    "concurrent_risk_max_dd_pct": 95.63287139537621,
    "filter_preset": "self_limit",
    "fixed_no_bonus_profit": 12519.739999998194,
    "fixed_with_bonus_profit": 13425.379999998664,
    "oos_fixed_no_bonus_profit": -1025.3800000005167,
    "passes_consistency": true,
    "passes_dd": false,
    "passes_edge": true,
    "passes_oos": false,
    "passes_recommendation_gate": false,
    "risk_net_profit_with_bonus": 30660.269999963974,
    "score": 10872.312777776044,
    "stable_fraction": 0.8888888888888888,
    "stable_months": 16,
    "total_months": 18,
    "worst_month_pnl": -1803.2200000001894
  },
  "monthly": [
    {
      "month": "2025-01",
      "signals": 399,
      "wins": 211,
      "losses": 109,
      "no_fills": 79,
      "open": 0,
      "pnl": 1024.029999999973,
      "trading_pnl": 1024.029999999973,
      "bonus": 0.0,
      "closed_lots": 11.809999999999958,
      "equity_start": 1000.0,
      "equity_end": 2024.029999999973,
      "win_rate_pct": 65.9375,
      "pnl_pct": 102.40299999999729
    },
    {
      "month": "2025-02",
      "signals": 365,
      "wins": 209,
      "losses": 104,
      "no_fills": 51,
      "open": 0,
      "pnl": 1178.1799999999344,
      "trading_pnl": 1178.1799999999344,
      "bonus": 0.0,
      "closed_lots": 13.079999999999979,
      "equity_start": 2024.029999999973,
      "equity_end": 3202.2099999999073,
      "win_rate_pct": 66.77316293929712,
      "pnl_pct": 58.20961151761338
    },
    {
      "month": "2025-03",
      "signals": 384,
      "wins": 185,
      "losses": 134,
      "no_fills": 65,
      "open": 0,
      "pnl": 255.2799999999679,
      "trading_pnl": 255.2799999999679,
      "bonus": 0.0,
      "closed_lots": 14.660000000000007,
      "equity_start": 3202.2099999999073,
      "equity_end": 3457.489999999875,
      "win_rate_pct": 57.993730407523515,
      "pnl_pct": 7.9719943414071945
    },
    {
      "month": "2025-04",
      "signals": 382,
      "wins": 198,
      "losses": 144,
      "no_fills": 40,
      "open": 0,
      "pnl": 692.8199999998792,
      "trading_pnl": 692.8199999998792,
      "bonus": 0.0,
      "closed_lots": 17.87999999999998,
      "equity_start": 3457.489999999875,
      "equity_end": 4150.309999999754,
      "win_rate_pct": 57.89473684210527,
      "pnl_pct": 20.038235830035784
    },
    {
      "month": "2025-05",
      "signals": 388,
      "wins": 205,
      "losses": 145,
      "no_fills": 38,
      "open": 0,
      "pnl": 1454.6899999999077,
      "trading_pnl": 1454.6899999999077,
      "bonus": 0.0,
      "closed_lots": 17.550000000000004,
      "equity_start": 4150.309999999754,
      "equity_end": 5604.999999999662,
      "win_rate_pct": 58.57142857142858,
      "pnl_pct": 35.05015288014616
    },
    {
      "month": "2025-06",
      "signals": 372,
      "wins": 196,
      "losses": 128,
      "no_fills": 48,
      "open": 0,
      "pnl": 55.45999999992682,
      "trading_pnl": 55.45999999992682,
      "bonus": 0.0,
      "closed_lots": 15.670000000000012,
      "equity_start": 5604.999999999662,
      "equity_end": 5660.459999999586,
      "win_rate_pct": 60.49382716049383,
      "pnl_pct": 0.9894736842092805
    },
    {
      "month": "2025-07",
      "signals": 421,
      "wins": 231,
      "losses": 133,
      "no_fills": 56,
      "open": 0,
      "pnl": 611.2599999999493,
      "trading_pnl": 611.2599999999493,
      "bonus": 0.0,
      "closed_lots": 15.369999999999994,
      "equity_start": 5660.459999999586,
      "equity_end": 6271.719999999536,
      "win_rate_pct": 63.46153846153846,
      "pnl_pct": 10.798769004639093
    },
    {
      "month": "2025-08",
      "signals": 388,
      "wins": 210,
      "losses": 129,
      "no_fills": 49,
      "open": 0,
      "pnl": 239.7099999998827,
      "trading_pnl": 239.7099999998827,
      "bonus": 0.0,
      "closed_lots": 14.549999999999983,
      "equity_start": 6271.719999999536,
      "equity_end": 6511.429999999423,
      "win_rate_pct": 61.94690265486725,
      "pnl_pct": 3.8220775162140597
    },
    {
      "month": "2025-09",
      "signals": 402,
      "wins": 213,
      "losses": 134,
      "no_fills": 54,
      "open": 0,
      "pnl": 1359.599999999924,
      "trading_pnl": 1359.599999999924,
      "bonus": 0.0,
      "closed_lots": 16.669999999999995,
      "equity_start": 6511.429999999423,
      "equity_end": 7871.029999999349,
      "win_rate_pct": 61.38328530259366,
      "pnl_pct": 20.88020603769133
    },
    {
      "month": "2025-10",
      "signals": 424,
      "wins": 235,
      "losses": 152,
      "no_fills": 37,
      "open": 0,
      "pnl": 1911.159999999868,
      "trading_pnl": 1911.159999999868,
      "bonus": 0.0,
      "closed_lots": 20.499999999999957,
      "equity_start": 7871.029999999349,
      "equity_end": 9782.189999999231,
      "win_rate_pct": 60.72351421188631,
      "pnl_pct": 24.2809390892936
    },
    {
      "month": "2025-11",
      "signals": 366,
      "wins": 202,
      "losses": 139,
      "no_fills": 25,
      "open": 0,
      "pnl": 1140.339999999891,
      "trading_pnl": 1140.339999999891,
      "bonus": 0.0,
      "closed_lots": 17.85,
      "equity_start": 9782.189999999231,
      "equity_end": 10922.529999999124,
      "win_rate_pct": 59.2375366568915,
      "pnl_pct": 11.657307821663458
    },
    {
      "month": "2025-12",
      "signals": 402,
      "wins": 218,
      "losses": 151,
      "no_fills": 33,
      "open": 0,
      "pnl": 941.3399999998783,
      "trading_pnl": 941.3399999998783,
      "bonus": 0.0,
      "closed_lots": 18.87999999999997,
      "equity_start": 10922.529999999124,
      "equity_end": 11863.869999998977,
      "win_rate_pct": 59.078590785907856,
      "pnl_pct": 8.618332932021737
    },
    {
      "month": "2026-01",
      "signals": 397,
      "wins": 214,
      "losses": 150,
      "no_fills": 33,
      "open": 0,
      "pnl": 1301.5099999998802,
      "trading_pnl": 1301.5099999998802,
      "bonus": 0.0,
      "closed_lots": 19.579999999999963,
      "equity_start": 11863.869999998977,
      "equity_end": 13165.379999998864,
      "win_rate_pct": 58.791208791208796,
      "pnl_pct": 10.97036633071664
    },
    {
      "month": "2026-02",
      "signals": 362,
      "wins": 185,
      "losses": 156,
      "no_fills": 21,
      "open": 0,
      "pnl": 106.8899999998348,
      "trading_pnl": 106.8899999998348,
      "bonus": 0.0,
      "closed_lots": 19.31999999999997,
      "equity_start": 13165.379999998864,
      "equity_end": 13272.269999998698,
      "win_rate_pct": 54.252199413489734,
      "pnl_pct": 0.8119021251178774
    },
    {
      "month": "2026-03",
      "signals": 401,
      "wins": 183,
      "losses": 193,
      "no_fills": 25,
      "open": 0,
      "pnl": -1803.2200000001894,
      "trading_pnl": -1803.2200000001894,
      "bonus": 0.0,
      "closed_lots": 20.959999999999937,
      "equity_start": 13272.269999998698,
      "equity_end": 11469.049999998515,
      "win_rate_pct": 48.67021276595745,
      "pnl_pct": -13.586372188030882
    },
    {
      "month": "2026-04",
      "signals": 377,
      "wins": 188,
      "losses": 171,
      "no_fills": 18,
      "open": 0,
      "pnl": -685.5100000001676,
      "trading_pnl": -685.5100000001676,
      "bonus": 0.0,
      "closed_lots": 19.56999999999997,
      "equity_start": 11469.049999998515,
      "equity_end": 10783.53999999835,
      "win_rate_pct": 52.36768802228412,
      "pnl_pct": -5.977042562376625
    },
    {
      "month": "2026-05",
      "signals": 387,
      "wins": 206,
      "losses": 148,
      "no_fills": 33,
      "open": 0,
      "pnl": 1670.109999999877,
      "trading_pnl": 1670.109999999877,
      "bonus": 0.0,
      "closed_lots": 19.389999999999965,
      "equity_start": 10783.53999999835,