{
  "rank": 6,
  "candidate_id": "64173564b2c411b1",
  "filter_preset": "self_limit",
  "metrics": {
    "candidate_id": "64173564b2c411b1",
    "filter_preset": "self_limit",
    "passes_recommendation_gate": false,
    "passes_dd": false,
    "passes_edge": true,
    "passes_consistency": true,
    "passes_oos": true,
    "score": 9734.159166666293,
    "fixed_no_bonus_profit": 9984.569999999516,
    "fixed_with_bonus_profit": 10514.069999999248,
    "bonus_contribution": 529.4999999997326,
    "concurrent_risk_max_dd_pct": 74.54666928373487,
    "risk_net_profit_with_bonus": 249652523.27001467,
    "stable_months": 14,
    "total_months": 18,
    "stable_fraction": 0.7777777777777778,
    "worst_month_pnl": -410.02000000010685,
    "oos_fixed_no_bonus_profit": 7873.530000000017
  },
  "monthly": [
    {
      "month": "2025-01",
      "signals": 399,
      "wins": 183,
      "losses": 128,
      "no_fills": 88,
      "open": 0,
      "pnl": 429.79000000000815,
      "trading_pnl": 429.79000000000815,
      "bonus": 0.0,
      "closed_lots": 8.569999999999999,
      "equity_start": 1000.0,
      "equity_end": 1429.7900000000081,
      "win_rate_pct": 58.842443729903536,
      "pnl_pct": 42.979000000000816
    },
    {
      "month": "2025-02",
      "signals": 365,
      "wins": 180,
      "losses": 129,
      "no_fills": 56,
      "open": 0,
      "pnl": 98.88999999990801,
      "trading_pnl": 98.88999999990801,
      "bonus": 0.0,
      "closed_lots": 8.660000000000004,
      "equity_start": 1429.7900000000081,
      "equity_end": 1528.6799999999162,
      "win_rate_pct": 58.252427184466015,
      "pnl_pct": 6.9164003105286405
    },
    {
      "month": "2025-03",
      "signals": 384,
      "wins": 173,
      "losses": 161,
      "no_fills": 50,
      "open": 0,
      "pnl": -281.639999999928,
      "trading_pnl": -281.639999999928,
      "bonus": 0.0,
      "closed_lots": 9.519999999999982,
      "equity_start": 1528.6799999999162,
      "equity_end": 1266.5599999999863,
      "win_rate_pct": 51.796407185628745,
      "pnl_pct": -18.42373812700784
    },
    {
      "month": "2025-04",
      "signals": 382,
      "wins": 212,
      "losses": 130,
      "no_fills": 40,
      "open": 0,
      "pnl": 353.3099999999904,
      "trading_pnl": 353.3099999999904,
      "bonus": 0.0,
      "closed_lots": 10.029999999999974,
      "equity_start": 1238.5199999999882,
      "equity_end": 1672.5499999999784,
      "win_rate_pct": 61.98830409356725,
      "pnl_pct": 28.526790039724332
    },
    {
      "month": "2025-05",
      "signals": 388,
      "wins": 214,
      "losses": 139,
      "no_fills": 35,
      "open": 0,
      "pnl": 227.04000000007545,
      "trading_pnl": 227.04000000007545,
      "bonus": 0.0,
      "closed_lots": 10.239999999999972,
      "equity_start": 1600.3499999999785,
      "equity_end": 1827.390000000054,
      "win_rate_pct": 60.62322946175638,
      "pnl_pct": 14.186896616370076
    },
    {
      "month": "2025-06",
      "signals": 372,
      "wins": 180,
      "losses": 147,
      "no_fills": 45,
      "open": 0,
      "pnl": -333.24999999998954,
      "trading_pnl": -333.24999999998954,
      "bonus": 0.0,
      "closed_lots": 9.459999999999985,
      "equity_start": 1827.390000000054,
      "equity_end": 1493.040000000065,
      "win_rate_pct": 55.04587155963303,
      "pnl_pct": -18.23639179375939
    },
    {
      "month": "2025-07",
      "signals": 421,
      "wins": 198,
      "losses": 164,
      "no_fills": 59,
      "open": 0,
      "pnl": -155.09999999999764,
      "trading_pnl": -155.09999999999764,
      "bonus": 0.0,
      "closed_lots": 10.04999999999997,
      "equity_start": 1494.1400000000644,
      "equity_end": 1393.5600000000686,
      "win_rate_pct": 54.69613259668509,
      "pnl_pct": -10.380553361799493
    },
    {
      "month": "2025-08",
      "signals": 388,
      "wins": 161,
      "losses": 176,
      "no_fills": 51,
      "open": 0,
      "pnl": -410.02000000010685,
      "trading_pnl": -410.02000000010685,
      "bonus": 0.0,
      "closed_lots": 9.619999999999978,
      "equity_start": 1324.8000000000666,
      "equity_end": 929.01999999996,
      "win_rate_pct": 47.774480712166174,
      "pnl_pct": -30.9495772946925
    },
    {
      "month": "2025-09",
      "signals": 402,
      "wins": 212,
      "losses": 143,
      "no_fills": 47,
      "open": 0,
      "pnl": 236.43999999986545,
      "trading_pnl": 236.43999999986545,
      "bonus": 0.0,
      "closed_lots": 10.199999999999969,
      "equity_start": 929.01999999996,
      "equity_end": 1202.5599999998226,
      "win_rate_pct": 59.71830985915493,
      "pnl_pct": 25.450474693749936
    },
    {
      "month": "2025-10",
      "signals": 424,
      "wins": 272,
      "losses": 109,
      "no_fills": 43,
      "open": 0,
      "pnl": 1175.8899999998616,
      "trading_pnl": 1175.8899999998616,
      "bonus": 0.0,
      "closed_lots": 11.19999999999995,
      "equity_start": 1149.7199999998265,
      "equity_end": 2341.349999999687,
      "win_rate_pct": 71.39107611548556,
      "pnl_pct": 102.2762063806874
    },
    {
      "month": "2025-11",
      "signals": 366,
      "wins": 229,
      "losses": 113,
      "no_fills": 24,
      "open": 0,
      "pnl": 396.76999999990176,
      "trading_pnl": 396.76999999990176,
      "bonus": 0.0,
      "closed_lots": 10.039999999999976,
      "equity_start": 2341.349999999687,
      "equity_end": 2738.119999999589,
      "win_rate_pct": 66.95906432748538,
      "pnl_pct": 16.9462062485299
    },
    {
      "month": "2025-12",
      "signals": 402,
      "wins": 235,
      "losses": 138,
      "no_fills": 29,
      "open": 0,
      "pnl": 372.91999999988,
      "trading_pnl": 372.91999999988,
      "bonus": 0.0,
      "closed_lots": 10.899999999999956,
      "equity_start": 2738.119999999589,
      "equity_end": 3111.039999999469,
      "win_rate_pct": 63.00268096514745,
      "pnl_pct": 13.619563788290362
    },
    {
      "month": "2026-01",
      "signals": 397,
      "wins": 256,
      "losses": 105,
      "no_fills": 36,
      "open": 0,
      "pnl": 1827.0399999998936,
      "trading_pnl": 1827.0399999998936,
      "bonus": 0.0,
      "closed_lots": 10.66999999999996,
      "equity_start": 3111.039999999469,
      "equity_end": 4938.079999999362,
      "win_rate_pct": 70.91412742382272,
      "pnl_pct": 58.727628060076555
    },
    {
      "month": "2026-02",
      "signals": 362,
      "wins": 265,
      "losses": 80,
      "no_fills": 17,
      "open": 0,
      "pnl": 2394.1799999999575,
      "trading_pnl": 2394.1799999999575,
      "bonus": 0.0,
      "closed_lots": 10.249999999999972,
      "equity_start": 4938.079999999362,
      "equity_end": 7332.25999999932,
      "win_rate_pct": 76.81159420289855,
      "pnl_pct": 48.48402618022119
    },
    {
      "month": "2026-03",
      "signals": 401,
      "wins": 282,
      "losses": 92,
      "no_fills": 27,
      "open": 0,
      "pnl": 1752.7700000000468,
      "trading_pnl": 1752.7700000000468,
      "bonus": 0.0,
      "closed_lots": 11.119999999999951,
      "equity_start": 7332.25999999932,
      "equity_end": 9165.269999999382,
      "win_rate_pct": 75.40106951871658,
      "pnl_pct": 23.90490790015915
    },
    {
      "month": "2026-04",
      "signals": 377,
      "wins": 233,
      "losses": 123,
      "no_fills": 21,
      "open": 0,
      "pnl": 324.3400000000447,
      "trading_pnl": 324.3400000000447,
      "bonus": 0.0,
      "closed_lots": 10.479999999999967,
      "equity_start": 9064.279999999377,
      "equity_end": 9389.44999999943,
      "win_rate_pct": 65.4494382022472,
      "pnl_pct": 3.5782213259085887
    },
    {
      "month": "2026-05",
      "signals": 387,
      "wins": 250,
      "losses": 108,
      "no_fills": 29,
      "open": 0,
      "pnl": 1197.970000000042,
      "trading_pnl": 1197.970000000042,
      "bonus": 0.0,
      "closed_lots": 10.639999999999965,