{
  "rank": 1,
  "candidate_id": "bb3451562613809b",
  "filter_preset": "self_limit",
  "metrics": {
    "candidate_id": "bb3451562613809b",
    "filter_preset": "self_limit",
    "passes_recommendation_gate": false,
    "passes_dd": false,
    "passes_edge": true,
    "passes_consistency": true,
    "passes_oos": true,
    "score": 11568.570000000182,
    "fixed_no_bonus_profit": 13670.790000000055,
    "fixed_with_bonus_profit": 14363.460000000607,
    "bonus_contribution": 692.6700000005512,
    "concurrent_risk_max_dd_pct": 89.57143713917455,
    "risk_net_profit_with_bonus": 117376427014.19492,
    "stable_months": 12,
    "total_months": 18,
    "stable_fraction": 0.6666666666666666,
    "worst_month_pnl": -468.1099999999642,
    "oos_fixed_no_bonus_profit": 9818.840000000582
  },
  "monthly": [
    {
      "month": "2025-01",
      "signals": 399,
      "wins": 168,
      "losses": 128,
      "no_fills": 103,
      "open": 0,
      "pnl": 392.4799999999809,
      "trading_pnl": 392.4799999999809,
      "bonus": 0.0,
      "closed_lots": 10.599999999999946,
      "equity_start": 1000.0,
      "equity_end": 1392.479999999981,
      "win_rate_pct": 56.75675675675676,
      "pnl_pct": 39.24799999999809
    },
    {
      "month": "2025-02",
      "signals": 365,
      "wins": 177,
      "losses": 121,
      "no_fills": 64,
      "open": 0,
      "pnl": -18.40000000009968,
      "trading_pnl": -18.40000000009968,
      "bonus": 0.0,
      "closed_lots": 10.88999999999994,
      "equity_start": 1392.479999999981,
      "equity_end": 1374.0799999998812,
      "win_rate_pct": 59.395973154362416,
      "pnl_pct": -1.321383431007981
    },
    {
      "month": "2025-03",
      "signals": 384,
      "wins": 172,
      "losses": 152,
      "no_fills": 59,
      "open": 0,
      "pnl": -468.1099999999642,
      "trading_pnl": -468.1099999999642,
      "bonus": 0.0,
      "closed_lots": 12.259999999999911,
      "equity_start": 1374.0799999998812,
      "equity_end": 951.6799999999166,
      "win_rate_pct": 53.086419753086425,
      "pnl_pct": -34.06715766185408
    },
    {
      "month": "2025-04",
      "signals": 382,
      "wins": 204,
      "losses": 141,
      "no_fills": 36,
      "open": 0,
      "pnl": 1327.9099999999598,
      "trading_pnl": 1327.9099999999598,
      "bonus": 0.0,
      "closed_lots": 13.429999999999888,
      "equity_start": 905.969999999917,
      "equity_end": 2290.219999999876,
      "win_rate_pct": 59.130434782608695,
      "pnl_pct": 146.57328609115993
    },
    {
      "month": "2025-05",
      "signals": 388,
      "wins": 201,
      "losses": 149,
      "no_fills": 36,
      "open": 0,
      "pnl": -19.24999999996544,
      "trading_pnl": -19.24999999996544,
      "bonus": 0.0,
      "closed_lots": 13.539999999999887,
      "equity_start": 2233.879999999877,
      "equity_end": 2214.6299999999114,
      "win_rate_pct": 57.42857142857143,
      "pnl_pct": -0.8617293677353529
    },
    {
      "month": "2025-06",
      "signals": 372,
      "wins": 179,
      "losses": 146,
      "no_fills": 47,
      "open": 0,
      "pnl": 68.37999999997783,
      "trading_pnl": 68.37999999997783,
      "bonus": 0.0,
      "closed_lots": 12.289999999999912,
      "equity_start": 2214.6299999999114,
      "equity_end": 2283.0099999998893,
      "win_rate_pct": 55.07692307692308,
      "pnl_pct": 3.0876489526458397
    },
    {
      "month": "2025-07",
      "signals": 421,
      "wins": 200,
      "losses": 154,
      "no_fills": 66,
      "open": 0,
      "pnl": -240.9400000000319,
      "trading_pnl": -240.9400000000319,
      "bonus": 0.0,
      "closed_lots": 12.7499999999999,
      "equity_start": 2283.0099999998893,
      "equity_end": 2075.869999999856,
      "win_rate_pct": 56.49717514124294,
      "pnl_pct": -10.553611241301772
    },
    {
      "month": "2025-08",
      "signals": 388,
      "wins": 181,
      "losses": 146,
      "no_fills": 61,
      "open": 0,
      "pnl": -57.94000000012193,
      "trading_pnl": -57.94000000012193,
      "bonus": 0.0,
      "closed_lots": 12.039999999999917,
      "equity_start": 2038.1499999998573,
      "equity_end": 1984.1299999997354,
      "win_rate_pct": 55.35168195718655,
      "pnl_pct": -2.842774084347373
    },
    {
      "month": "2025-09",
      "signals": 402,
      "wins": 209,
      "losses": 140,
      "no_fills": 51,
      "open": 0,
      "pnl": 192.95999999986861,
      "trading_pnl": 192.95999999986861,
      "bonus": 0.0,
      "closed_lots": 13.24999999999989,
      "equity_start": 1984.1299999997354,
      "equity_end": 2197.5899999996022,
      "win_rate_pct": 59.885386819484246,
      "pnl_pct": 9.725169217737465
    },
    {
      "month": "2025-10",
      "signals": 424,
      "wins": 246,
      "losses": 136,
      "no_fills": 37,
      "open": 0,
      "pnl": 2020.1199999998703,
      "trading_pnl": 2020.1199999998703,
      "bonus": 0.0,
      "closed_lots": 14.989999999999855,
      "equity_start": 2177.089999999604,
      "equity_end": 4197.209999999476,
      "win_rate_pct": 64.3979057591623,
      "pnl_pct": 92.78991681557665
    },
    {
      "month": "2025-11",
      "signals": 366,
      "wins": 208,
      "losses": 132,
      "no_fills": 26,
      "open": 0,
      "pnl": 744.4699999999411,
      "trading_pnl": 744.4699999999411,
      "bonus": 0.0,
      "closed_lots": 13.079999999999895,
      "equity_start": 4197.209999999476,
      "equity_end": 4941.679999999424,
      "win_rate_pct": 61.1764705882353,
      "pnl_pct": 17.737258798107174
    },
    {
      "month": "2025-12",
      "signals": 402,
      "wins": 216,
      "losses": 157,
      "no_fills": 28,
      "open": 0,
      "pnl": -89.72999999994408,
      "trading_pnl": -89.72999999994408,
      "bonus": 0.0,
      "closed_lots": 14.34999999999987,
      "equity_start": 4941.679999999424,
      "equity_end": 4851.94999999948,
      "win_rate_pct": 57.9088471849866,
      "pnl_pct": -1.8157792491613085
    },
    {
      "month": "2026-01",
      "signals": 397,
      "wins": 229,
      "losses": 124,
      "no_fills": 33,
      "open": 0,
      "pnl": 2021.8699999999844,
      "trading_pnl": 2021.8699999999844,
      "bonus": 0.0,
      "closed_lots": 14.209999999999873,
      "equity_start": 4851.94999999948,
      "equity_end": 6873.819999999464,
      "win_rate_pct": 64.87252124645893,
      "pnl_pct": 41.67128680221769
    },
    {
      "month": "2026-02",
      "signals": 362,
      "wins": 220,
      "losses": 115,
      "no_fills": 16,
      "open": 0,
      "pnl": 2483.04000000005,
      "trading_pnl": 2483.04000000005,
      "bonus": 0.0,
      "closed_lots": 13.639999999999885,
      "equity_start": 6873.819999999464,
      "equity_end": 9356.859999999511,
      "win_rate_pct": 65.67164179104478,
      "pnl_pct": 36.12314549988571
    },
    {
      "month": "2026-03",
      "signals": 401,
      "wins": 254,
      "losses": 111,
      "no_fills": 18,
      "open": 0,
      "pnl": 3013.0200000001014,
      "trading_pnl": 3013.0200000001014,
      "bonus": 0.0,
      "closed_lots": 15.069999999999855,
      "equity_start": 9356.859999999511,
      "equity_end": 12473.579999999609,
      "win_rate_pct": 69.58904109589041,
      "pnl_pct": 32.20118715039296
    },
    {
      "month": "2026-04",
      "signals": 377,
      "wins": 213,
      "losses": 141,
      "no_fills": 18,
      "open": 0,
      "pnl": 617.4900000001753,
      "trading_pnl": 617.4900000001753,
      "bonus": 0.0,
      "closed_lots": 13.969999999999876,
      "equity_start": 12338.189999999606,
      "equity_end": 12971.569999999792,
      "win_rate_pct": 60.16949152542372,
      "pnl_pct": 5.004704904043422
    },
    {
      "month": "2026-05",
      "signals": 387,
      "wins": 222,
      "losses": 138,
      "no_fills": 25,
      "open": 0,
      "pnl": 1242.6900000001815,
      "trading_pnl": 1242.6900000001815,
      "bonus": 0.0,
      "closed_lots": 14.179999999999874,