{
  "rank": 5,
  "candidate_id": "0e86921b1c5e32b7",
  "filter_preset": "self_limit",
  "metrics": {
    "candidate_id": "0e86921b1c5e32b7",
    "filter_preset": "self_limit",
    "passes_recommendation_gate": false,
    "passes_dd": false,
    "passes_edge": true,
    "passes_consistency": true,
    "passes_oos": true,
    "score": 10779.45555555557,
    "fixed_no_bonus_profit": 11751.685000000027,
    "fixed_with_bonus_profit": 12272.334999999382,
    "bonus_contribution": 520.6499999993557,
    "concurrent_risk_max_dd_pct": 90.42990711423428,
    "risk_net_profit_with_bonus": 1068710868760276.5,
    "stable_months": 13,
    "total_months": 18,
    "stable_fraction": 0.7222222222222222,
    "worst_month_pnl": -363.6299999999219,
    "oos_fixed_no_bonus_profit": 9168.509999999991
  },
  "monthly": [
    {
      "month": "2025-01",
      "signals": 399,
      "wins": 185,
      "losses": 110,
      "no_fills": 104,
      "open": 0,
      "pnl": 377.33500000001914,
      "trading_pnl": 377.33500000001914,
      "bonus": 0.0,
      "closed_lots": 7.930000000000009,
      "equity_start": 1000.0,
      "equity_end": 1377.3350000000191,
      "win_rate_pct": 62.71186440677966,
      "pnl_pct": 37.73350000000191
    },
    {
      "month": "2025-02",
      "signals": 365,
      "wins": 196,
      "losses": 103,
      "no_fills": 63,
      "open": 0,
      "pnl": 292.0549999999603,
      "trading_pnl": 292.0549999999603,
      "bonus": 0.0,
      "closed_lots": 8.160000000000005,
      "equity_start": 1377.3350000000191,
      "equity_end": 1669.3899999999794,
      "win_rate_pct": 65.55183946488295,
      "pnl_pct": 21.204354786595577
    },
    {
      "month": "2025-03",
      "signals": 384,
      "wins": 176,
      "losses": 149,
      "no_fills": 58,
      "open": 0,
      "pnl": -363.6299999999219,
      "trading_pnl": -363.6299999999219,
      "bonus": 0.0,
      "closed_lots": 9.21999999999999,
      "equity_start": 1669.3899999999794,
      "equity_end": 1314.7500000000568,
      "win_rate_pct": 54.15384615384615,
      "pnl_pct": -21.782207872332194
    },
    {
      "month": "2025-04",
      "signals": 382,
      "wins": 214,
      "losses": 132,
      "no_fills": 36,
      "open": 0,
      "pnl": 154.21500000005017,
      "trading_pnl": 154.21500000005017,
      "bonus": 0.0,
      "closed_lots": 10.079999999999972,
      "equity_start": 1305.7600000000575,
      "equity_end": 1461.405000000108,
      "win_rate_pct": 61.849710982658955,
      "pnl_pct": 11.810363313322767
    },
    {
      "month": "2025-05",
      "signals": 388,
      "wins": 218,
      "losses": 133,
      "no_fills": 35,
      "open": 0,
      "pnl": -125.75499999989006,
      "trading_pnl": -125.75499999989006,
      "bonus": 0.0,
      "closed_lots": 10.16999999999997,
      "equity_start": 1459.9750000001077,
      "equity_end": 1334.2200000002176,
      "win_rate_pct": 62.10826210826211,
      "pnl_pct": -8.613503655876354
    },
    {
      "month": "2025-06",
      "signals": 372,
      "wins": 195,
      "losses": 130,
      "no_fills": 47,
      "open": 0,
      "pnl": -261.4499999999566,
      "trading_pnl": -261.4499999999566,
      "bonus": 0.0,
      "closed_lots": 9.22999999999999,
      "equity_start": 1334.2200000002176,
      "equity_end": 1072.770000000261,
      "win_rate_pct": 60.0,
      "pnl_pct": -19.59571884696032
    },
    {
      "month": "2025-07",
      "signals": 421,
      "wins": 221,
      "losses": 133,
      "no_fills": 66,
      "open": 0,
      "pnl": -63.07999999997537,
      "trading_pnl": -63.07999999997537,
      "bonus": 0.0,
      "closed_lots": 9.629999999999972,
      "equity_start": 1072.770000000261,
      "equity_end": 1022.2400000002849,
      "win_rate_pct": 62.42937853107344,
      "pnl_pct": -5.88010477548403
    },
    {
      "month": "2025-08",
      "signals": 388,
      "wins": 188,
      "losses": 140,
      "no_fills": 60,
      "open": 0,
      "pnl": -45.70500000003403,
      "trading_pnl": -45.70500000003403,
      "bonus": 0.0,
      "closed_lots": 9.029999999999989,
      "equity_start": 1003.9000000002852,
      "equity_end": 963.9850000002516,
      "win_rate_pct": 57.3170731707317,
      "pnl_pct": -4.552744297242858
    },
    {
      "month": "2025-09",
      "signals": 402,
      "wins": 222,
      "losses": 129,
      "no_fills": 50,
      "open": 0,
      "pnl": 122.31999999995696,
      "trading_pnl": 122.31999999995696,
      "bonus": 0.0,
      "closed_lots": 9.949999999999969,
      "equity_start": 963.9850000002516,
      "equity_end": 1112.615000000208,
      "win_rate_pct": 63.24786324786324,
      "pnl_pct": 12.688994123344767
    },
    {
      "month": "2025-10",
      "signals": 424,
      "wins": 273,
      "losses": 113,
      "no_fills": 35,
      "open": 0,
      "pnl": 1764.5499999999174,
      "trading_pnl": 1764.5499999999174,
      "bonus": 0.0,
      "closed_lots": 11.269999999999946,
      "equity_start": 1086.3050000002086,
      "equity_end": 2850.855000000126,
      "win_rate_pct": 70.72538860103627,
      "pnl_pct": 162.4359641168529
    },
    {
      "month": "2025-11",
      "signals": 366,
      "wins": 223,
      "losses": 118,
      "no_fills": 25,
      "open": 0,
      "pnl": 491.7499999999404,
      "trading_pnl": 491.7499999999404,
      "bonus": 0.0,
      "closed_lots": 9.839999999999979,
      "equity_start": 2850.855000000126,
      "equity_end": 3342.6050000000664,
      "win_rate_pct": 65.39589442815249,
      "pnl_pct": 17.249211201548963
    },
    {
      "month": "2025-12",
      "signals": 402,
      "wins": 240,
      "losses": 134,
      "no_fills": 28,
      "open": 0,
      "pnl": 240.5699999999615,
      "trading_pnl": 240.5699999999615,
      "bonus": 0.0,
      "closed_lots": 10.759999999999955,
      "equity_start": 3342.6050000000664,
      "equity_end": 3583.175000000028,
      "win_rate_pct": 64.1711229946524,
      "pnl_pct": 7.1970813183118185
    },
    {
      "month": "2026-01",
      "signals": 397,
      "wins": 267,
      "losses": 94,
      "no_fills": 30,
      "open": 0,
      "pnl": 1794.809999999894,
      "trading_pnl": 1794.809999999894,
      "bonus": 0.0,
      "closed_lots": 10.709999999999958,
      "equity_start": 3583.175000000028,
      "equity_end": 5377.984999999922,
      "win_rate_pct": 73.9612188365651,
      "pnl_pct": 50.08993420639182
    },
    {
      "month": "2026-02",
      "signals": 362,
      "wins": 254,
      "losses": 81,
      "no_fills": 13,
      "open": 0,
      "pnl": 2715.2099999999245,
      "trading_pnl": 2715.2099999999245,
      "bonus": 0.0,
      "closed_lots": 10.269999999999971,
      "equity_start": 5377.984999999922,
      "equity_end": 8093.194999999847,
      "win_rate_pct": 75.82089552238806,
      "pnl_pct": 50.487496711128124
    },
    {
      "month": "2026-03",
      "signals": 401,
      "wins": 299,
      "losses": 73,
      "no_fills": 17,
      "open": 0,
      "pnl": 2902.204999999999,
      "trading_pnl": 2902.204999999999,
      "bonus": 0.0,
      "closed_lots": 11.339999999999947,
      "equity_start": 8093.194999999847,
      "equity_end": 11068.039999999855,
      "win_rate_pct": 80.3763440860215,
      "pnl_pct": 35.85981803231053
    },
    {
      "month": "2026-04",
      "signals": 377,
      "wins": 234,
      "losses": 121,
      "no_fills": 18,
      "open": 0,
      "pnl": 759.8800000000265,
      "trading_pnl": 759.8800000000265,
      "bonus": 0.0,
      "closed_lots": 10.469999999999967,
      "equity_start": 10957.709999999854,
      "equity_end": 11762.719999999923,
      "win_rate_pct": 65.91549295774648,
      "pnl_pct": 6.934660617957919
    },
    {
      "month": "2026-05",
      "signals": 387,
      "wins": 233,
      "losses": 129,
      "no_fills": 24,
      "open": 0,
      "pnl": 544.9500000000462,
      "trading_pnl": 544.9500000000462,
      "bonus": 0.0,
      "closed_lots": 10.669999999999963,
      "equity_start": 11754.609999999924,