{
  "rank": 6,
  "candidate_id": "ef6d203222e6ea3a",
  "filter_preset": "self_limit",
  "metrics": {
    "candidate_id": "ef6d203222e6ea3a",
    "filter_preset": "self_limit",
    "passes_recommendation_gate": true,
    "passes_dd": true,
    "passes_edge": true,
    "passes_consistency": true,
    "passes_oos": true,
    "score": 5924.800833333142,
    "fixed_no_bonus_profit": 5955.219999999786,
    "fixed_with_bonus_profit": 6145.119999999532,
    "bonus_contribution": 189.8999999997468,
    "concurrent_risk_max_dd_pct": 40.13980004163427,
    "risk_net_profit_with_bonus": 4105212825.750011,
    "stable_months": 15,
    "total_months": 18,
    "stable_fraction": 0.8333333333333334,
    "worst_month_pnl": -114.749999999995,
    "oos_fixed_no_bonus_profit": 3848.4699999999457
  },
  "monthly": [
    {
      "month": "2025-01",
      "signals": 446,
      "wins": 152,
      "losses": 95,
      "no_fills": 195,
      "open": 0,
      "pnl": 28.540000000006785,
      "trading_pnl": 28.540000000006785,
      "bonus": 0.0,
      "closed_lots": 2.5099999999999905,
      "equity_start": 1000.0,
      "equity_end": 1028.5400000000068,
      "win_rate_pct": 61.53846153846154,
      "pnl_pct": 2.8540000000006787
    },
    {
      "month": "2025-02",
      "signals": 419,
      "wins": 182,
      "losses": 92,
      "no_fills": 132,
      "open": 0,
      "pnl": -48.20000000002619,
      "trading_pnl": -48.20000000002619,
      "bonus": 0.0,
      "closed_lots": 2.869999999999983,
      "equity_start": 1028.5400000000068,
      "equity_end": 980.3399999999806,
      "win_rate_pct": 66.42335766423358,
      "pnl_pct": -4.686254302217305
    },
    {
      "month": "2025-03",
      "signals": 446,
      "wins": 202,
      "losses": 104,
      "no_fills": 132,
      "open": 0,
      "pnl": 96.78000000001703,
      "trading_pnl": 96.78000000001703,
      "bonus": 0.0,
      "closed_lots": 3.139999999999977,
      "equity_start": 980.3399999999806,
      "equity_end": 1076.3299999999977,
      "win_rate_pct": 66.01307189542483,
      "pnl_pct": 9.872085194934302
    },
    {
      "month": "2025-04",
      "signals": 459,
      "wins": 283,
      "losses": 82,
      "no_fills": 72,
      "open": 0,
      "pnl": 231.96000000000458,
      "trading_pnl": 231.96000000000458,
      "bonus": 0.0,
      "closed_lots": 3.8699999999999615,
      "equity_start": 1077.1199999999976,
      "equity_end": 1317.5200000000023,
      "win_rate_pct": 77.53424657534246,
      "pnl_pct": 21.535204991087816
    },
    {
      "month": "2025-05",
      "signals": 448,
      "wins": 261,
      "losses": 76,
      "no_fills": 84,
      "open": 0,
      "pnl": 286.9700000000289,
      "trading_pnl": 286.9700000000289,
      "bonus": 0.0,
      "closed_lots": 3.6399999999999664,
      "equity_start": 1309.0800000000022,
      "equity_end": 1596.050000000031,
      "win_rate_pct": 77.44807121661721,
      "pnl_pct": 21.92150212363098
    },
    {
      "month": "2025-06",
      "signals": 440,
      "wins": 216,
      "losses": 118,
      "no_fills": 93,
      "open": 0,
      "pnl": -114.749999999995,
      "trading_pnl": -114.749999999995,
      "bonus": 0.0,
      "closed_lots": 3.46999999999997,
      "equity_start": 1596.050000000031,
      "equity_end": 1482.5300000000361,
      "win_rate_pct": 64.67065868263472,
      "pnl_pct": -7.189624385200512
    },
    {
      "month": "2025-07",
      "signals": 471,
      "wins": 211,
      "losses": 98,
      "no_fills": 161,
      "open": 0,
      "pnl": -7.300000000005184,
      "trading_pnl": -7.300000000005184,
      "bonus": 0.0,
      "closed_lots": 3.099999999999978,
      "equity_start": 1481.300000000036,
      "equity_end": 1489.9200000000315,
      "win_rate_pct": 68.28478964401295,
      "pnl_pct": -0.49281036927057353
    },
    {
      "month": "2025-08",
      "signals": 454,
      "wins": 200,
      "losses": 140,
      "no_fills": 111,
      "open": 0,
      "pnl": 21.769999999974516,
      "trading_pnl": 21.769999999974516,
      "bonus": 0.0,
      "closed_lots": 3.429999999999971,
      "equity_start": 1466.6400000000303,
      "equity_end": 1495.7700000000054,
      "win_rate_pct": 58.82352941176471,
      "pnl_pct": 1.484345169910412
    },
    {
      "month": "2025-09",
      "signals": 469,
      "wins": 251,
      "losses": 98,
      "no_fills": 114,
      "open": 0,
      "pnl": 356.94999999996753,
      "trading_pnl": 356.94999999996753,
      "bonus": 0.0,
      "closed_lots": 3.5499999999999683,
      "equity_start": 1495.7700000000054,
      "equity_end": 1872.809999999969,
      "win_rate_pct": 71.91977077363897,
      "pnl_pct": 23.86396304244411
    },
    {
      "month": "2025-10",
      "signals": 479,
      "wins": 283,
      "losses": 54,
      "no_fills": 72,
      "open": 0,
      "pnl": 591.3099999999449,
      "trading_pnl": 591.3099999999449,
      "bonus": 0.0,
      "closed_lots": 4.069999999999958,
      "equity_start": 1852.719999999973,
      "equity_end": 2444.029999999918,
      "win_rate_pct": 83.97626112759644,
      "pnl_pct": 31.91577788332579
    },
    {
      "month": "2025-11",
      "signals": 433,
      "wins": 282,
      "losses": 69,
      "no_fills": 59,
      "open": 0,
      "pnl": 242.4099999999662,
      "trading_pnl": 242.4099999999662,
      "bonus": 0.0,
      "closed_lots": 3.7399999999999642,
      "equity_start": 2444.029999999918,
      "equity_end": 2686.439999999884,
      "win_rate_pct": 80.34188034188034,
      "pnl_pct": 9.918454356123876
    },
    {
      "month": "2025-12",
      "signals": 459,
      "wins": 301,
      "losses": 62,
      "no_fills": 61,
      "open": 0,
      "pnl": 420.30999999995583,
      "trading_pnl": 420.30999999995583,
      "bonus": 0.0,
      "closed_lots": 3.979999999999959,
      "equity_start": 2686.439999999884,
      "equity_end": 3106.74999999984,
      "win_rate_pct": 82.92011019283747,
      "pnl_pct": 15.645612781226232
    },
    {
      "month": "2026-01",
      "signals": 447,
      "wins": 283,
      "losses": 45,
      "no_fills": 58,
      "open": 0,
      "pnl": 693.4499999999616,
      "trading_pnl": 693.4499999999616,
      "bonus": 0.0,
      "closed_lots": 3.889999999999961,
      "equity_start": 3106.74999999984,
      "equity_end": 3800.1999999998015,
      "win_rate_pct": 86.28048780487805,
      "pnl_pct": 22.320753198680208
    },
    {
      "month": "2026-02",
      "signals": 430,
      "wins": 281,
      "losses": 38,
      "no_fills": 28,
      "open": 0,
      "pnl": 1137.0599999999858,
      "trading_pnl": 1137.0599999999858,
      "bonus": 0.0,
      "closed_lots": 4.019999999999959,
      "equity_start": 3800.1999999998015,
      "equity_end": 4937.259999999787,
      "win_rate_pct": 88.08777429467085,
      "pnl_pct": 29.921056786486112
    },
    {
      "month": "2026-03",
      "signals": 466,
      "wins": 313,
      "losses": 30,
      "no_fills": 33,
      "open": 0,
      "pnl": 1003.8600000000051,
      "trading_pnl": 1003.8600000000051,
      "bonus": 0.0,
      "closed_lots": 4.329999999999952,
      "equity_start": 4937.259999999787,
      "equity_end": 5970.109999999792,
      "win_rate_pct": 91.25364431486881,
      "pnl_pct": 20.33233007781742
    },
    {
      "month": "2026-04",
      "signals": 437,
      "wins": 308,
      "losses": 50,
      "no_fills": 38,
      "open": 0,
      "pnl": 358.3799999999901,
      "trading_pnl": 358.3799999999901,
      "bonus": 0.0,
      "closed_lots": 3.989999999999959,
      "equity_start": 5941.1199999997925,
      "equity_end": 6303.179999999783,
      "win_rate_pct": 86.03351955307262,
      "pnl_pct": 6.032195949585308
    },
    {
      "month": "2026-05",
      "signals": 449,
      "wins": 292,
      "losses": 66,
      "no_fills": 51,
      "open": 0,
      "pnl": 390.8699999999981,
      "trading_pnl": 390.8699999999981,
      "bonus": 0.0,
      "closed_lots": 3.979999999999959,
      "equity_start": 6296.599999999783,