{
  "rank": 14,
  "candidate_id": "948fdd3e29bab0ae",
  "filter_preset": "self_limit",
  "metrics": {
    "candidate_id": "948fdd3e29bab0ae",
    "filter_preset": "self_limit",
    "passes_recommendation_gate": false,
    "passes_dd": false,
    "passes_edge": true,
    "passes_consistency": true,
    "passes_oos": true,
    "score": 10164.825347221955,
    "fixed_no_bonus_profit": 9607.412499999738,
    "fixed_with_bonus_profit": 9949.112499999848,
    "bonus_contribution": 341.70000000010987,
    "concurrent_risk_max_dd_pct": 54.19283813185839,
    "risk_net_profit_with_bonus": 2734856634.632491,
    "stable_months": 16,
    "total_months": 18,
    "stable_fraction": 0.8888888888888888,
    "worst_month_pnl": -193.31000000000768,
    "oos_fixed_no_bonus_profit": 6499.612499999866
  },
  "monthly": [
    {
      "month": "2025-01",
      "signals": 446,
      "wins": 46,
      "losses": 35,
      "no_fills": 314,
      "open": 0,
      "pnl": 69.81249999999955,
      "trading_pnl": 69.81249999999955,
      "bonus": 0.0,
      "closed_lots": 2.299999999999998,
      "equity_start": 1000.0,
      "equity_end": 1069.8124999999995,
      "win_rate_pct": 56.79012345679012,
      "pnl_pct": 6.981249999999954
    },
    {
      "month": "2025-02",
      "signals": 419,
      "wins": 66,
      "losses": 43,
      "no_fills": 242,
      "open": 0,
      "pnl": 183.0674999999892,
      "trading_pnl": 183.0674999999892,
      "bonus": 0.0,
      "closed_lots": 3.5999999999999903,
      "equity_start": 1069.8124999999995,
      "equity_end": 1252.8799999999887,
      "win_rate_pct": 60.550458715596335,
      "pnl_pct": 17.112110767072668
    },
    {
      "month": "2025-03",
      "signals": 446,
      "wins": 81,
      "losses": 35,
      "no_fills": 261,
      "open": 0,
      "pnl": 336.1500000000051,
      "trading_pnl": 336.1500000000051,
      "bonus": 0.0,
      "closed_lots": 3.5299999999999905,
      "equity_start": 1252.8799999999887,
      "equity_end": 1589.0299999999938,
      "win_rate_pct": 69.82758620689656,
      "pnl_pct": 26.83018325777474
    },
    {
      "month": "2025-04",
      "signals": 459,
      "wins": 116,
      "losses": 64,
      "no_fills": 143,
      "open": 0,
      "pnl": 359.8324999999868,
      "trading_pnl": 359.8324999999868,
      "bonus": 0.0,
      "closed_lots": 7.32999999999999,
      "equity_start": 1589.0299999999938,
      "equity_end": 1948.8624999999806,
      "win_rate_pct": 64.44444444444444,
      "pnl_pct": 22.644789588616213
    },
    {
      "month": "2025-05",
      "signals": 448,
      "wins": 106,
      "losses": 58,
      "no_fills": 173,
      "open": 0,
      "pnl": 193.5775000000026,
      "trading_pnl": 193.5775000000026,
      "bonus": 0.0,
      "closed_lots": 6.289999999999983,
      "equity_start": 1948.8624999999806,
      "equity_end": 2142.4399999999832,
      "win_rate_pct": 64.63414634146342,
      "pnl_pct": 9.932845441892619
    },
    {
      "month": "2025-06",
      "signals": 440,
      "wins": 79,
      "losses": 67,
      "no_fills": 198,
      "open": 0,
      "pnl": -157.9925000000071,
      "trading_pnl": -157.9925000000071,
      "bonus": 0.0,
      "closed_lots": 5.219999999999984,
      "equity_start": 2142.4399999999832,
      "equity_end": 1984.4474999999761,
      "win_rate_pct": 54.109589041095894,
      "pnl_pct": -7.374418886877035
    },
    {
      "month": "2025-07",
      "signals": 471,
      "wins": 64,
      "losses": 43,
      "no_fills": 288,
      "open": 0,
      "pnl": -193.31000000000768,
      "trading_pnl": -193.31000000000768,
      "bonus": 0.0,
      "closed_lots": 3.5099999999999896,
      "equity_start": 1984.4474999999761,
      "equity_end": 1791.1374999999684,
      "win_rate_pct": 59.813084112149525,
      "pnl_pct": -9.741250398411145
    },
    {
      "month": "2025-08",
      "signals": 454,
      "wins": 82,
      "losses": 58,
      "no_fills": 261,
      "open": 0,
      "pnl": 67.32999999998401,
      "trading_pnl": 67.32999999998401,
      "bonus": 0.0,
      "closed_lots": 3.639999999999986,
      "equity_start": 1791.1374999999684,
      "equity_end": 1858.4674999999525,
      "win_rate_pct": 58.57142857142858,
      "pnl_pct": 3.759063723470989
    },
    {
      "month": "2025-09",
      "signals": 469,
      "wins": 112,
      "losses": 47,
      "no_fills": 221,
      "open": 0,
      "pnl": 588.0299999999852,
      "trading_pnl": 588.0299999999852,
      "bonus": 0.0,
      "closed_lots": 5.3399999999999865,
      "equity_start": 1858.4674999999525,
      "equity_end": 2446.4974999999376,
      "win_rate_pct": 70.44025157232704,
      "pnl_pct": 31.640585590008985
    },
    {
      "month": "2025-10",
      "signals": 479,
      "wins": 144,
      "losses": 54,
      "no_fills": 153,
      "open": 0,
      "pnl": 852.119999999963,
      "trading_pnl": 852.119999999963,
      "bonus": 0.0,
      "closed_lots": 8.499999999999998,
      "equity_start": 2446.4974999999376,
      "equity_end": 3298.6174999999007,
      "win_rate_pct": 72.72727272727273,
      "pnl_pct": 34.83020113447836
    },
    {
      "month": "2025-11",
      "signals": 433,
      "wins": 114,
      "losses": 59,
      "no_fills": 141,
      "open": 0,
      "pnl": 490.5324999999807,
      "trading_pnl": 490.5324999999807,
      "bonus": 0.0,
      "closed_lots": 7.22,
      "equity_start": 3298.6174999999007,
      "equity_end": 3789.1499999998814,
      "win_rate_pct": 65.89595375722543,
      "pnl_pct": 14.870851197509122
    },
    {
      "month": "2025-12",
      "signals": 459,
      "wins": 109,
      "losses": 57,
      "no_fills": 155,
      "open": 0,
      "pnl": 318.6499999999869,
      "trading_pnl": 318.6499999999869,
      "bonus": 0.0,
      "closed_lots": 7.269999999999987,
      "equity_start": 3789.1499999998814,
      "equity_end": 4107.799999999868,
      "win_rate_pct": 65.66265060240963,
      "pnl_pct": 8.409537759127954
    },
    {
      "month": "2026-01",
      "signals": 447,
      "wins": 136,
      "losses": 56,
      "no_fills": 123,
      "open": 0,
      "pnl": 1008.5799999999472,
      "trading_pnl": 1008.5799999999472,
      "bonus": 0.0,
      "closed_lots": 8.27,
      "equity_start": 4107.799999999868,
      "equity_end": 5116.3799999998155,
      "win_rate_pct": 70.83333333333334,
      "pnl_pct": 24.552801986464274
    },
    {
      "month": "2026-02",
      "signals": 430,
      "wins": 183,
      "losses": 57,
      "no_fills": 75,
      "open": 0,
      "pnl": 2680.924999999951,
      "trading_pnl": 2680.924999999951,
      "bonus": 0.0,
      "closed_lots": 9.879999999999969,
      "equity_start": 5116.3799999998155,
      "equity_end": 7797.304999999767,
      "win_rate_pct": 76.25,
      "pnl_pct": 52.39886404059213
    },
    {
      "month": "2026-03",
      "signals": 466,
      "wins": 178,
      "losses": 66,
      "no_fills": 82,
      "open": 0,
      "pnl": 1819.0599999999758,
      "trading_pnl": 1819.0599999999758,
      "bonus": 0.0,
      "closed_lots": 10.649999999999954,
      "equity_start": 7797.304999999767,
      "equity_end": 9616.364999999745,
      "win_rate_pct": 72.95081967213115,
      "pnl_pct": 23.329342638258094
    },
    {
      "month": "2026-04",
      "signals": 437,
      "wins": 119,
      "losses": 67,
      "no_fills": 90,
      "open": 0,
      "pnl": 486.14999999999327,
      "trading_pnl": 486.14999999999327,
      "bonus": 0.0,
      "closed_lots": 9.00999999999998,
      "equity_start": 9616.364999999745,
      "equity_end": 10102.514999999745,
      "win_rate_pct": 63.97849462365591,
      "pnl_pct": 5.055444546874065
    },
    {
      "month": "2026-05",
      "signals": 449,
      "wins": 130,
      "losses": 70,
      "no_fills": 105,
      "open": 0,
      "pnl": 374.38999999999214,
      "trading_pnl": 374.38999999999214,
      "bonus": 0.0,
      "closed_lots": 8.729999999999984,
      "equity_start": 10102.514999999745,
      "equity_end": 10476.90499999973,