{
  "rank": 11,
  "candidate_id": "c1613545ffd859dd",
  "filter_preset": "self_limit",
  "metrics": {
    "candidate_id": "c1613545ffd859dd",
    "filter_preset": "self_limit",
    "passes_recommendation_gate": false,
    "passes_dd": false,
    "passes_edge": true,
    "passes_consistency": true,
    "passes_oos": true,
    "score": 12155.177222222434,
    "fixed_no_bonus_profit": 11320.450000000186,
    "fixed_with_bonus_profit": 11811.640000000847,
    "bonus_contribution": 491.1900000006608,
    "concurrent_risk_max_dd_pct": 80.47874844839068,
    "risk_net_profit_with_bonus": 74739526.73001303,
    "stable_months": 16,
    "total_months": 18,
    "stable_fraction": 0.8888888888888888,
    "worst_month_pnl": -742.7999999999847,
    "oos_fixed_no_bonus_profit": 8370.220000000183
  },
  "monthly": [
    {
      "month": "2025-01",
      "signals": 446,
      "wins": 52,
      "losses": 47,
      "no_fills": 347,
      "open": 0,
      "pnl": 24.14000000001215,
      "trading_pnl": 24.14000000001215,
      "bonus": 0.0,
      "closed_lots": 3.210000000000001,
      "equity_start": 1000.0,
      "equity_end": 1024.1400000000122,
      "win_rate_pct": 52.52525252525253,
      "pnl_pct": 2.414000000001215
    },
    {
      "month": "2025-02",
      "signals": 419,
      "wins": 84,
      "losses": 61,
      "no_fills": 272,
      "open": 0,
      "pnl": 77.78999999997222,
      "trading_pnl": 77.78999999997222,
      "bonus": 0.0,
      "closed_lots": 5.210000000000002,
      "equity_start": 1024.1400000000122,
      "equity_end": 1101.9299999999844,
      "win_rate_pct": 57.931034482758626,
      "pnl_pct": 7.595641220924024
    },
    {
      "month": "2025-03",
      "signals": 446,
      "wins": 79,
      "losses": 63,
      "no_fills": 304,
      "open": 0,
      "pnl": 32.67000000005282,
      "trading_pnl": 32.67000000005282,
      "bonus": 0.0,
      "closed_lots": 5.110000000000002,
      "equity_start": 1101.9299999999844,
      "equity_end": 1134.6000000000372,
      "win_rate_pct": 55.633802816901415,
      "pnl_pct": 2.9647981269275983
    },
    {
      "month": "2025-04",
      "signals": 459,
      "wins": 174,
      "losses": 114,
      "no_fills": 171,
      "open": 0,
      "pnl": 952.8900000000635,
      "trading_pnl": 952.8900000000635,
      "bonus": 0.0,
      "closed_lots": 10.809999999999942,
      "equity_start": 1134.6000000000372,
      "equity_end": 2087.4900000001007,
      "win_rate_pct": 60.416666666666664,
      "pnl_pct": 83.98466419883944
    },
    {
      "month": "2025-05",
      "signals": 448,
      "wins": 141,
      "losses": 106,
      "no_fills": 201,
      "open": 0,
      "pnl": 409.5000000000982,
      "trading_pnl": 409.5000000000982,
      "bonus": 0.0,
      "closed_lots": 9.329999999999977,
      "equity_start": 2087.4900000001007,
      "equity_end": 2496.990000000199,
      "win_rate_pct": 57.08502024291497,
      "pnl_pct": 19.61686044005377
    },
    {
      "month": "2025-06",
      "signals": 440,
      "wins": 104,
      "losses": 111,
      "no_fills": 225,
      "open": 0,
      "pnl": -121.35999999997466,
      "trading_pnl": -121.35999999997466,
      "bonus": 0.0,
      "closed_lots": 7.800000000000002,
      "equity_start": 2496.990000000199,
      "equity_end": 2375.6300000002243,
      "win_rate_pct": 48.372093023255815,
      "pnl_pct": -4.8602517430972885
    },
    {
      "month": "2025-07",
      "signals": 471,
      "wins": 56,
      "losses": 87,
      "no_fills": 328,
      "open": 0,
      "pnl": -742.7999999999847,
      "trading_pnl": -742.7999999999847,
      "bonus": 0.0,
      "closed_lots": 4.99,
      "equity_start": 2375.6300000002243,
      "equity_end": 1632.8300000002396,
      "win_rate_pct": 39.16083916083916,
      "pnl_pct": -31.267495359122194
    },
    {
      "month": "2025-08",
      "signals": 454,
      "wins": 77,
      "losses": 72,
      "no_fills": 304,
      "open": 0,
      "pnl": 0.6899999999727697,
      "trading_pnl": 0.6899999999727697,
      "bonus": 0.0,
      "closed_lots": 5.109999999999996,
      "equity_start": 1632.8300000002396,
      "equity_end": 1633.5200000002123,
      "win_rate_pct": 51.67785234899329,
      "pnl_pct": 0.04225792029621384
    },
    {
      "month": "2025-09",
      "signals": 469,
      "wins": 122,
      "losses": 95,
      "no_fills": 252,
      "open": 0,
      "pnl": 471.64999999996735,
      "trading_pnl": 471.64999999996735,
      "bonus": 0.0,
      "closed_lots": 7.990000000000003,
      "equity_start": 1633.5200000002123,
      "equity_end": 2105.1700000001797,
      "win_rate_pct": 56.22119815668203,
      "pnl_pct": 28.873230814431782
    },
    {
      "month": "2025-10",
      "signals": 479,
      "wins": 184,
      "losses": 129,
      "no_fills": 166,
      "open": 0,
      "pnl": 1106.8899999999549,
      "trading_pnl": 1106.8899999999549,
      "bonus": 0.0,
      "closed_lots": 12.059999999999919,
      "equity_start": 2105.1700000001797,
      "equity_end": 3212.0600000001346,
      "win_rate_pct": 58.78594249201278,
      "pnl_pct": 52.57960164736626
    },
    {
      "month": "2025-11",
      "signals": 433,
      "wins": 157,
      "losses": 119,
      "no_fills": 157,
      "open": 0,
      "pnl": 393.58999999996377,
      "trading_pnl": 393.58999999996377,
      "bonus": 0.0,
      "closed_lots": 10.279999999999955,
      "equity_start": 3212.0600000001346,
      "equity_end": 3605.6500000000983,
      "win_rate_pct": 56.88405797101449,
      "pnl_pct": 12.253507095133568
    },
    {
      "month": "2025-12",
      "signals": 459,
      "wins": 167,
      "losses": 118,
      "no_fills": 174,
      "open": 0,
      "pnl": 344.57999999990625,
      "trading_pnl": 344.57999999990625,
      "bonus": 0.0,
      "closed_lots": 10.709999999999944,
      "equity_start": 3605.6500000000983,
      "equity_end": 3950.2300000000046,
      "win_rate_pct": 58.59649122807018,
      "pnl_pct": 9.556668007152576
    },
    {
      "month": "2026-01",
      "signals": 447,
      "wins": 180,
      "losses": 132,
      "no_fills": 135,
      "open": 0,
      "pnl": 1776.139999999923,
      "trading_pnl": 1776.139999999923,
      "bonus": 0.0,
      "closed_lots": 11.989999999999919,
      "equity_start": 3950.2300000000046,
      "equity_end": 5726.369999999927,
      "win_rate_pct": 57.692307692307686,
      "pnl_pct": 44.962951524339616
    },
    {
      "month": "2026-02",
      "signals": 430,
      "wins": 198,
      "losses": 151,
      "no_fills": 81,
      "open": 0,
      "pnl": 3095.0900000000092,
      "trading_pnl": 3095.0900000000092,
      "bonus": 0.0,
      "closed_lots": 13.699999999999882,
      "equity_start": 5726.369999999927,
      "equity_end": 8821.459999999937,
      "win_rate_pct": 56.73352435530086,
      "pnl_pct": 54.04977324203726
    },
    {
      "month": "2026-03",
      "signals": 466,
      "wins": 205,
      "losses": 174,
      "no_fills": 87,
      "open": 0,
      "pnl": 1937.190000000085,
      "trading_pnl": 1937.190000000085,
      "bonus": 0.0,
      "closed_lots": 14.879999999999859,
      "equity_start": 8821.459999999937,
      "equity_end": 10758.650000000016,
      "win_rate_pct": 54.089709762532976,
      "pnl_pct": 21.959970345046045
    },
    {
      "month": "2026-04",
      "signals": 437,
      "wins": 185,
      "losses": 148,
      "no_fills": 104,
      "open": 0,
      "pnl": 407.70000000004984,
      "trading_pnl": 407.70000000004984,
      "bonus": 0.0,
      "closed_lots": 12.779999999999903,
      "equity_start": 10758.650000000016,
      "equity_end": 11166.350000000068,
      "win_rate_pct": 55.55555555555556,
      "pnl_pct": 3.7895089067870895
    },
    {
      "month": "2026-05",
      "signals": 449,
      "wins": 188,
      "losses": 137,
      "no_fills": 124,
      "open": 0,
      "pnl": 1004.1200000000654,
      "trading_pnl": 1004.1200000000654,
      "bonus": 0.0,
      "closed_lots": 12.519999999999909,