{
  "rank": 5,
  "candidate_id": "c943db887d793bdd",
  "filter_preset": "self_limit",
  "metrics": {
    "candidate_id": "c943db887d793bdd",
    "filter_preset": "self_limit",
    "passes_recommendation_gate": true,
    "passes_dd": true,
    "passes_edge": true,
    "passes_consistency": true,
    "passes_oos": true,
    "score": 8339.096666666308,
    "fixed_no_bonus_profit": 8161.819999999618,
    "fixed_with_bonus_profit": 8565.379999999632,
    "bonus_contribution": 403.56000000001404,
    "concurrent_risk_max_dd_pct": 42.281962684919435,
    "risk_net_profit_with_bonus": 9665746.432499893,
    "stable_months": 15,
    "total_months": 18,
    "stable_fraction": 0.8333333333333334,
    "worst_month_pnl": -302.42999999999347,
    "oos_fixed_no_bonus_profit": 6150.319999999839
  },
  "monthly": [
    {
      "month": "2025-01",
      "signals": 446,
      "wins": 83,
      "losses": 38,
      "no_fills": 315,
      "open": 0,
      "pnl": 132.3550000000114,
      "trading_pnl": 132.3550000000114,
      "bonus": 0.0,
      "closed_lots": 3.2799999999999923,
      "equity_start": 1000.0,
      "equity_end": 1132.3550000000114,
      "win_rate_pct": 68.59504132231406,
      "pnl_pct": 13.235500000001139
    },
    {
      "month": "2025-02",
      "signals": 419,
      "wins": 98,
      "losses": 49,
      "no_fills": 242,
      "open": 0,
      "pnl": 57.352499999962674,
      "trading_pnl": 57.352499999962674,
      "bonus": 0.0,
      "closed_lots": 4.689999999999992,
      "equity_start": 1132.3550000000114,
      "equity_end": 1189.707499999974,
      "win_rate_pct": 66.66666666666666,
      "pnl_pct": 5.064886895007493
    },
    {
      "month": "2025-03",
      "signals": 446,
      "wins": 114,
      "losses": 46,
      "no_fills": 262,
      "open": 0,
      "pnl": 196.6600000000085,
      "trading_pnl": 196.6600000000085,
      "bonus": 0.0,
      "closed_lots": 4.749999999999992,
      "equity_start": 1189.707499999974,
      "equity_end": 1386.3674999999826,
      "win_rate_pct": 71.25,
      "pnl_pct": 16.530113494284333
    },
    {
      "month": "2025-04",
      "signals": 459,
      "wins": 192,
      "losses": 55,
      "no_fills": 142,
      "open": 0,
      "pnl": 261.02500000000236,
      "trading_pnl": 261.02500000000236,
      "bonus": 0.0,
      "closed_lots": 8.879999999999995,
      "equity_start": 1386.3674999999826,
      "equity_end": 1647.392499999985,
      "win_rate_pct": 77.7327935222672,
      "pnl_pct": 18.8279803154651
    },
    {
      "month": "2025-05",
      "signals": 448,
      "wins": 164,
      "losses": 60,
      "no_fills": 173,
      "open": 0,
      "pnl": -100.13999999996395,
      "trading_pnl": -100.13999999996395,
      "bonus": 0.0,
      "closed_lots": 7.69000000000001,
      "equity_start": 1647.392499999985,
      "equity_end": 1547.252500000021,
      "win_rate_pct": 73.21428571428571,
      "pnl_pct": -6.078697092524391
    },
    {
      "month": "2025-06",
      "signals": 440,
      "wins": 132,
      "losses": 73,
      "no_fills": 201,
      "open": 0,
      "pnl": -302.42999999999347,
      "trading_pnl": -302.42999999999347,
      "bonus": 0.0,
      "closed_lots": 6.630000000000002,
      "equity_start": 1547.252500000021,
      "equity_end": 1244.8225000000275,
      "win_rate_pct": 64.39024390243902,
      "pnl_pct": -19.546260225786636
    },
    {
      "month": "2025-07",
      "signals": 471,
      "wins": 110,
      "losses": 48,
      "no_fills": 288,
      "open": 0,
      "pnl": -24.265000000009877,
      "trading_pnl": -24.265000000009877,
      "bonus": 0.0,
      "closed_lots": 4.65999999999999,
      "equity_start": 1244.8225000000275,
      "equity_end": 1220.5575000000176,
      "win_rate_pct": 69.62025316455697,
      "pnl_pct": -1.9492738924633304
    },
    {
      "month": "2025-08",
      "signals": 454,
      "wins": 110,
      "losses": 64,
      "no_fills": 262,
      "open": 0,
      "pnl": 110.98999999996295,
      "trading_pnl": 110.98999999996295,
      "bonus": 0.0,
      "closed_lots": 5.069999999999991,
      "equity_start": 1220.5575000000176,
      "equity_end": 1331.5474999999806,
      "win_rate_pct": 63.2183908045977,
      "pnl_pct": 9.093385604525912
    },
    {
      "month": "2025-09",
      "signals": 469,
      "wins": 138,
      "losses": 71,
      "no_fills": 222,
      "open": 0,
      "pnl": 237.8324999999486,
      "trading_pnl": 237.8324999999486,
      "bonus": 0.0,
      "closed_lots": 6.780000000000007,
      "equity_start": 1331.5474999999806,
      "equity_end": 1569.3799999999292,
      "win_rate_pct": 66.02870813397129,
      "pnl_pct": 17.861360559796182
    },
    {
      "month": "2025-10",
      "signals": 479,
      "wins": 201,
      "losses": 40,
      "no_fills": 152,
      "open": 0,
      "pnl": 968.9899999999316,
      "trading_pnl": 968.9899999999316,
      "bonus": 0.0,
      "closed_lots": 9.489999999999988,
      "equity_start": 1569.3799999999292,
      "equity_end": 2538.3699999998607,
      "win_rate_pct": 83.40248962655602,
      "pnl_pct": 61.74349106016231
    },
    {
      "month": "2025-11",
      "signals": 433,
      "wins": 163,
      "losses": 49,
      "no_fills": 141,
      "open": 0,
      "pnl": 247.97999999995045,
      "trading_pnl": 247.97999999995045,
      "bonus": 0.0,
      "closed_lots": 8.320000000000007,
      "equity_start": 2538.3699999998607,
      "equity_end": 2786.349999999811,
      "win_rate_pct": 76.88679245283019,
      "pnl_pct": 9.769261376393672
    },
    {
      "month": "2025-12",
      "signals": 459,
      "wins": 178,
      "losses": 57,
      "no_fills": 157,
      "open": 0,
      "pnl": 225.14999999995962,
      "trading_pnl": 225.14999999995962,
      "bonus": 0.0,
      "closed_lots": 8.6,
      "equity_start": 2786.349999999811,
      "equity_end": 3011.499999999771,
      "win_rate_pct": 75.74468085106383,
      "pnl_pct": 8.080463689054673
    },
    {
      "month": "2026-01",
      "signals": 447,
      "wins": 197,
      "losses": 40,
      "no_fills": 120,
      "open": 0,
      "pnl": 1266.609999999927,
      "trading_pnl": 1266.609999999927,
      "bonus": 0.0,
      "closed_lots": 9.449999999999987,
      "equity_start": 3011.499999999771,
      "equity_end": 4278.109999999698,
      "win_rate_pct": 83.12236286919831,
      "pnl_pct": 42.05910675743063
    },
    {
      "month": "2026-02",
      "signals": 430,
      "wins": 201,
      "losses": 43,
      "no_fills": 74,
      "open": 0,
      "pnl": 2066.4299999999403,
      "trading_pnl": 2066.4299999999403,
      "bonus": 0.0,
      "closed_lots": 10.539999999999964,
      "equity_start": 4278.109999999698,
      "equity_end": 6344.539999999638,
      "win_rate_pct": 82.37704918032787,
      "pnl_pct": 48.302404566504514
    },
    {
      "month": "2026-03",
      "signals": 466,
      "wins": 225,
      "losses": 41,
      "no_fills": 80,
      "open": 0,
      "pnl": 1709.7099999999928,
      "trading_pnl": 1709.7099999999928,
      "bonus": 0.0,
      "closed_lots": 11.399999999999945,
      "equity_start": 6344.539999999638,
      "equity_end": 8054.249999999631,
      "win_rate_pct": 84.58646616541353,
      "pnl_pct": 26.947737739853327
    },
    {
      "month": "2026-04",
      "signals": 437,
      "wins": 189,
      "losses": 57,
      "no_fills": 88,
      "open": 0,
      "pnl": 405.12999999998374,
      "trading_pnl": 405.12999999998374,
      "bonus": 0.0,
      "closed_lots": 10.099999999999971,
      "equity_start": 8054.249999999631,
      "equity_end": 8459.379999999619,
      "win_rate_pct": 76.82926829268293,
      "pnl_pct": 5.030015209361546
    },
    {
      "month": "2026-05",
      "signals": 449,
      "wins": 196,
      "losses": 53,
      "no_fills": 103,
      "open": 0,
      "pnl": 347.41999999998825,
      "trading_pnl": 347.41999999998825,
      "bonus": 0.0,
      "closed_lots": 9.939999999999976,
      "equity_start": 8459.379999999619,