{
  "rank": 3,
  "candidate_id": "1c12c691874bfbd7",
  "filter_preset": "self_limit",
  "metrics": {
    "candidate_id": "1c12c691874bfbd7",
    "filter_preset": "self_limit",
    "passes_recommendation_gate": true,
    "passes_dd": true,
    "passes_edge": true,
    "passes_consistency": true,
    "passes_oos": true,
    "score": 15832.714722221413,
    "fixed_no_bonus_profit": 15123.939999999207,
    "fixed_with_bonus_profit": 15616.269999999058,
    "bonus_contribution": 492.32999999985077,
    "concurrent_risk_max_dd_pct": 46.64336196323241,
    "risk_net_profit_with_bonus": 1836522500726.0596,
    "stable_months": 16,
    "total_months": 18,
    "stable_fraction": 0.8888888888888888,
    "worst_month_pnl": -106.33999999998423,
    "oos_fixed_no_bonus_profit": 9556.849999999586
  },
  "monthly": [
    {
      "month": "2025-01",
      "signals": 446,
      "wins": 146,
      "losses": 55,
      "no_fills": 245,
      "open": 0,
      "pnl": -14.499999999985448,
      "trading_pnl": -14.499999999985448,
      "bonus": 0.0,
      "closed_lots": 5.129999999999992,
      "equity_start": 1000.0,
      "equity_end": 985.5000000000146,
      "win_rate_pct": 72.636815920398,
      "pnl_pct": -1.449999999998545
    },
    {
      "month": "2025-02",
      "signals": 419,
      "wins": 167,
      "losses": 69,
      "no_fills": 183,
      "open": 0,
      "pnl": 143.90999999994392,
      "trading_pnl": 143.90999999994392,
      "bonus": 0.0,
      "closed_lots": 6.550000000000004,
      "equity_start": 985.5000000000146,
      "equity_end": 1129.4099999999585,
      "win_rate_pct": 70.76271186440678,
      "pnl_pct": 14.602739726021492
    },
    {
      "month": "2025-03",
      "signals": 446,
      "wins": 198,
      "losses": 57,
      "no_fills": 185,
      "open": 0,
      "pnl": 432.66000000002805,
      "trading_pnl": 432.66000000002805,
      "bonus": 0.0,
      "closed_lots": 7.1500000000000075,
      "equity_start": 1129.4099999999585,
      "equity_end": 1562.0699999999865,
      "win_rate_pct": 77.64705882352942,
      "pnl_pct": 38.308497357031015
    },
    {
      "month": "2025-04",
      "signals": 459,
      "wins": 281,
      "losses": 73,
      "no_fills": 97,
      "open": 0,
      "pnl": 615.7300000000218,
      "trading_pnl": 615.7300000000218,
      "bonus": 0.0,
      "closed_lots": 10.399999999999965,
      "equity_start": 1562.0699999999865,
      "equity_end": 2186.020000000009,
      "win_rate_pct": 79.37853107344633,
      "pnl_pct": 39.41756771463681
    },
    {
      "month": "2025-05",
      "signals": 448,
      "wins": 250,
      "losses": 73,
      "no_fills": 117,
      "open": 0,
      "pnl": 327.8200000000602,
      "trading_pnl": 327.8200000000602,
      "bonus": 0.0,
      "closed_lots": 9.599999999999984,
      "equity_start": 2177.8000000000084,
      "equity_end": 2505.6200000000686,
      "win_rate_pct": 77.39938080495357,
      "pnl_pct": 15.0528055836192
    },
    {
      "month": "2025-06",
      "signals": 440,
      "wins": 215,
      "losses": 87,
      "no_fills": 136,
      "open": 0,
      "pnl": -106.33999999998423,
      "trading_pnl": -106.33999999998423,
      "bonus": 0.0,
      "closed_lots": 8.610000000000001,
      "equity_start": 2505.6200000000686,
      "equity_end": 2399.2800000000843,
      "win_rate_pct": 71.19205298013244,
      "pnl_pct": -4.244059354570179
    },
    {
      "month": "2025-07",
      "signals": 471,
      "wins": 191,
      "losses": 63,
      "no_fills": 217,
      "open": 0,
      "pnl": 141.50999999999613,
      "trading_pnl": 141.50999999999613,
      "bonus": 0.0,
      "closed_lots": 7.0300000000000065,
      "equity_start": 2399.2800000000843,
      "equity_end": 2540.480000000081,
      "win_rate_pct": 75.19685039370079,
      "pnl_pct": 5.898019405821378
    },
    {
      "month": "2025-08",
      "signals": 454,
      "wins": 189,
      "losses": 87,
      "no_fills": 178,
      "open": 0,
      "pnl": 78.08999999994967,
      "trading_pnl": 78.08999999994967,
      "bonus": 0.0,
      "closed_lots": 7.560000000000009,
      "equity_start": 2540.7900000000805,
      "equity_end": 2618.88000000003,
      "win_rate_pct": 68.47826086956522,
      "pnl_pct": 3.07345353216705
    },
    {
      "month": "2025-09",
      "signals": 469,
      "wins": 240,
      "losses": 77,
      "no_fills": 150,
      "open": 0,
      "pnl": 712.2199999999398,
      "trading_pnl": 712.2199999999398,
      "bonus": 0.0,
      "closed_lots": 8.989999999999995,
      "equity_start": 2618.88000000003,
      "equity_end": 3331.09999999997,
      "win_rate_pct": 75.70977917981072,
      "pnl_pct": 27.195595063536
    },
    {
      "month": "2025-10",
      "signals": 479,
      "wins": 306,
      "losses": 52,
      "no_fills": 102,
      "open": 0,
      "pnl": 1721.1899999998532,
      "trading_pnl": 1721.1899999998532,
      "bonus": 0.0,
      "closed_lots": 10.979999999999954,
      "equity_start": 3331.09999999997,
      "equity_end": 5052.289999999827,
      "win_rate_pct": 85.47486033519553,
      "pnl_pct": 51.67031911380231
    },
    {
      "month": "2025-11",
      "signals": 433,
      "wins": 281,
      "losses": 59,
      "no_fills": 91,
      "open": 0,
      "pnl": 744.4499999999116,
      "trading_pnl": 744.4499999999116,
      "bonus": 0.0,
      "closed_lots": 9.94999999999998,
      "equity_start": 5052.289999999827,
      "equity_end": 5796.739999999736,
      "win_rate_pct": 82.6470588235294,
      "pnl_pct": 14.734902390795797
    },
    {
      "month": "2025-12",
      "signals": 459,
      "wins": 294,
      "losses": 64,
      "no_fills": 97,
      "open": 0,
      "pnl": 770.3499999998548,
      "trading_pnl": 770.3499999998548,
      "bonus": 0.0,
      "closed_lots": 10.509999999999964,
      "equity_start": 5796.739999999736,
      "equity_end": 6567.089999999591,
      "win_rate_pct": 82.12290502793296,
      "pnl_pct": 13.289366091973937
    },
    {
      "month": "2026-01",
      "signals": 447,
      "wins": 301,
      "losses": 50,
      "no_fills": 77,
      "open": 0,
      "pnl": 1797.9699999998365,
      "trading_pnl": 1797.9699999998365,
      "bonus": 0.0,
      "closed_lots": 10.699999999999962,
      "equity_start": 6567.089999999591,
      "equity_end": 8365.05999999943,
      "win_rate_pct": 85.75498575498575,
      "pnl_pct": 27.3784887979295
    },
    {
      "month": "2026-02",
      "signals": 430,
      "wins": 300,
      "losses": 49,
      "no_fills": 42,
      "open": 0,
      "pnl": 2526.6599999998843,
      "trading_pnl": 2526.6599999998843,
      "bonus": 0.0,
      "closed_lots": 11.539999999999944,
      "equity_start": 8365.05999999943,
      "equity_end": 10891.719999999328,
      "win_rate_pct": 85.95988538681948,
      "pnl_pct": 30.204923814055807
    },
    {
      "month": "2026-03",
      "signals": 466,
      "wins": 340,
      "losses": 48,
      "no_fills": 47,
      "open": 0,
      "pnl": 2331.489999999966,
      "trading_pnl": 2331.489999999966,
      "bonus": 0.0,
      "closed_lots": 12.449999999999926,
      "equity_start": 10891.719999999328,
      "equity_end": 13268.759999999296,
      "win_rate_pct": 87.62886597938144,
      "pnl_pct": 21.406077277051832
    },
    {
      "month": "2026-04",
      "signals": 437,
      "wins": 311,
      "losses": 58,
      "no_fills": 59,
      "open": 0,
      "pnl": 1072.2599999999447,
      "trading_pnl": 1072.2599999999447,
      "bonus": 0.0,
      "closed_lots": 11.089999999999954,
      "equity_start": 13204.819999999292,
      "equity_end": 14317.639999999257,
      "win_rate_pct": 84.28184281842819,
      "pnl_pct": 8.120216708747277
    },
    {
      "month": "2026-05",
      "signals": 449,
      "wins": 314,
      "losses": 56,
      "no_fills": 72,
      "open": 0,
      "pnl": 1095.509999999951,
      "trading_pnl": 1095.509999999951,
      "bonus": 0.0,
      "closed_lots": 10.979999999999956,
      "equity_start": 14295.469999999255,