{
  "rank": 4,
  "candidate_id": "bdba4ca982099903",
  "filter_preset": "self_limit",
  "metrics": {
    "candidate_id": "bdba4ca982099903",
    "filter_preset": "self_limit",
    "passes_recommendation_gate": true,
    "passes_dd": true,
    "passes_edge": true,
    "passes_consistency": true,
    "passes_oos": true,
    "score": 11456.902499999467,
    "fixed_no_bonus_profit": 11321.999999999436,
    "fixed_with_bonus_profit": 11779.439999999238,
    "bonus_contribution": 457.43999999980224,
    "concurrent_risk_max_dd_pct": 43.22170473867175,
    "risk_net_profit_with_bonus": 2006780425.3499405,
    "stable_months": 15,
    "total_months": 18,
    "stable_fraction": 0.8333333333333334,
    "worst_month_pnl": -292.6500000000151,
    "oos_fixed_no_bonus_profit": 8087.609999999746
  },
  "monthly": [
    {
      "month": "2025-01",
      "signals": 446,
      "wins": 96,
      "losses": 60,
      "no_fills": 276,
      "open": 0,
      "pnl": 93.96000000001959,
      "trading_pnl": 93.96000000001959,
      "bonus": 0.0,
      "closed_lots": 4.339999999999989,
      "equity_start": 1000.0,
      "equity_end": 1093.9600000000196,
      "win_rate_pct": 61.53846153846154,
      "pnl_pct": 9.39600000000196
    },
    {
      "month": "2025-02",
      "signals": 419,
      "wins": 110,
      "losses": 76,
      "no_fills": 200,
      "open": 0,
      "pnl": -4.990000000055261,
      "trading_pnl": -4.990000000055261,
      "bonus": 0.0,
      "closed_lots": 6.01,
      "equity_start": 1093.9600000000196,
      "equity_end": 1088.9699999999643,
      "win_rate_pct": 59.13978494623656,
      "pnl_pct": -0.45614099236308203
    },
    {
      "month": "2025-03",
      "signals": 446,
      "wins": 139,
      "losses": 66,
      "no_fills": 215,
      "open": 0,
      "pnl": 181.21000000002095,
      "trading_pnl": 181.21000000002095,
      "bonus": 0.0,
      "closed_lots": 6.190000000000001,
      "equity_start": 1088.9699999999643,
      "equity_end": 1270.1799999999853,
      "win_rate_pct": 67.8048780487805,
      "pnl_pct": 16.640495146792556
    },
    {
      "month": "2025-04",
      "signals": 459,
      "wins": 205,
      "losses": 69,
      "no_fills": 115,
      "open": 0,
      "pnl": 567.5599999999895,
      "trading_pnl": 567.5599999999895,
      "bonus": 0.0,
      "closed_lots": 9.799999999999978,
      "equity_start": 1270.1799999999853,
      "equity_end": 1837.7399999999748,
      "win_rate_pct": 74.81751824817519,
      "pnl_pct": 44.68343069486183
    },
    {
      "month": "2025-05",
      "signals": 448,
      "wins": 167,
      "losses": 91,
      "no_fills": 138,
      "open": 0,
      "pnl": 64.04000000004817,
      "trading_pnl": 64.04000000004817,
      "bonus": 0.0,
      "closed_lots": 8.87,
      "equity_start": 1837.7399999999748,
      "equity_end": 1901.780000000023,
      "win_rate_pct": 64.72868217054264,
      "pnl_pct": 3.4847149215911415
    },
    {
      "month": "2025-06",
      "signals": 440,
      "wins": 154,
      "losses": 98,
      "no_fills": 161,
      "open": 0,
      "pnl": -126.26000000000204,
      "trading_pnl": -126.26000000000204,
      "bonus": 0.0,
      "closed_lots": 7.900000000000014,
      "equity_start": 1901.780000000023,
      "equity_end": 1775.520000000021,
      "win_rate_pct": 61.111111111111114,
      "pnl_pct": -6.639043422477917
    },
    {
      "month": "2025-07",
      "signals": 471,
      "wins": 128,
      "losses": 91,
      "no_fills": 240,
      "open": 0,
      "pnl": -292.6500000000151,
      "trading_pnl": -292.6500000000151,
      "bonus": 0.0,
      "closed_lots": 6.260000000000002,
      "equity_start": 1775.520000000021,
      "equity_end": 1482.8700000000058,
      "win_rate_pct": 58.44748858447488,
      "pnl_pct": -16.482495268992274
    },
    {
      "month": "2025-08",
      "signals": 454,
      "wins": 130,
      "losses": 99,
      "no_fills": 206,
      "open": 0,
      "pnl": 17.259999999933825,
      "trading_pnl": 17.259999999933825,
      "bonus": 0.0,
      "closed_lots": 6.73,
      "equity_start": 1482.8700000000058,
      "equity_end": 1500.1299999999396,
      "win_rate_pct": 56.76855895196506,
      "pnl_pct": 1.1639590793484094
    },
    {
      "month": "2025-09",
      "signals": 469,
      "wins": 159,
      "losses": 94,
      "no_fills": 170,
      "open": 0,
      "pnl": 692.2499999999354,
      "trading_pnl": 692.2499999999354,
      "bonus": 0.0,
      "closed_lots": 8.37000000000001,
      "equity_start": 1500.1299999999396,
      "equity_end": 2192.379999999875,
      "win_rate_pct": 62.845849802371546,
      "pnl_pct": 46.14600067993862
    },
    {
      "month": "2025-10",
      "signals": 479,
      "wins": 199,
      "losses": 55,
      "no_fills": 126,
      "open": 0,
      "pnl": 967.9999999999254,
      "trading_pnl": 967.9999999999254,
      "bonus": 0.0,
      "closed_lots": 10.31999999999997,
      "equity_start": 2192.379999999875,
      "equity_end": 3160.3799999998005,
      "win_rate_pct": 78.34645669291339,
      "pnl_pct": 44.15292969284433
    },
    {
      "month": "2025-11",
      "signals": 433,
      "wins": 188,
      "losses": 59,
      "no_fills": 113,
      "open": 0,
      "pnl": 583.9699999999234,
      "trading_pnl": 583.9699999999234,
      "bonus": 0.0,
      "closed_lots": 9.26999999999999,
      "equity_start": 3160.3799999998005,
      "equity_end": 3744.349999999724,
      "win_rate_pct": 76.11336032388664,
      "pnl_pct": 18.477841272250814
    },
    {
      "month": "2025-12",
      "signals": 459,
      "wins": 186,
      "losses": 80,
      "no_fills": 120,
      "open": 0,
      "pnl": 490.0399999999181,
      "trading_pnl": 490.0399999999181,
      "bonus": 0.0,
      "closed_lots": 9.769999999999978,
      "equity_start": 3744.349999999724,
      "equity_end": 4234.389999999642,
      "win_rate_pct": 69.92481203007519,
      "pnl_pct": 13.087451760651495
    },
    {
      "month": "2026-01",
      "signals": 447,
      "wins": 207,
      "losses": 49,
      "no_fills": 103,
      "open": 0,
      "pnl": 1821.3799999999083,
      "trading_pnl": 1821.3799999999083,
      "bonus": 0.0,
      "closed_lots": 9.889999999999977,
      "equity_start": 4234.389999999642,
      "equity_end": 6055.76999999955,
      "win_rate_pct": 80.859375,
      "pnl_pct": 43.01398784712939
    },
    {
      "month": "2026-02",
      "signals": 430,
      "wins": 218,
      "losses": 48,
      "no_fills": 53,
      "open": 0,
      "pnl": 2558.5599999999313,
      "trading_pnl": 2558.5599999999313,
      "bonus": 0.0,
      "closed_lots": 11.169999999999952,
      "equity_start": 6055.76999999955,
      "equity_end": 8614.329999999485,
      "win_rate_pct": 81.95488721804512,
      "pnl_pct": 42.249953350277856
    },
    {
      "month": "2026-03",
      "signals": 466,
      "wins": 229,
      "losses": 47,
      "no_fills": 65,
      "open": 0,
      "pnl": 2095.069999999967,
      "trading_pnl": 2095.069999999967,
      "bonus": 0.0,
      "closed_lots": 11.879999999999937,
      "equity_start": 8614.329999999485,
      "equity_end": 10709.39999999947,
      "win_rate_pct": 82.97101449275362,
      "pnl_pct": 24.320753906573024
    },
    {
      "month": "2026-04",
      "signals": 437,
      "wins": 195,
      "losses": 67,
      "no_fills": 73,
      "open": 0,
      "pnl": 454.64999999996417,
      "trading_pnl": 454.64999999996417,
      "bonus": 0.0,
      "closed_lots": 10.569999999999963,
      "equity_start": 10703.32999999947,
      "equity_end": 11167.599999999455,
      "win_rate_pct": 74.42748091603053,
      "pnl_pct": 4.247743459278436
    },
    {
      "month": "2026-05",
      "signals": 449,
      "wins": 213,
      "losses": 65,
      "no_fills": 90,
      "open": 0,
      "pnl": 600.7399999999707,
      "trading_pnl": 600.7399999999707,
      "bonus": 0.0,
      "closed_lots": 10.419999999999968,
      "equity_start": 11164.049999999454,
      "equity_end": 11764.789999999433,