{
  "rank": 10,
  "candidate_id": "15d6a7d245797557",
  "filter_preset": "self_limit",
  "metrics": {
    "candidate_id": "15d6a7d245797557",
    "filter_preset": "self_limit",
    "passes_recommendation_gate": false,
    "passes_dd": false,
    "passes_edge": true,
    "passes_consistency": true,
    "passes_oos": true,
    "score": 14344.78333333205,
    "fixed_no_bonus_profit": 13947.2499999986,
    "fixed_with_bonus_profit": 14598.03999999902,
    "bonus_contribution": 650.7900000004211,
    "concurrent_risk_max_dd_pct": 100.37709520408326,
    "risk_net_profit_with_bonus": -1011.3500000001,
    "stable_months": 15,
    "total_months": 18,
    "stable_fraction": 0.8333333333333334,
    "worst_month_pnl": -1341.1400000000153,
    "oos_fixed_no_bonus_profit": 10888.299999999537
  },
  "monthly": [
    {
      "month": "2025-01",
      "signals": 446,
      "wins": 97,
      "losses": 121,
      "no_fills": 228,
      "open": 0,
      "pnl": 338.5900000000065,
      "trading_pnl": 338.5900000000065,
      "bonus": 0.0,
      "closed_lots": 6.509999999999991,
      "equity_start": 1000.0,
      "equity_end": 1338.5900000000065,
      "win_rate_pct": 44.4954128440367,
      "pnl_pct": 33.85900000000065
    },
    {
      "month": "2025-02",
      "signals": 419,
      "wins": 149,
      "losses": 128,
      "no_fills": 142,
      "open": 0,
      "pnl": 361.9199999998973,
      "trading_pnl": 361.9199999998973,
      "bonus": 0.0,
      "closed_lots": 8.949999999999974,
      "equity_start": 1338.5900000000065,
      "equity_end": 1700.5099999999038,
      "win_rate_pct": 53.79061371841155,
      "pnl_pct": 27.037405030658796
    },
    {
      "month": "2025-03",
      "signals": 446,
      "wins": 177,
      "losses": 113,
      "no_fills": 156,
      "open": 0,
      "pnl": 384.1500000000651,
      "trading_pnl": 384.1500000000651,
      "bonus": 0.0,
      "closed_lots": 9.19999999999997,
      "equity_start": 1700.5099999999038,
      "equity_end": 2091.6199999999685,
      "win_rate_pct": 61.03448275862069,
      "pnl_pct": 22.590281739012816
    },
    {
      "month": "2025-04",
      "signals": 459,
      "wins": 211,
      "losses": 162,
      "no_fills": 86,
      "open": 0,
      "pnl": 347.53000000002066,
      "trading_pnl": 347.53000000002066,
      "bonus": 0.0,
      "closed_lots": 13.63999999999988,
      "equity_start": 2084.659999999969,
      "equity_end": 2430.869999999989,
      "win_rate_pct": 56.56836461126006,
      "pnl_pct": 16.670824019265773
    },
    {
      "month": "2025-05",
      "signals": 448,
      "wins": 196,
      "losses": 154,
      "no_fills": 98,
      "open": 0,
      "pnl": 579.6000000001332,
      "trading_pnl": 579.6000000001332,
      "bonus": 0.0,
      "closed_lots": 12.7099999999999,
      "equity_start": 2432.1899999999896,
      "equity_end": 3011.7900000001227,
      "win_rate_pct": 56.00000000000001,
      "pnl_pct": 23.830375094056617
    },
    {
      "month": "2025-06",
      "signals": 440,
      "wins": 154,
      "losses": 175,
      "no_fills": 111,
      "open": 0,
      "pnl": -505.03999999998905,
      "trading_pnl": -505.03999999998905,
      "bonus": 0.0,
      "closed_lots": 11.659999999999922,
      "equity_start": 3011.7900000001227,
      "equity_end": 2506.7500000001337,
      "win_rate_pct": 46.808510638297875,
      "pnl_pct": -16.768765418570634
    },
    {
      "month": "2025-07",
      "signals": 471,
      "wins": 99,
      "losses": 194,
      "no_fills": 177,
      "open": 0,
      "pnl": -1341.1400000000153,
      "trading_pnl": -1341.1400000000153,
      "bonus": 0.0,
      "closed_lots": 10.139999999999953,
      "equity_start": 2506.7500000001337,
      "equity_end": 1170.7500000001187,
      "win_rate_pct": 33.78839590443686,
      "pnl_pct": -53.50114690335869
    },
    {
      "month": "2025-08",
      "signals": 454,
      "wins": 169,
      "losses": 153,
      "no_fills": 132,
      "open": 0,
      "pnl": -811.340000000112,
      "trading_pnl": -811.340000000112,
      "bonus": 0.0,
      "closed_lots": 10.229999999999947,
      "equity_start": 1162.0500000001184,
      "equity_end": 354.27000000000635,
      "win_rate_pct": 52.484472049689444,
      "pnl_pct": -69.81971515855852
    },
    {
      "month": "2025-09",
      "signals": 469,
      "wins": 189,
      "losses": 145,
      "no_fills": 135,
      "open": 0,
      "pnl": 824.7099999998782,
      "trading_pnl": 824.7099999998782,
      "bonus": 0.0,
      "closed_lots": 11.089999999999929,
      "equity_start": 354.27000000000635,
      "equity_end": 1189.8799999998828,
      "win_rate_pct": 56.58682634730538,
      "pnl_pct": 232.7913738108966
    },
    {
      "month": "2025-10",
      "signals": 479,
      "wins": 247,
      "losses": 149,
      "no_fills": 83,
      "open": 0,
      "pnl": 1118.9399999997768,
      "trading_pnl": 1118.9399999997768,
      "bonus": 0.0,
      "closed_lots": 14.639999999999862,
      "equity_start": 1166.8299999998853,
      "equity_end": 2297.9199999996613,
      "win_rate_pct": 62.37373737373737,
      "pnl_pct": 95.89571745668921
    },
    {
      "month": "2025-11",
      "signals": 433,
      "wins": 209,
      "losses": 151,
      "no_fills": 73,
      "open": 0,
      "pnl": 656.1799999996956,
      "trading_pnl": 656.1799999996956,
      "bonus": 0.0,
      "closed_lots": 13.199999999999891,
      "equity_start": 2297.9199999996613,
      "equity_end": 2954.099999999357,
      "win_rate_pct": 58.05555555555556,
      "pnl_pct": 28.55538922154785
    },
    {
      "month": "2025-12",
      "signals": 459,
      "wins": 236,
      "losses": 154,
      "no_fills": 69,
      "open": 0,
      "pnl": 1104.8499999996957,
      "trading_pnl": 1104.8499999996957,
      "bonus": 0.0,
      "closed_lots": 14.089999999999874,
      "equity_start": 2954.099999999357,
      "equity_end": 4058.949999999052,
      "win_rate_pct": 60.51282051282051,
      "pnl_pct": 37.40056193087357
    },
    {
      "month": "2026-01",
      "signals": 447,
      "wins": 244,
      "losses": 125,
      "no_fills": 78,
      "open": 0,
      "pnl": 3013.829999999827,
      "trading_pnl": 3013.829999999827,
      "bonus": 0.0,
      "closed_lots": 13.73999999999988,
      "equity_start": 4058.949999999052,
      "equity_end": 7072.779999998879,
      "win_rate_pct": 66.12466124661248,
      "pnl_pct": 74.25146897597978
    },
    {
      "month": "2026-02",
      "signals": 430,
      "wins": 259,
      "losses": 135,
      "no_fills": 36,
      "open": 0,
      "pnl": 3620.819999999874,
      "trading_pnl": 3620.819999999874,
      "bonus": 0.0,
      "closed_lots": 15.339999999999849,
      "equity_start": 7072.779999998879,
      "equity_end": 10693.599999998762,
      "win_rate_pct": 65.73604060913706,
      "pnl_pct": 51.19373146062013
    },
    {
      "month": "2026-03",
      "signals": 466,
      "wins": 277,
      "losses": 148,
      "no_fills": 41,
      "open": 0,
      "pnl": 2641.9399999999378,
      "trading_pnl": 2641.9399999999378,
      "bonus": 0.0,
      "closed_lots": 16.41999999999983,
      "equity_start": 10693.599999998762,
      "equity_end": 13379.769999998683,
      "win_rate_pct": 65.17647058823529,
      "pnl_pct": 24.705805341514957
    },
    {
      "month": "2026-04",
      "signals": 437,
      "wins": 231,
      "losses": 158,
      "no_fills": 48,
      "open": 0,
      "pnl": 482.74999999989814,
      "trading_pnl": 482.74999999989814,
      "bonus": 0.0,
      "closed_lots": 14.79999999999986,
      "equity_start": 13279.149999998685,
      "equity_end": 13800.27999999859,
      "win_rate_pct": 59.383033419023135,
      "pnl_pct": 3.6353983500445883
    },
    {
      "month": "2026-05",
      "signals": 449,
      "wins": 240,
      "losses": 148,
      "no_fills": 61,
      "open": 0,
      "pnl": 624.0800000000017,
      "trading_pnl": 624.0800000000017,
      "bonus": 0.0,
      "closed_lots": 14.239999999999869,