{
  "rank": 8,
  "candidate_id": "64173564b2c411b1",
  "filter_preset": "self_limit",
  "metrics": {
    "candidate_id": "64173564b2c411b1",
    "filter_preset": "self_limit",
    "passes_recommendation_gate": false,
    "passes_dd": false,
    "passes_edge": true,
    "passes_consistency": true,
    "passes_oos": true,
    "score": 18415.651666666152,
    "fixed_no_bonus_profit": 18770.119999999406,
    "fixed_with_bonus_profit": 19296.55999999875,
    "bonus_contribution": 526.4399999993439,
    "concurrent_risk_max_dd_pct": 70.01879103758749,
    "risk_net_profit_with_bonus": 6590765337.76006,
    "stable_months": 15,
    "total_months": 18,
    "stable_fraction": 0.8333333333333334,
    "worst_month_pnl": -773.810000000005,
    "oos_fixed_no_bonus_profit": 11095.539999999919
  },
  "monthly": [
    {
      "month": "2025-01",
      "signals": 446,
      "wins": 143,
      "losses": 89,
      "no_fills": 214,
      "open": 0,
      "pnl": 246.4100000000317,
      "trading_pnl": 246.4100000000317,
      "bonus": 0.0,
      "closed_lots": 6.099999999999997,
      "equity_start": 1000.0,
      "equity_end": 1246.4100000000317,
      "win_rate_pct": 61.63793103448276,
      "pnl_pct": 24.641000000003167
    },
    {
      "month": "2025-02",
      "signals": 419,
      "wins": 161,
      "losses": 106,
      "no_fills": 152,
      "open": 0,
      "pnl": 637.5799999999072,
      "trading_pnl": 637.5799999999072,
      "bonus": 0.0,
      "closed_lots": 7.610000000000014,
      "equity_start": 1246.4100000000317,
      "equity_end": 1883.9899999999388,
      "win_rate_pct": 60.2996254681648,
      "pnl_pct": 51.15331231295408
    },
    {
      "month": "2025-03",
      "signals": 446,
      "wins": 187,
      "losses": 113,
      "no_fills": 146,
      "open": 0,
      "pnl": 609.4000000000601,
      "trading_pnl": 609.4000000000601,
      "bonus": 0.0,
      "closed_lots": 8.340000000000007,
      "equity_start": 1883.9899999999388,
      "equity_end": 2499.629999999999,
      "win_rate_pct": 62.33333333333333,
      "pnl_pct": 32.34624387603331
    },
    {
      "month": "2025-04",
      "signals": 459,
      "wins": 269,
      "losses": 105,
      "no_fills": 85,
      "open": 0,
      "pnl": 1089.819999999998,
      "trading_pnl": 1089.819999999998,
      "bonus": 0.0,
      "closed_lots": 10.889999999999954,
      "equity_start": 2493.389999999999,
      "equity_end": 3624.819999999995,
      "win_rate_pct": 71.92513368983957,
      "pnl_pct": 43.70836491684006
    },
    {
      "month": "2025-05",
      "signals": 448,
      "wins": 234,
      "losses": 116,
      "no_fills": 98,
      "open": 0,
      "pnl": 647.9800000000928,
      "trading_pnl": 647.9800000000928,
      "bonus": 0.0,
      "closed_lots": 10.179999999999971,
      "equity_start": 3583.209999999997,
      "equity_end": 4231.190000000088,
      "win_rate_pct": 66.85714285714286,
      "pnl_pct": 18.083785209353998
    },
    {
      "month": "2025-06",
      "signals": 440,
      "wins": 202,
      "losses": 128,
      "no_fills": 110,
      "open": 0,
      "pnl": -12.220000000004344,
      "trading_pnl": -12.220000000004344,
      "bonus": 0.0,
      "closed_lots": 9.449999999999985,
      "equity_start": 4231.190000000088,
      "equity_end": 4218.970000000084,
      "win_rate_pct": 61.212121212121204,
      "pnl_pct": -0.28880764040386014
    },
    {
      "month": "2025-07",
      "signals": 471,
      "wins": 152,
      "losses": 141,
      "no_fills": 178,
      "open": 0,
      "pnl": -773.810000000005,
      "trading_pnl": -773.810000000005,
      "bonus": 0.0,
      "closed_lots": 8.20000000000001,
      "equity_start": 4218.970000000084,
      "equity_end": 3526.3300000000786,
      "win_rate_pct": 51.877133105802045,
      "pnl_pct": -18.34120650300878
    },
    {
      "month": "2025-08",
      "signals": 454,
      "wins": 171,
      "losses": 142,
      "no_fills": 141,
      "open": 0,
      "pnl": -181.16000000008307,
      "trading_pnl": -181.16000000008307,
      "bonus": 0.0,
      "closed_lots": 8.939999999999998,
      "equity_start": 3417.1000000000786,
      "equity_end": 3263.999999999996,
      "win_rate_pct": 54.632587859424916,
      "pnl_pct": -5.301571508006172
    },
    {
      "month": "2025-09",
      "signals": 469,
      "wins": 214,
      "losses": 126,
      "no_fills": 129,
      "open": 0,
      "pnl": 835.169999999905,
      "trading_pnl": 835.169999999905,
      "bonus": 0.0,
      "closed_lots": 9.629999999999981,
      "equity_start": 3263.999999999996,
      "equity_end": 4159.459999999898,
      "win_rate_pct": 62.94117647058823,
      "pnl_pct": 25.587316176467713
    },
    {
      "month": "2025-10",
      "signals": 479,
      "wins": 294,
      "losses": 95,
      "no_fills": 90,
      "open": 0,
      "pnl": 1694.1199999998448,
      "trading_pnl": 1694.1199999998448,
      "bonus": 0.0,
      "closed_lots": 11.429999999999948,
      "equity_start": 4099.169999999902,
      "equity_end": 5793.289999999746,
      "win_rate_pct": 75.57840616966581,
      "pnl_pct": 41.32836647418588
    },
    {
      "month": "2025-11",
      "signals": 433,
      "wins": 259,
      "losses": 100,
      "no_fills": 74,
      "open": 0,
      "pnl": 1302.369999999878,
      "trading_pnl": 1302.369999999878,
      "bonus": 0.0,
      "closed_lots": 10.529999999999967,
      "equity_start": 5793.289999999746,
      "equity_end": 7095.6599999996315,
      "win_rate_pct": 72.14484679665738,
      "pnl_pct": 22.480662973887636
    },
    {
      "month": "2025-12",
      "signals": 459,
      "wins": 276,
      "losses": 104,
      "no_fills": 79,
      "open": 0,
      "pnl": 1578.9199999998318,
      "trading_pnl": 1578.9199999998318,
      "bonus": 0.0,
      "closed_lots": 11.219999999999951,
      "equity_start": 7095.6599999996315,
      "equity_end": 8674.579999999462,
      "win_rate_pct": 72.63157894736842,
      "pnl_pct": 22.251911731958884
    },
    {
      "month": "2026-01",
      "signals": 447,
      "wins": 294,
      "losses": 77,
      "no_fills": 76,
      "open": 0,
      "pnl": 2391.1099999998924,
      "trading_pnl": 2391.1099999998924,
      "bonus": 0.0,
      "closed_lots": 10.809999999999958,
      "equity_start": 8674.579999999462,
      "equity_end": 11065.68999999937,
      "win_rate_pct": 79.24528301886792,
      "pnl_pct": 27.564562203588427
    },
    {
      "month": "2026-02",
      "signals": 430,
      "wins": 298,
      "losses": 97,
      "no_fills": 35,
      "open": 0,
      "pnl": 2545.009999999961,
      "trading_pnl": 2545.009999999961,
      "bonus": 0.0,
      "closed_lots": 11.71999999999994,
      "equity_start": 11065.68999999937,
      "equity_end": 13610.699999999342,
      "win_rate_pct": 75.44303797468355,
      "pnl_pct": 22.999108053814144
    },
    {
      "month": "2026-03",
      "signals": 466,
      "wins": 332,
      "losses": 93,
      "no_fills": 41,
      "open": 0,
      "pnl": 2268.1800000000403,
      "trading_pnl": 2268.1800000000403,
      "bonus": 0.0,
      "closed_lots": 12.649999999999922,
      "equity_start": 13610.699999999342,
      "equity_end": 15973.959999999377,
      "win_rate_pct": 78.11764705882352,
      "pnl_pct": 16.664682933281536
    },
    {
      "month": "2026-04",
      "signals": 437,
      "wins": 284,
      "losses": 105,
      "no_fills": 48,
      "open": 0,
      "pnl": 1182.3199999999888,
      "trading_pnl": 1182.3199999999888,
      "bonus": 0.0,
      "closed_lots": 11.449999999999946,
      "equity_start": 15849.109999999371,
      "equity_end": 17092.76999999936,
      "win_rate_pct": 73.00771208226222,
      "pnl_pct": 7.459851057882972
    },
    {
      "month": "2026-05",
      "signals": 449,
      "wins": 284,
      "losses": 100,
      "no_fills": 65,
      "open": 0,
      "pnl": 1438.0800000000245,
      "trading_pnl": 1438.0800000000245,
      "bonus": 0.0,
      "closed_lots": 11.329999999999949,