{
  "rank": 1,
  "candidate_id": "459c9cf43bdad985",
  "filter_preset": "self_limit",
  "metrics": {
    "candidate_id": "459c9cf43bdad985",
    "filter_preset": "self_limit",
    "passes_recommendation_gate": true,
    "passes_dd": true,
    "passes_edge": true,
    "passes_consistency": true,
    "passes_oos": true,
    "score": 18457.13138888833,
    "fixed_no_bonus_profit": 16688.089999999465,
    "fixed_with_bonus_profit": 17028.649999999325,
    "bonus_contribution": 340.55999999985943,
    "concurrent_risk_max_dd_pct": 38.33284631270506,
    "risk_net_profit_with_bonus": 271653040822.2441,
    "stable_months": 17,
    "total_months": 18,
    "stable_fraction": 0.9444444444444444,
    "worst_month_pnl": -335.76000000000386,
    "oos_fixed_no_bonus_profit": 10784.629999999788
  },
  "monthly": [
    {
      "month": "2025-01",
      "signals": 446,
      "wins": 77,
      "losses": 53,
      "no_fills": 315,
      "open": 0,
      "pnl": 200.10000000001173,
      "trading_pnl": 200.10000000001173,
      "bonus": 0.0,
      "closed_lots": 2.2699999999999982,
      "equity_start": 1000.0,
      "equity_end": 1200.1000000000117,
      "win_rate_pct": 59.23076923076923,
      "pnl_pct": 20.010000000001174
    },
    {
      "month": "2025-02",
      "signals": 419,
      "wins": 109,
      "losses": 68,
      "no_fills": 242,
      "open": 0,
      "pnl": 175.69999999996298,
      "trading_pnl": 175.69999999996298,
      "bonus": 0.0,
      "closed_lots": 3.5699999999999905,
      "equity_start": 1200.1000000000117,
      "equity_end": 1375.7999999999747,
      "win_rate_pct": 61.5819209039548,
      "pnl_pct": 14.640446629444318
    },
    {
      "month": "2025-03",
      "signals": 446,
      "wins": 114,
      "losses": 70,
      "no_fills": 262,
      "open": 0,
      "pnl": 224.30000000001928,
      "trading_pnl": 224.30000000001928,
      "bonus": 0.0,
      "closed_lots": 3.4999999999999902,
      "equity_start": 1375.7999999999747,
      "equity_end": 1600.099999999994,
      "win_rate_pct": 61.95652173913043,
      "pnl_pct": 16.3032417502561
    },
    {
      "month": "2025-04",
      "signals": 459,
      "wins": 222,
      "losses": 95,
      "no_fills": 142,
      "open": 0,
      "pnl": 945.6800000000217,
      "trading_pnl": 945.6800000000217,
      "bonus": 0.0,
      "closed_lots": 7.30999999999999,
      "equity_start": 1600.099999999994,
      "equity_end": 2545.7800000000157,
      "win_rate_pct": 70.03154574132492,
      "pnl_pct": 59.10130616836605
    },
    {
      "month": "2025-05",
      "signals": 448,
      "wins": 181,
      "losses": 94,
      "no_fills": 173,
      "open": 0,
      "pnl": 772.4300000000612,
      "trading_pnl": 772.4300000000612,
      "bonus": 0.0,
      "closed_lots": 6.269999999999984,
      "equity_start": 2545.7800000000157,
      "equity_end": 3318.210000000077,
      "win_rate_pct": 65.81818181818181,
      "pnl_pct": 30.341584897361773
    },
    {
      "month": "2025-06",
      "signals": 440,
      "wins": 140,
      "losses": 99,
      "no_fills": 201,
      "open": 0,
      "pnl": 108.10000000000264,
      "trading_pnl": 108.10000000000264,
      "bonus": 0.0,
      "closed_lots": 5.139999999999983,
      "equity_start": 3318.210000000077,
      "equity_end": 3426.3100000000795,
      "win_rate_pct": 58.57740585774059,
      "pnl_pct": 3.2577805503569737
    },
    {
      "month": "2025-07",
      "signals": 471,
      "wins": 90,
      "losses": 93,
      "no_fills": 288,
      "open": 0,
      "pnl": -335.76000000000386,
      "trading_pnl": -335.76000000000386,
      "bonus": 0.0,
      "closed_lots": 3.4799999999999898,
      "equity_start": 3426.3100000000795,
      "equity_end": 3090.5500000000757,
      "win_rate_pct": 49.18032786885246,
      "pnl_pct": -9.799463562841543
    },
    {
      "month": "2025-08",
      "signals": 454,
      "wins": 113,
      "losses": 79,
      "no_fills": 262,
      "open": 0,
      "pnl": 67.88999999996349,
      "trading_pnl": 67.88999999996349,
      "bonus": 0.0,
      "closed_lots": 3.5999999999999863,
      "equity_start": 3090.5500000000757,
      "equity_end": 3158.440000000039,
      "win_rate_pct": 58.854166666666664,
      "pnl_pct": 2.1966963809018405
    },
    {
      "month": "2025-09",
      "signals": 469,
      "wins": 151,
      "losses": 96,
      "no_fills": 222,
      "open": 0,
      "pnl": 653.2299999999482,
      "trading_pnl": 653.2299999999482,
      "bonus": 0.0,
      "closed_lots": 5.2599999999999865,
      "equity_start": 3158.440000000039,
      "equity_end": 3811.6699999999873,
      "win_rate_pct": 61.1336032388664,
      "pnl_pct": 20.6820455667969
    },
    {
      "month": "2025-10",
      "signals": 479,
      "wins": 229,
      "losses": 98,
      "no_fills": 152,
      "open": 0,
      "pnl": 1428.2299999998831,
      "trading_pnl": 1428.2299999998831,
      "bonus": 0.0,
      "closed_lots": 8.49,
      "equity_start": 3811.6699999999873,
      "equity_end": 5239.899999999869,
      "win_rate_pct": 70.03058103975535,
      "pnl_pct": 37.46992787937801
    },
    {
      "month": "2025-11",
      "signals": 433,
      "wins": 199,
      "losses": 93,
      "no_fills": 141,
      "open": 0,
      "pnl": 894.0899999998992,
      "trading_pnl": 894.0899999998992,
      "bonus": 0.0,
      "closed_lots": 7.209999999999999,
      "equity_start": 5239.899999999869,
      "equity_end": 6133.989999999768,
      "win_rate_pct": 68.15068493150685,
      "pnl_pct": 17.063111891446813
    },
    {
      "month": "2025-12",
      "signals": 459,
      "wins": 204,
      "losses": 98,
      "no_fills": 157,
      "open": 0,
      "pnl": 769.4699999998893,
      "trading_pnl": 769.4699999998893,
      "bonus": 0.0,
      "closed_lots": 7.189999999999987,
      "equity_start": 6133.989999999768,
      "equity_end": 6903.459999999657,
      "win_rate_pct": 67.54966887417218,
      "pnl_pct": 12.54436345673727
    },
    {
      "month": "2026-01",
      "signals": 447,
      "wins": 230,
      "losses": 97,
      "no_fills": 120,
      "open": 0,
      "pnl": 1924.9699999998911,
      "trading_pnl": 1924.9699999998911,
      "bonus": 0.0,
      "closed_lots": 8.309999999999997,
      "equity_start": 6903.459999999657,
      "equity_end": 8828.429999999553,
      "win_rate_pct": 70.33639143730886,
      "pnl_pct": 27.884133463509407
    },
    {
      "month": "2026-02",
      "signals": 430,
      "wins": 252,
      "losses": 104,
      "no_fills": 74,
      "open": 0,
      "pnl": 3147.989999999897,
      "trading_pnl": 3147.989999999897,
      "bonus": 0.0,
      "closed_lots": 9.879999999999969,
      "equity_start": 8828.429999999553,
      "equity_end": 11976.419999999456,
      "win_rate_pct": 70.78651685393258,
      "pnl_pct": 35.65741587122576
    },
    {
      "month": "2026-03",
      "signals": 466,
      "wins": 257,
      "losses": 129,
      "no_fills": 80,
      "open": 0,
      "pnl": 2565.0899999999865,
      "trading_pnl": 2565.0899999999865,
      "bonus": 0.0,
      "closed_lots": 10.639999999999953,
      "equity_start": 11976.419999999456,
      "equity_end": 14541.509999999456,
      "win_rate_pct": 66.58031088082902,
      "pnl_pct": 21.417836047834854
    },
    {
      "month": "2026-04",
      "signals": 437,
      "wins": 233,
      "losses": 116,
      "no_fills": 88,
      "open": 0,
      "pnl": 1268.3499999999804,
      "trading_pnl": 1268.3499999999804,
      "bonus": 0.0,
      "closed_lots": 9.01999999999998,
      "equity_start": 14541.509999999456,
      "equity_end": 15809.859999999446,
      "win_rate_pct": 66.7621776504298,
      "pnl_pct": 8.72227162103542
    },
    {
      "month": "2026-05",
      "signals": 449,
      "wins": 234,
      "losses": 112,
      "no_fills": 103,
      "open": 0,
      "pnl": 1626.099999999984,
      "trading_pnl": 1626.099999999984,
      "bonus": 0.0,
      "closed_lots": 8.729999999999984,
      "equity_start": 15809.859999999446,