{
  "rank": 13,
  "candidate_id": "e8f04604221f8280",
  "filter_preset": "self_limit",
  "metrics": {
    "candidate_id": "e8f04604221f8280",
    "filter_preset": "self_limit",
    "passes_recommendation_gate": false,
    "passes_dd": false,
    "passes_edge": true,
    "passes_consistency": true,
    "passes_oos": true,
    "score": 10370.666666666766,
    "fixed_no_bonus_profit": 10385.509999999995,
    "fixed_with_bonus_profit": 10852.610000000088,
    "bonus_contribution": 467.10000000009313,
    "concurrent_risk_max_dd_pct": 93.7627223628936,
    "risk_net_profit_with_bonus": 58507508.42001201,
    "stable_months": 15,
    "total_months": 18,
    "stable_fraction": 0.8333333333333334,
    "worst_month_pnl": -942.8000000000061,
    "oos_fixed_no_bonus_profit": 6864.300000000413
  },
  "monthly": [
    {
      "month": "2025-01",
      "signals": 446,
      "wins": 78,
      "losses": 79,
      "no_fills": 289,
      "open": 0,
      "pnl": 134.8200000000129,
      "trading_pnl": 134.8200000000129,
      "bonus": 0.0,
      "closed_lots": 4.22999999999999,
      "equity_start": 1000.0,
      "equity_end": 1134.820000000013,
      "win_rate_pct": 49.681528662420384,
      "pnl_pct": 13.48200000000129
    },
    {
      "month": "2025-02",
      "signals": 419,
      "wins": 121,
      "losses": 93,
      "no_fills": 205,
      "open": 0,
      "pnl": 379.60999999995374,
      "trading_pnl": 379.60999999995374,
      "bonus": 0.0,
      "closed_lots": 5.929999999999999,
      "equity_start": 1134.820000000013,
      "equity_end": 1514.4299999999666,
      "win_rate_pct": 56.54205607476636,
      "pnl_pct": 33.45112000140546
    },
    {
      "month": "2025-03",
      "signals": 446,
      "wins": 131,
      "losses": 100,
      "no_fills": 215,
      "open": 0,
      "pnl": 225.35000000004538,
      "trading_pnl": 225.35000000004538,
      "bonus": 0.0,
      "closed_lots": 6.379999999999999,
      "equity_start": 1514.4299999999666,
      "equity_end": 1739.780000000012,
      "win_rate_pct": 56.709956709956714,
      "pnl_pct": 14.880185944550117
    },
    {
      "month": "2025-04",
      "signals": 459,
      "wins": 203,
      "losses": 139,
      "no_fills": 117,
      "open": 0,
      "pnl": 947.0099999999993,
      "trading_pnl": 947.0099999999993,
      "bonus": 0.0,
      "closed_lots": 9.899999999999975,
      "equity_start": 1739.780000000012,
      "equity_end": 2721.9700000000125,
      "win_rate_pct": 59.356725146198826,
      "pnl_pct": 54.43274436997739
    },
    {
      "month": "2025-05",
      "signals": 448,
      "wins": 176,
      "losses": 142,
      "no_fills": 130,
      "open": 0,
      "pnl": 412.74000000004935,
      "trading_pnl": 412.74000000004935,
      "bonus": 0.0,
      "closed_lots": 9.279999999999992,
      "equity_start": 2686.7900000000113,
      "equity_end": 3099.5300000000607,
      "win_rate_pct": 55.34591194968554,
      "pnl_pct": 15.361825821893325
    },
    {
      "month": "2025-06",
      "signals": 440,
      "wins": 142,
      "losses": 141,
      "no_fills": 156,
      "open": 0,
      "pnl": -182.31999999999607,
      "trading_pnl": -182.31999999999607,
      "bonus": 0.0,
      "closed_lots": 8.12000000000001,
      "equity_start": 3099.5300000000607,
      "equity_end": 2917.2100000000646,
      "win_rate_pct": 50.17667844522968,
      "pnl_pct": -5.882182137291541
    },
    {
      "month": "2025-07",
      "signals": 471,
      "wins": 81,
      "losses": 148,
      "no_fills": 242,
      "open": 0,
      "pnl": -942.8000000000061,
      "trading_pnl": -942.8000000000061,
      "bonus": 0.0,
      "closed_lots": 6.400000000000003,
      "equity_start": 2917.2100000000646,
      "equity_end": 1974.4100000000585,
      "win_rate_pct": 35.37117903930131,
      "pnl_pct": -32.318550944223595
    },
    {
      "month": "2025-08",
      "signals": 454,
      "wins": 119,
      "losses": 123,
      "no_fills": 211,
      "open": 0,
      "pnl": -337.35000000007585,
      "trading_pnl": -337.35000000007585,
      "bonus": 0.0,
      "closed_lots": 6.660000000000002,
      "equity_start": 1974.4100000000585,
      "equity_end": 1637.0599999999827,
      "win_rate_pct": 49.17355371900827,
      "pnl_pct": -17.08611686529474
    },
    {
      "month": "2025-09",
      "signals": 469,
      "wins": 163,
      "losses": 132,
      "no_fills": 174,
      "open": 0,
      "pnl": 889.1299999999078,
      "trading_pnl": 889.1299999999078,
      "bonus": 0.0,
      "closed_lots": 8.410000000000009,
      "equity_start": 1637.0599999999827,
      "equity_end": 2526.1899999998905,
      "win_rate_pct": 55.254237288135585,
      "pnl_pct": 54.312609189639794
    },
    {
      "month": "2025-10",
      "signals": 479,
      "wins": 222,
      "losses": 143,
      "no_fills": 114,
      "open": 0,
      "pnl": 1504.5599999998922,
      "trading_pnl": 1504.5599999998922,
      "bonus": 0.0,
      "closed_lots": 10.599999999999964,
      "equity_start": 2526.1899999998905,
      "equity_end": 4030.7499999997826,
      "win_rate_pct": 60.82191780821918,
      "pnl_pct": 59.55846551526043
    },
    {
      "month": "2025-11",
      "signals": 433,
      "wins": 186,
      "losses": 145,
      "no_fills": 102,
      "open": 0,
      "pnl": 347.11999999990394,
      "trading_pnl": 347.11999999990394,
      "bonus": 0.0,
      "closed_lots": 9.479999999999984,
      "equity_start": 4030.7499999997826,
      "equity_end": 4377.86999999968,
      "win_rate_pct": 56.19335347432024,
      "pnl_pct": 8.611796812005771
    },
    {
      "month": "2025-12",
      "signals": 459,
      "wins": 197,
      "losses": 153,
      "no_fills": 109,
      "open": 0,
      "pnl": 143.33999999993466,
      "trading_pnl": 143.33999999993466,
      "bonus": 0.0,
      "closed_lots": 10.12999999999997,
      "equity_start": 4377.86999999968,
      "equity_end": 4521.209999999614,
      "win_rate_pct": 56.285714285714285,
      "pnl_pct": 3.2741949852312913
    },
    {
      "month": "2026-01",
      "signals": 447,
      "wins": 213,
      "losses": 141,
      "no_fills": 93,
      "open": 0,
      "pnl": 1236.9599999999891,
      "trading_pnl": 1236.9599999999891,
      "bonus": 0.0,
      "closed_lots": 10.269999999999968,
      "equity_start": 4521.209999999614,
      "equity_end": 5758.1699999996035,
      "win_rate_pct": 60.16949152542372,
      "pnl_pct": 27.359047688563344
    },
    {
      "month": "2026-02",
      "signals": 430,
      "wins": 233,
      "losses": 151,
      "no_fills": 46,
      "open": 0,
      "pnl": 2074.4400000000433,
      "trading_pnl": 2074.4400000000433,
      "bonus": 0.0,
      "closed_lots": 11.419999999999947,
      "equity_start": 5758.1699999996035,
      "equity_end": 7832.609999999647,
      "win_rate_pct": 60.677083333333336,
      "pnl_pct": 36.026029102999495
    },
    {
      "month": "2026-03",
      "signals": 466,
      "wins": 244,
      "losses": 171,
      "no_fills": 51,
      "open": 0,
      "pnl": 1344.7500000001346,
      "trading_pnl": 1344.7500000001346,
      "bonus": 0.0,
      "closed_lots": 12.299999999999928,
      "equity_start": 7832.609999999647,
      "equity_end": 9265.889999999785,
      "win_rate_pct": 58.79518072289157,
      "pnl_pct": 17.168606633040522
    },
    {
      "month": "2026-04",
      "signals": 437,
      "wins": 216,
      "losses": 152,
      "no_fills": 69,
      "open": 0,
      "pnl": 894.7200000000994,
      "trading_pnl": 894.7200000000994,
      "bonus": 0.0,
      "closed_lots": 10.80999999999996,
      "equity_start": 9165.41999999978,
      "equity_end": 10047.999999999869,
      "win_rate_pct": 58.69565217391305,
      "pnl_pct": 9.761909437866686
    },
    {
      "month": "2026-05",
      "signals": 449,
      "wins": 220,
      "losses": 142,
      "no_fills": 87,
      "open": 0,
      "pnl": 1043.6300000000865,
      "trading_pnl": 1043.6300000000865,
      "bonus": 0.0,
      "closed_lots": 10.619999999999962,