{
  "rank": 9,
  "candidate_id": "0e86921b1c5e32b7",
  "filter_preset": "self_limit",
  "metrics": {
    "candidate_id": "0e86921b1c5e32b7",
    "filter_preset": "self_limit",
    "passes_recommendation_gate": false,
    "passes_dd": false,
    "passes_edge": true,
    "passes_consistency": true,
    "passes_oos": true,
    "score": 17439.32777777772,
    "fixed_no_bonus_profit": 16594.039999999935,
    "fixed_with_bonus_profit": 17086.369999999544,
    "bonus_contribution": 492.32999999960884,
    "concurrent_risk_max_dd_pct": 68.4743182389239,
    "risk_net_profit_with_bonus": 444106641938315.8,
    "stable_months": 16,
    "total_months": 18,
    "stable_fraction": 0.8888888888888888,
    "worst_month_pnl": -260.13000000000784,
    "oos_fixed_no_bonus_profit": 10756.279999999997
  },
  "monthly": [
    {
      "month": "2025-01",
      "signals": 446,
      "wins": 132,
      "losses": 69,
      "no_fills": 245,
      "open": 0,
      "pnl": 24.320000000019718,
      "trading_pnl": 24.320000000019718,
      "bonus": 0.0,
      "closed_lots": 5.129999999999992,
      "equity_start": 1000.0,
      "equity_end": 1024.3200000000197,
      "win_rate_pct": 65.67164179104478,
      "pnl_pct": 2.4320000000019717
    },
    {
      "month": "2025-02",
      "signals": 419,
      "wins": 151,
      "losses": 84,
      "no_fills": 183,
      "open": 0,
      "pnl": 170.18999999995413,
      "trading_pnl": 170.18999999995413,
      "bonus": 0.0,
      "closed_lots": 6.550000000000004,
      "equity_start": 1024.3200000000197,
      "equity_end": 1194.5099999999738,
      "win_rate_pct": 64.25531914893618,
      "pnl_pct": 16.614925023425382
    },
    {
      "month": "2025-03",
      "signals": 446,
      "wins": 179,
      "losses": 79,
      "no_fills": 185,
      "open": 0,
      "pnl": 372.0700000000361,
      "trading_pnl": 372.0700000000361,
      "bonus": 0.0,
      "closed_lots": 7.1500000000000075,
      "equity_start": 1194.5099999999738,
      "equity_end": 1566.58000000001,
      "win_rate_pct": 69.37984496124031,
      "pnl_pct": 31.14833697499763
    },
    {
      "month": "2025-04",
      "signals": 459,
      "wins": 268,
      "losses": 88,
      "no_fills": 97,
      "open": 0,
      "pnl": 873.4200000000369,
      "trading_pnl": 873.4200000000369,
      "bonus": 0.0,
      "closed_lots": 10.399999999999965,
      "equity_start": 1566.58000000001,
      "equity_end": 2445.2200000000475,
      "win_rate_pct": 75.28089887640449,
      "pnl_pct": 55.75329699089937
    },
    {
      "month": "2025-05",
      "signals": 448,
      "wins": 233,
      "losses": 94,
      "no_fills": 117,
      "open": 0,
      "pnl": 332.1700000000915,
      "trading_pnl": 332.1700000000915,
      "bonus": 0.0,
      "closed_lots": 9.599999999999984,
      "equity_start": 2440.000000000047,
      "equity_end": 2772.1700000001383,
      "win_rate_pct": 71.25382262996942,
      "pnl_pct": 13.613524590167422
    },
    {
      "month": "2025-06",
      "signals": 440,
      "wins": 199,
      "losses": 105,
      "no_fills": 136,
      "open": 0,
      "pnl": -77.21999999996797,
      "trading_pnl": -77.21999999996797,
      "bonus": 0.0,
      "closed_lots": 8.610000000000001,
      "equity_start": 2772.1700000001383,
      "equity_end": 2694.9500000001703,
      "win_rate_pct": 65.46052631578947,
      "pnl_pct": -2.785543455125916
    },
    {
      "month": "2025-07",
      "signals": 471,
      "wins": 158,
      "losses": 96,
      "no_fills": 217,
      "open": 0,
      "pnl": -260.13000000000784,
      "trading_pnl": -260.13000000000784,
      "bonus": 0.0,
      "closed_lots": 7.0300000000000065,
      "equity_start": 2694.9500000001703,
      "equity_end": 2433.510000000163,
      "win_rate_pct": 62.20472440944882,
      "pnl_pct": -9.652498191060738
    },
    {
      "month": "2025-08",
      "signals": 454,
      "wins": 169,
      "losses": 107,
      "no_fills": 178,
      "open": 0,
      "pnl": 99.10999999994965,
      "trading_pnl": 99.10999999994965,
      "bonus": 0.0,
      "closed_lots": 7.560000000000009,
      "equity_start": 2434.8200000001625,
      "equity_end": 2533.930000000112,
      "win_rate_pct": 61.23188405797102,
      "pnl_pct": 4.070526774050774
    },
    {
      "month": "2025-09",
      "signals": 469,
      "wins": 213,
      "losses": 106,
      "no_fills": 150,
      "open": 0,
      "pnl": 858.869999999963,
      "trading_pnl": 858.869999999963,
      "bonus": 0.0,
      "closed_lots": 8.989999999999995,
      "equity_start": 2533.930000000112,
      "equity_end": 3392.000000000075,
      "win_rate_pct": 66.77115987460816,
      "pnl_pct": 33.894780045223236
    },
    {
      "month": "2025-10",
      "signals": 479,
      "wins": 297,
      "losses": 72,
      "no_fills": 102,
      "open": 0,
      "pnl": 2043.2299999998963,
      "trading_pnl": 2043.2299999998963,
      "bonus": 0.0,
      "closed_lots": 10.979999999999954,
      "equity_start": 3392.800000000075,
      "equity_end": 5436.029999999973,
      "win_rate_pct": 80.48780487804879,
      "pnl_pct": 60.22253006365984
    },
    {
      "month": "2025-11",
      "signals": 433,
      "wins": 257,
      "losses": 85,
      "no_fills": 91,
      "open": 0,
      "pnl": 828.0399999999495,
      "trading_pnl": 828.0399999999495,
      "bonus": 0.0,
      "closed_lots": 9.94999999999998,
      "equity_start": 5436.029999999973,
      "equity_end": 6264.06999999993,
      "win_rate_pct": 75.14619883040936,
      "pnl_pct": 15.232439850404681
    },
    {
      "month": "2025-12",
      "signals": 459,
      "wins": 261,
      "losses": 98,
      "no_fills": 97,
      "open": 0,
      "pnl": 573.6899999999196,
      "trading_pnl": 573.6899999999196,
      "bonus": 0.0,
      "closed_lots": 10.509999999999964,
      "equity_start": 6264.06999999993,
      "equity_end": 6837.759999999849,
      "win_rate_pct": 72.70194986072424,
      "pnl_pct": 9.158422559133694
    },
    {
      "month": "2026-01",
      "signals": 447,
      "wins": 292,
      "losses": 71,
      "no_fills": 77,
      "open": 0,
      "pnl": 1750.3299999999017,
      "trading_pnl": 1750.3299999999017,
      "bonus": 0.0,
      "closed_lots": 10.699999999999962,
      "equity_start": 6837.759999999849,
      "equity_end": 8588.089999999753,
      "win_rate_pct": 80.44077134986226,
      "pnl_pct": 25.59800285473518
    },
    {
      "month": "2026-02",
      "signals": 430,
      "wins": 295,
      "losses": 73,
      "no_fills": 42,
      "open": 0,
      "pnl": 2956.929999999954,
      "trading_pnl": 2956.929999999954,
      "bonus": 0.0,
      "closed_lots": 11.539999999999944,
      "equity_start": 8588.089999999753,
      "equity_end": 11545.019999999731,
      "win_rate_pct": 80.16304347826086,
      "pnl_pct": 34.43058933942284
    },
    {
      "month": "2026-03",
      "signals": 466,
      "wins": 329,
      "losses": 75,
      "no_fills": 47,
      "open": 0,
      "pnl": 2744.5600000000277,
      "trading_pnl": 2744.5600000000277,
      "bonus": 0.0,
      "closed_lots": 12.449999999999926,
      "equity_start": 11545.019999999731,
      "equity_end": 14324.52999999978,
      "win_rate_pct": 81.43564356435643,
      "pnl_pct": 23.7726742786075
    },
    {
      "month": "2026-04",
      "signals": 437,
      "wins": 287,
      "losses": 89,
      "no_fills": 59,
      "open": 0,
      "pnl": 1151.8100000000159,
      "trading_pnl": 1151.8100000000159,
      "bonus": 0.0,
      "closed_lots": 11.089999999999954,
      "equity_start": 14269.369999999775,
      "equity_end": 15471.659999999829,
      "win_rate_pct": 76.32978723404256,
      "pnl_pct": 8.07190506658692
    },
    {
      "month": "2026-05",
      "signals": 449,
      "wins": 291,
      "losses": 80,
      "no_fills": 72,
      "open": 0,
      "pnl": 1284.1700000000146,
      "trading_pnl": 1284.1700000000146,
      "bonus": 0.0,
      "closed_lots": 10.979999999999956,
      "equity_start": 15441.389999999825,