{
  "rank": 15,
  "candidate_id": "012c82ddb0e2dfe0",
  "filter_preset": "self_limit",
  "metrics": {
    "candidate_id": "012c82ddb0e2dfe0",
    "filter_preset": "self_limit",
    "passes_recommendation_gate": false,
    "passes_dd": false,
    "passes_edge": true,
    "passes_consistency": true,
    "passes_oos": true,
    "score": 8379.953333332985,
    "fixed_no_bonus_profit": 9710.239999999423,
    "fixed_with_bonus_profit": 10382.42000000013,
    "bonus_contribution": 672.1800000007061,
    "concurrent_risk_max_dd_pct": 100.05593282324855,
    "risk_net_profit_with_bonus": -1003.1200000001932,
    "stable_months": 12,
    "total_months": 18,
    "stable_fraction": 0.6666666666666666,
    "worst_month_pnl": -2158.8900000000344,
    "oos_fixed_no_bonus_profit": 7625.840000000149
  },
  "monthly": [
    {
      "month": "2025-01",
      "signals": 446,
      "wins": 104,
      "losses": 89,
      "no_fills": 253,
      "open": 0,
      "pnl": 393.02000000000953,
      "trading_pnl": 393.02000000000953,
      "bonus": 0.0,
      "closed_lots": 6.9700000000000015,
      "equity_start": 1000.0,
      "equity_end": 1393.0200000000095,
      "win_rate_pct": 53.8860103626943,
      "pnl_pct": 39.30200000000095
    },
    {
      "month": "2025-02",
      "signals": 419,
      "wins": 138,
      "losses": 112,
      "no_fills": 169,
      "open": 0,
      "pnl": 941.1199999999153,
      "trading_pnl": 941.1199999999153,
      "bonus": 0.0,
      "closed_lots": 9.409999999999972,
      "equity_start": 1393.0200000000095,
      "equity_end": 2334.139999999925,
      "win_rate_pct": 55.2,
      "pnl_pct": 67.55969045669903
    },
    {
      "month": "2025-03",
      "signals": 446,
      "wins": 174,
      "losses": 97,
      "no_fills": 175,
      "open": 0,
      "pnl": 1423.9900000000675,
      "trading_pnl": 1423.9900000000675,
      "bonus": 0.0,
      "closed_lots": 10.029999999999957,
      "equity_start": 2334.139999999925,
      "equity_end": 3742.169999999992,
      "win_rate_pct": 64.20664206642066,
      "pnl_pct": 61.00705184779463
    },
    {
      "month": "2025-04",
      "signals": 459,
      "wins": 210,
      "losses": 149,
      "no_fills": 100,
      "open": 0,
      "pnl": 326.4199999999896,
      "trading_pnl": 326.4199999999896,
      "bonus": 0.0,
      "closed_lots": 14.069999999999876,
      "equity_start": 3758.1299999999924,
      "equity_end": 4108.209999999978,
      "win_rate_pct": 58.495821727019504,
      "pnl_pct": 8.685702729814835
    },
    {
      "month": "2025-05",
      "signals": 448,
      "wins": 189,
      "losses": 148,
      "no_fills": 111,
      "open": 0,
      "pnl": -34.039999999905376,
      "trading_pnl": -34.039999999905376,
      "bonus": 0.0,
      "closed_lots": 13.119999999999896,
      "equity_start": 4084.5499999999774,
      "equity_end": 4050.510000000072,
      "win_rate_pct": 56.083086053412465,
      "pnl_pct": -0.8333843385417137
    },
    {
      "month": "2025-06",
      "signals": 440,
      "wins": 171,
      "losses": 139,
      "no_fills": 130,
      "open": 0,
      "pnl": -163.80000000001155,
      "trading_pnl": -163.80000000001155,
      "bonus": 0.0,
      "closed_lots": 11.99999999999992,
      "equity_start": 4050.510000000072,
      "equity_end": 3886.7100000000623,
      "win_rate_pct": 55.16129032258065,
      "pnl_pct": -4.043935208159185
    },
    {
      "month": "2025-07",
      "signals": 471,
      "wins": 115,
      "losses": 145,
      "no_fills": 205,
      "open": 0,
      "pnl": -2158.8900000000344,
      "trading_pnl": -2158.8900000000344,
      "bonus": 0.0,
      "closed_lots": 10.139999999999958,
      "equity_start": 3886.7100000000623,
      "equity_end": 1775.9400000000287,
      "win_rate_pct": 44.230769230769226,
      "pnl_pct": -55.545435599774606
    },
    {
      "month": "2025-08",
      "signals": 454,
      "wins": 158,
      "losses": 135,
      "no_fills": 161,
      "open": 0,
      "pnl": -480.3400000001202,
      "trading_pnl": -480.3400000001202,
      "bonus": 0.0,
      "closed_lots": 10.889999999999942,
      "equity_start": 1702.8600000000288,
      "equity_end": 1247.4799999999077,
      "win_rate_pct": 53.92491467576792,
      "pnl_pct": -28.20783857745863
    },
    {
      "month": "2025-09",
      "signals": 469,
      "wins": 178,
      "losses": 138,
      "no_fills": 153,
      "open": 0,
      "pnl": 809.4099999998689,
      "trading_pnl": 809.4099999998689,
      "bonus": 0.0,
      "closed_lots": 12.009999999999918,
      "equity_start": 1247.4799999999077,
      "equity_end": 2108.729999999775,
      "win_rate_pct": 56.32911392405063,
      "pnl_pct": 64.88360534837663
    },
    {
      "month": "2025-10",
      "signals": 479,
      "wins": 255,
      "losses": 127,
      "no_fills": 97,
      "open": 0,
      "pnl": 1278.3099999998185,
      "trading_pnl": 1278.3099999998185,
      "bonus": 0.0,
      "closed_lots": 14.879999999999859,
      "equity_start": 2056.8899999997766,
      "equity_end": 3335.199999999595,
      "win_rate_pct": 66.75392670157068,
      "pnl_pct": 62.147708433603995
    },
    {
      "month": "2025-11",
      "signals": 433,
      "wins": 214,
      "losses": 137,
      "no_fills": 82,
      "open": 0,
      "pnl": -386.73000000014963,
      "trading_pnl": -386.73000000014963,
      "bonus": 0.0,
      "closed_lots": 13.519999999999886,
      "equity_start": 3335.199999999595,
      "equity_end": 2948.4699999994455,
      "win_rate_pct": 60.96866096866097,
      "pnl_pct": -11.595406572325395
    },
    {
      "month": "2025-12",
      "signals": 459,
      "wins": 234,
      "losses": 140,
      "no_fills": 85,
      "open": 0,
      "pnl": 135.9299999998275,
      "trading_pnl": 135.9299999998275,
      "bonus": 0.0,
      "closed_lots": 14.589999999999865,
      "equity_start": 2948.4699999994455,
      "equity_end": 3084.399999999273,
      "win_rate_pct": 62.56684491978609,
      "pnl_pct": 4.610187656644057
    },
    {
      "month": "2026-01",
      "signals": 447,
      "wins": 259,
      "losses": 99,
      "no_fills": 89,
      "open": 0,
      "pnl": 3351.3199999998596,
      "trading_pnl": 3351.3199999998596,
      "bonus": 0.0,
      "closed_lots": 14.009999999999877,
      "equity_start": 3084.399999999273,
      "equity_end": 6435.719999999133,
      "win_rate_pct": 72.3463687150838,
      "pnl_pct": 108.65387109326447
    },
    {
      "month": "2026-02",
      "signals": 430,
      "wins": 268,
      "losses": 121,
      "no_fills": 41,
      "open": 0,
      "pnl": 2156.7900000000136,
      "trading_pnl": 2156.7900000000136,
      "bonus": 0.0,
      "closed_lots": 15.469999999999846,
      "equity_start": 6435.719999999133,
      "equity_end": 8592.509999999147,
      "win_rate_pct": 68.89460154241645,
      "pnl_pct": 33.51280043259036
    },
    {
      "month": "2026-03",
      "signals": 466,
      "wins": 279,
      "losses": 142,
      "no_fills": 45,
      "open": 0,
      "pnl": 1057.9600000000846,
      "trading_pnl": 1057.9600000000846,
      "bonus": 0.0,
      "closed_lots": 16.669999999999824,
      "equity_start": 8592.509999999147,
      "equity_end": 9838.539999999233,
      "win_rate_pct": 66.270783847981,
      "pnl_pct": 12.312583866648856
    },
    {
      "month": "2026-04",
      "signals": 437,
      "wins": 234,
      "losses": 146,
      "no_fills": 57,
      "open": 0,
      "pnl": -104.68999999992684,
      "trading_pnl": -104.68999999992684,
      "bonus": 0.0,
      "closed_lots": 15.009999999999856,
      "equity_start": 9638.529999999231,
      "equity_end": 9526.309999999305,
      "win_rate_pct": 61.578947368421055,
      "pnl_pct": -1.0861614789800436
    },
    {
      "month": "2026-05",
      "signals": 449,
      "wins": 243,
      "losses": 134,
      "no_fills": 72,
      "open": 0,
      "pnl": 740.100000000054,
      "trading_pnl": 740.100000000054,
      "bonus": 0.0,
      "closed_lots": 14.80999999999986,