{
  "rank": 12,
  "candidate_id": "7f0a5e6f161a92d7",
  "filter_preset": "self_limit",
  "metrics": {
    "candidate_id": "7f0a5e6f161a92d7",
    "filter_preset": "self_limit",
    "passes_recommendation_gate": false,
    "passes_dd": false,
    "passes_edge": true,
    "passes_consistency": true,
    "passes_oos": true,
    "score": 10782.707499998527,
    "fixed_no_bonus_profit": 11240.009999998329,
    "fixed_with_bonus_profit": 11912.189999999116,
    "bonus_contribution": 672.1800000007879,
    "concurrent_risk_max_dd_pct": 101.07792008008435,
    "risk_net_profit_with_bonus": -1049.7500000001878,
    "stable_months": 14,
    "total_months": 18,
    "stable_fraction": 0.7777777777777778,
    "worst_month_pnl": -2293.050000000051,
    "oos_fixed_no_bonus_profit": 8161.909999999309
  },
  "monthly": [
    {
      "month": "2025-01",
      "signals": 446,
      "wins": 114,
      "losses": 79,
      "no_fills": 253,
      "open": 0,
      "pnl": 339.970000000018,
      "trading_pnl": 339.970000000018,
      "bonus": 0.0,
      "closed_lots": 6.9700000000000015,
      "equity_start": 1000.0,
      "equity_end": 1339.970000000018,
      "win_rate_pct": 59.067357512953365,
      "pnl_pct": 33.9970000000018
    },
    {
      "month": "2025-02",
      "signals": 419,
      "wins": 122,
      "losses": 128,
      "no_fills": 169,
      "open": 0,
      "pnl": 514.4799999998818,
      "trading_pnl": 514.4799999998818,
      "bonus": 0.0,
      "closed_lots": 9.409999999999972,
      "equity_start": 1339.970000000018,
      "equity_end": 1854.4499999998998,
      "win_rate_pct": 48.8,
      "pnl_pct": 38.394889437813895
    },
    {
      "month": "2025-03",
      "signals": 446,
      "wins": 157,
      "losses": 114,
      "no_fills": 175,
      "open": 0,
      "pnl": 1635.4700000000812,
      "trading_pnl": 1635.4700000000812,
      "bonus": 0.0,
      "closed_lots": 10.029999999999957,
      "equity_start": 1854.4499999998998,
      "equity_end": 3489.919999999981,
      "win_rate_pct": 57.93357933579336,
      "pnl_pct": 88.19164711910106
    },
    {
      "month": "2025-04",
      "signals": 459,
      "wins": 173,
      "losses": 186,
      "no_fills": 100,
      "open": 0,
      "pnl": 376.75999999995156,
      "trading_pnl": 376.75999999995156,
      "bonus": 0.0,
      "closed_lots": 14.069999999999876,
      "equity_start": 3489.919999999981,
      "equity_end": 3886.6099999999324,
      "win_rate_pct": 48.18941504178273,
      "pnl_pct": 10.795662937831056
    },
    {
      "month": "2025-05",
      "signals": 448,
      "wins": 155,
      "losses": 182,
      "no_fills": 111,
      "open": 0,
      "pnl": 42.4800000000414,
      "trading_pnl": 42.4800000000414,
      "bonus": 0.0,
      "closed_lots": 13.119999999999896,
      "equity_start": 3866.679999999931,
      "equity_end": 3909.159999999972,
      "win_rate_pct": 45.99406528189911,
      "pnl_pct": 1.0986169013221203
    },
    {
      "month": "2025-06",
      "signals": 440,
      "wins": 157,
      "losses": 153,
      "no_fills": 130,
      "open": 0,
      "pnl": -497.630000000006,
      "trading_pnl": -497.630000000006,
      "bonus": 0.0,
      "closed_lots": 11.99999999999992,
      "equity_start": 3909.159999999972,
      "equity_end": 3411.529999999966,
      "win_rate_pct": 50.645161290322584,
      "pnl_pct": -12.729844774836781
    },
    {
      "month": "2025-07",
      "signals": 471,
      "wins": 107,
      "losses": 159,
      "no_fills": 205,
      "open": 0,
      "pnl": -2293.050000000051,
      "trading_pnl": -2293.050000000051,
      "bonus": 0.0,
      "closed_lots": 10.139999999999958,
      "equity_start": 3411.529999999966,
      "equity_end": 1214.2899999999136,
      "win_rate_pct": 40.225563909774436,
      "pnl_pct": -67.21471011540493
    },
    {
      "month": "2025-08",
      "signals": 454,
      "wins": 161,
      "losses": 132,
      "no_fills": 161,
      "open": 0,
      "pnl": 166.30999999984988,
      "trading_pnl": 166.30999999984988,
      "bonus": 0.0,
      "closed_lots": 10.889999999999942,
      "equity_start": 1070.5199999999159,
      "equity_end": 1284.7899999997649,
      "win_rate_pct": 54.94880546075085,
      "pnl_pct": 15.535440720384761
    },
    {
      "month": "2025-09",
      "signals": 469,
      "wins": 174,
      "losses": 142,
      "no_fills": 153,
      "open": 0,
      "pnl": 1200.789999999863,
      "trading_pnl": 1200.789999999863,
      "bonus": 0.0,
      "closed_lots": 12.009999999999918,
      "equity_start": 1284.7899999997649,
      "equity_end": 2521.859999999627,
      "win_rate_pct": 55.06329113924051,
      "pnl_pct": 93.46196654706861
    },
    {
      "month": "2025-10",
      "signals": 479,
      "wins": 195,
      "losses": 187,
      "no_fills": 97,
      "open": 0,
      "pnl": 1825.6999999997993,
      "trading_pnl": 1825.6999999997993,
      "bonus": 0.0,
      "closed_lots": 14.879999999999859,
      "equity_start": 2485.579999999628,
      "equity_end": 4311.279999999428,
      "win_rate_pct": 51.047120418848166,
      "pnl_pct": 73.45166922811065
    },
    {
      "month": "2025-11",
      "signals": 433,
      "wins": 161,
      "losses": 190,
      "no_fills": 82,
      "open": 0,
      "pnl": -589.540000000185,
      "trading_pnl": -589.540000000185,
      "bonus": 0.0,
      "closed_lots": 13.519999999999886,
      "equity_start": 4311.279999999428,
      "equity_end": 3721.739999999242,
      "win_rate_pct": 45.86894586894587,
      "pnl_pct": -13.674361210597857
    },
    {
      "month": "2025-12",
      "signals": 459,
      "wins": 201,
      "losses": 173,
      "no_fills": 85,
      "open": 0,
      "pnl": 356.3599999997532,
      "trading_pnl": 356.3599999997532,
      "bonus": 0.0,
      "closed_lots": 14.589999999999865,
      "equity_start": 3721.739999999242,
      "equity_end": 4078.0999999989954,
      "win_rate_pct": 53.7433155080214,
      "pnl_pct": 9.575091220768398
    },
    {
      "month": "2026-01",
      "signals": 447,
      "wins": 191,
      "losses": 167,
      "no_fills": 89,
      "open": 0,
      "pnl": 3449.899999999787,
      "trading_pnl": 3449.899999999787,
      "bonus": 0.0,
      "closed_lots": 14.009999999999877,
      "equity_start": 4078.0999999989954,
      "equity_end": 7527.999999998782,
      "win_rate_pct": 53.351955307262564,
      "pnl_pct": 84.59576763690534
    },
    {
      "month": "2026-02",
      "signals": 430,
      "wins": 167,
      "losses": 222,
      "no_fills": 41,
      "open": 0,
      "pnl": 1392.619999999827,
      "trading_pnl": 1392.619999999827,
      "bonus": 0.0,
      "closed_lots": 15.469999999999846,
      "equity_start": 7527.999999998782,
      "equity_end": 8920.61999999862,
      "win_rate_pct": 42.9305912596401,
      "pnl_pct": 18.499202975558614
    },
    {
      "month": "2026-03",
      "signals": 466,
      "wins": 192,
      "losses": 229,
      "no_fills": 45,
      "open": 0,
      "pnl": 2490.029999999869,
      "trading_pnl": 2490.029999999869,
      "bonus": 0.0,
      "closed_lots": 16.669999999999824,
      "equity_start": 8920.61999999862,
      "equity_end": 11358.359999998487,
      "win_rate_pct": 45.605700712589076,
      "pnl_pct": 27.913194374384897
    },
    {
      "month": "2026-04",
      "signals": 437,
      "wins": 172,
      "losses": 208,
      "no_fills": 57,
      "open": 0,
      "pnl": -316.3300000000918,
      "trading_pnl": -316.3300000000918,
      "bonus": 0.0,
      "closed_lots": 15.009999999999856,
      "equity_start": 11380.039999998484,
      "equity_end": 11161.909999998396,
      "win_rate_pct": 45.26315789473684,
      "pnl_pct": -2.7796914597851496
    },
    {
      "month": "2026-05",
      "signals": 449,
      "wins": 180,
      "losses": 194,
      "no_fills": 72,
      "open": 0,
      "pnl": 441.49999999991996,
      "trading_pnl": 441.49999999991996,
      "bonus": 0.0,
      "closed_lots": 14.80999999999986,