{
  "rank": 7,
  "candidate_id": "bb3451562613809b",
  "filter_preset": "self_limit",
  "metrics": {
    "candidate_id": "bb3451562613809b",
    "filter_preset": "self_limit",
    "passes_recommendation_gate": false,
    "passes_dd": false,
    "passes_edge": true,
    "passes_consistency": true,
    "passes_oos": true,
    "score": 23540.20916666667,
    "fixed_no_bonus_profit": 22733.30999999989,
    "fixed_with_bonus_profit": 23392.83000000003,
    "bonus_contribution": 659.5200000001423,
    "concurrent_risk_max_dd_pct": 80.35331914063958,
    "risk_net_profit_with_bonus": 4252823723087.425,
    "stable_months": 16,
    "total_months": 18,
    "stable_fraction": 0.8888888888888888,
    "worst_month_pnl": -960.2000000000285,
    "oos_fixed_no_bonus_profit": 13331.290000000421
  },
  "monthly": [
    {
      "month": "2025-01",
      "signals": 446,
      "wins": 117,
      "losses": 84,
      "no_fills": 245,
      "open": 0,
      "pnl": -4.359999999981028,
      "trading_pnl": -4.359999999981028,
      "bonus": 0.0,
      "closed_lots": 6.979999999999998,
      "equity_start": 1000.0,
      "equity_end": 995.640000000019,
      "win_rate_pct": 58.2089552238806,
      "pnl_pct": -0.43599999999810285
    },
    {
      "month": "2025-02",
      "signals": 419,
      "wins": 141,
      "losses": 94,
      "no_fills": 183,
      "open": 0,
      "pnl": 347.5599999999072,
      "trading_pnl": 347.5599999999072,
      "bonus": 0.0,
      "closed_lots": 8.829999999999986,
      "equity_start": 995.640000000019,
      "equity_end": 1343.1999999999261,
      "win_rate_pct": 60.0,
      "pnl_pct": 34.908199750904
    },
    {
      "month": "2025-03",
      "signals": 446,
      "wins": 167,
      "losses": 91,
      "no_fills": 185,
      "open": 0,
      "pnl": 1214.5400000000272,
      "trading_pnl": 1214.5400000000272,
      "bonus": 0.0,
      "closed_lots": 9.599999999999968,
      "equity_start": 1343.1999999999261,
      "equity_end": 2557.7399999999534,
      "win_rate_pct": 64.72868217054264,
      "pnl_pct": 90.42138177487298
    },
    {
      "month": "2025-04",
      "signals": 459,
      "wins": 248,
      "losses": 108,
      "no_fills": 97,
      "open": 0,
      "pnl": 1669.3199999999715,
      "trading_pnl": 1669.3199999999715,
      "bonus": 0.0,
      "closed_lots": 13.929999999999875,
      "equity_start": 2557.7399999999534,
      "equity_end": 4273.299999999925,
      "win_rate_pct": 69.66292134831461,
      "pnl_pct": 65.26542963710158
    },
    {
      "month": "2025-05",
      "signals": 448,
      "wins": 211,
      "losses": 115,
      "no_fills": 117,
      "open": 0,
      "pnl": 434.89000000005217,
      "trading_pnl": 434.89000000005217,
      "bonus": 0.0,
      "closed_lots": 12.879999999999901,
      "equity_start": 4227.059999999923,
      "equity_end": 4661.949999999976,
      "win_rate_pct": 64.7239263803681,
      "pnl_pct": 10.288238160803493
    },
    {
      "month": "2025-06",
      "signals": 440,
      "wins": 195,
      "losses": 109,
      "no_fills": 136,
      "open": 0,
      "pnl": 222.22999999999774,
      "trading_pnl": 222.22999999999774,
      "bonus": 0.0,
      "closed_lots": 11.539999999999928,
      "equity_start": 4661.949999999976,
      "equity_end": 4884.179999999971,
      "win_rate_pct": 64.14473684210526,
      "pnl_pct": 4.766889391778094
    },
    {
      "month": "2025-07",
      "signals": 471,
      "wins": 127,
      "losses": 127,
      "no_fills": 217,
      "open": 0,
      "pnl": -960.2000000000285,
      "trading_pnl": -960.2000000000285,
      "bonus": 0.0,
      "closed_lots": 9.449999999999973,
      "equity_start": 4884.179999999971,
      "equity_end": 3931.6199999999462,
      "win_rate_pct": 50.0,
      "pnl_pct": -19.65939011256821
    },
    {
      "month": "2025-08",
      "signals": 454,
      "wins": 164,
      "losses": 112,
      "no_fills": 177,
      "open": 0,
      "pnl": 464.86999999989393,
      "trading_pnl": 464.86999999989393,
      "bonus": 0.0,
      "closed_lots": 10.259999999999954,
      "equity_start": 3923.979999999945,
      "equity_end": 4388.849999999846,
      "win_rate_pct": 59.42028985507246,
      "pnl_pct": 11.846900340977793
    },
    {
      "month": "2025-09",
      "signals": 469,
      "wins": 209,
      "losses": 111,
      "no_fills": 149,
      "open": 0,
      "pnl": 1468.8699999998917,
      "trading_pnl": 1468.8699999998917,
      "bonus": 0.0,
      "closed_lots": 12.019999999999918,
      "equity_start": 4388.849999999846,
      "equity_end": 5857.719999999735,
      "win_rate_pct": 65.3125,
      "pnl_pct": 33.468220604485076
    },
    {
      "month": "2025-10",
      "signals": 479,
      "wins": 267,
      "losses": 99,
      "no_fills": 102,
      "open": 0,
      "pnl": 2691.7299999998536,
      "trading_pnl": 2691.7299999998536,
      "bonus": 0.0,
      "closed_lots": 14.679999999999861,
      "equity_start": 5857.719999999735,
      "equity_end": 8549.449999999597,
      "win_rate_pct": 72.95081967213115,
      "pnl_pct": 45.951837916458544
    },
    {
      "month": "2025-11",
      "signals": 433,
      "wins": 240,
      "losses": 103,
      "no_fills": 90,
      "open": 0,
      "pnl": 922.239999999952,
      "trading_pnl": 922.239999999952,
      "bonus": 0.0,
      "closed_lots": 13.30999999999989,
      "equity_start": 8549.449999999597,
      "equity_end": 9471.689999999553,
      "win_rate_pct": 69.97084548104957,
      "pnl_pct": 10.787126657270298
    },
    {
      "month": "2025-12",
      "signals": 459,
      "wins": 245,
      "losses": 112,
      "no_fills": 97,
      "open": 0,
      "pnl": 930.3299999999517,
      "trading_pnl": 930.3299999999517,
      "bonus": 0.0,
      "closed_lots": 14.069999999999876,
      "equity_start": 9471.689999999553,
      "equity_end": 10402.019999999498,
      "win_rate_pct": 68.62745098039215,
      "pnl_pct": 9.82221757679987
    },
    {
      "month": "2026-01",
      "signals": 447,
      "wins": 264,
      "losses": 92,
      "no_fills": 78,
      "open": 0,
      "pnl": 2629.4799999999705,
      "trading_pnl": 2629.4799999999705,
      "bonus": 0.0,
      "closed_lots": 14.27999999999987,
      "equity_start": 10402.019999999498,
      "equity_end": 13031.499999999463,
      "win_rate_pct": 74.15730337078652,
      "pnl_pct": 25.278551665927363
    },
    {
      "month": "2026-02",
      "signals": 430,
      "wins": 255,
      "losses": 109,
      "no_fills": 42,
      "open": 0,
      "pnl": 3079.1900000000296,
      "trading_pnl": 3079.1900000000296,
      "bonus": 0.0,
      "closed_lots": 15.419999999999847,
      "equity_start": 13031.499999999463,
      "equity_end": 16110.689999999493,
      "win_rate_pct": 70.05494505494505,
      "pnl_pct": 23.628822468634894
    },
    {
      "month": "2026-03",
      "signals": 466,
      "wins": 294,
      "losses": 108,
      "no_fills": 47,
      "open": 0,
      "pnl": 3001.900000000139,
      "trading_pnl": 3001.900000000139,
      "bonus": 0.0,
      "closed_lots": 16.619999999999827,
      "equity_start": 16110.689999999493,
      "equity_end": 19204.98999999964,
      "win_rate_pct": 73.13432835820896,
      "pnl_pct": 18.63296978590137
    },
    {
      "month": "2026-04",
      "signals": 437,
      "wins": 263,
      "losses": 110,
      "no_fills": 58,
      "open": 0,
      "pnl": 1678.9600000001137,
      "trading_pnl": 1678.9600000001137,
      "bonus": 0.0,
      "closed_lots": 14.83999999999986,
      "equity_start": 19074.279999999635,
      "equity_end": 20807.709999999734,
      "win_rate_pct": 70.50938337801608,
      "pnl_pct": 8.802219533319978
    },
    {
      "month": "2026-05",
      "signals": 449,
      "wins": 270,
      "losses": 100,
      "no_fills": 73,
      "open": 0,
      "pnl": 1878.7000000000953,
      "trading_pnl": 1878.7000000000953,
      "bonus": 0.0,
      "closed_lots": 14.659999999999863,
      "equity_start": 20791.54999999973,