{
  "rank": 2,
  "candidate_id": "26d667c3ddd88f0d",
  "filter_preset": "self_limit",
  "metrics": {
    "candidate_id": "26d667c3ddd88f0d",
    "filter_preset": "self_limit",
    "passes_recommendation_gate": true,
    "passes_dd": true,
    "passes_edge": true,
    "passes_consistency": true,
    "passes_oos": true,
    "score": 16935.723888888286,
    "fixed_no_bonus_profit": 15250.15999999943,
    "fixed_with_bonus_profit": 15519.859999999306,
    "bonus_contribution": 269.6999999998752,
    "concurrent_risk_max_dd_pct": 38.92615843434224,
    "risk_net_profit_with_bonus": 8440771384820.041,
    "stable_months": 17,
    "total_months": 18,
    "stable_fraction": 0.9444444444444444,
    "worst_month_pnl": -239.90000000000464,
    "oos_fixed_no_bonus_profit": 10131.17999999974
  },
  "monthly": [
    {
      "month": "2025-01",
      "signals": 446,
      "wins": 79,
      "losses": 53,
      "no_fills": 314,
      "open": 0,
      "pnl": 141.30000000000427,
      "trading_pnl": 141.30000000000427,
      "bonus": 0.0,
      "closed_lots": 2.2000000000000006,
      "equity_start": 1000.0,
      "equity_end": 1141.3000000000043,
      "win_rate_pct": 59.84848484848485,
      "pnl_pct": 14.130000000000429
    },
    {
      "month": "2025-02",
      "signals": 419,
      "wins": 93,
      "losses": 84,
      "no_fills": 242,
      "open": 0,
      "pnl": 9.769999999962693,
      "trading_pnl": 9.769999999962693,
      "bonus": 0.0,
      "closed_lots": 3.180000000000001,
      "equity_start": 1141.3000000000043,
      "equity_end": 1151.069999999967,
      "win_rate_pct": 52.54237288135594,
      "pnl_pct": 0.8560413563447521
    },
    {
      "month": "2025-03",
      "signals": 446,
      "wins": 108,
      "losses": 77,
      "no_fills": 261,
      "open": 0,
      "pnl": 163.81000000002268,
      "trading_pnl": 163.81000000002268,
      "bonus": 0.0,
      "closed_lots": 3.209999999999998,
      "equity_start": 1151.069999999967,
      "equity_end": 1314.8799999999896,
      "win_rate_pct": 58.37837837837838,
      "pnl_pct": 14.231106709411884
    },
    {
      "month": "2025-04",
      "signals": 459,
      "wins": 202,
      "losses": 113,
      "no_fills": 143,
      "open": 0,
      "pnl": 1143.0200000000013,
      "trading_pnl": 1143.0200000000013,
      "bonus": 0.0,
      "closed_lots": 5.929999999999959,
      "equity_start": 1314.8799999999896,
      "equity_end": 2457.899999999991,
      "win_rate_pct": 64.12698412698413,
      "pnl_pct": 86.9296057434907
    },
    {
      "month": "2025-05",
      "signals": 448,
      "wins": 178,
      "losses": 98,
      "no_fills": 172,
      "open": 0,
      "pnl": 602.4700000000598,
      "trading_pnl": 602.4700000000598,
      "bonus": 0.0,
      "closed_lots": 5.159999999999975,
      "equity_start": 2457.899999999991,
      "equity_end": 3060.370000000051,
      "win_rate_pct": 64.4927536231884,
      "pnl_pct": 24.511574921683636
    },
    {
      "month": "2025-06",
      "signals": 440,
      "wins": 131,
      "losses": 112,
      "no_fills": 197,
      "open": 0,
      "pnl": 98.06999999999789,
      "trading_pnl": 98.06999999999789,
      "bonus": 0.0,
      "closed_lots": 4.499999999999989,
      "equity_start": 3060.370000000051,
      "equity_end": 3158.4400000000487,
      "win_rate_pct": 53.90946502057613,
      "pnl_pct": 3.204514486810296
    },
    {
      "month": "2025-07",
      "signals": 471,
      "wins": 92,
      "losses": 93,
      "no_fills": 286,
      "open": 0,
      "pnl": -239.90000000000464,
      "trading_pnl": -239.90000000000464,
      "bonus": 0.0,
      "closed_lots": 3.219999999999999,
      "equity_start": 3158.4400000000487,
      "equity_end": 2918.540000000044,
      "win_rate_pct": 49.72972972972973,
      "pnl_pct": -7.5955218398956745
    },
    {
      "month": "2025-08",
      "signals": 454,
      "wins": 104,
      "losses": 90,
      "no_fills": 260,
      "open": 0,
      "pnl": 103.77999999996518,
      "trading_pnl": 103.77999999996518,
      "bonus": 0.0,
      "closed_lots": 3.4299999999999966,
      "equity_start": 2918.540000000044,
      "equity_end": 3022.3200000000093,
      "win_rate_pct": 53.608247422680414,
      "pnl_pct": 3.555887532806253
    },
    {
      "month": "2025-09",
      "signals": 469,
      "wins": 144,
      "losses": 105,
      "no_fills": 220,
      "open": 0,
      "pnl": 554.489999999952,
      "trading_pnl": 554.489999999952,
      "bonus": 0.0,
      "closed_lots": 4.599999999999987,
      "equity_start": 3022.3200000000093,
      "equity_end": 3576.8099999999613,
      "win_rate_pct": 57.831325301204814,
      "pnl_pct": 18.346502024932846
    },
    {
      "month": "2025-10",
      "signals": 479,
      "wins": 202,
      "losses": 123,
      "no_fills": 154,
      "open": 0,
      "pnl": 1002.1399999999062,
      "trading_pnl": 1002.1399999999062,
      "bonus": 0.0,
      "closed_lots": 6.299999999999953,
      "equity_start": 3576.8099999999613,
      "equity_end": 4578.949999999864,
      "win_rate_pct": 62.153846153846146,
      "pnl_pct": 28.017702925229944
    },
    {
      "month": "2025-11",
      "signals": 433,
      "wins": 180,
      "losses": 113,
      "no_fills": 140,
      "open": 0,
      "pnl": 776.209999999915,
      "trading_pnl": 776.209999999915,
      "bonus": 0.0,
      "closed_lots": 5.5599999999999685,
      "equity_start": 4578.949999999864,
      "equity_end": 5355.159999999784,
      "win_rate_pct": 61.43344709897611,
      "pnl_pct": 16.951702901318818
    },
    {
      "month": "2025-12",
      "signals": 459,
      "wins": 197,
      "losses": 108,
      "no_fills": 154,
      "open": 0,
      "pnl": 763.819999999886,
      "trading_pnl": 763.819999999886,
      "bonus": 0.0,
      "closed_lots": 5.779999999999962,
      "equity_start": 5355.159999999784,
      "equity_end": 6118.97999999967,
      "win_rate_pct": 64.59016393442623,
      "pnl_pct": 14.263252638575072
    },
    {
      "month": "2026-01",
      "signals": 447,
      "wins": 216,
      "losses": 107,
      "no_fills": 123,
      "open": 0,
      "pnl": 1701.0599999999176,
      "trading_pnl": 1701.0599999999176,
      "bonus": 0.0,
      "closed_lots": 6.219999999999954,
      "equity_start": 6118.97999999967,
      "equity_end": 7820.039999999588,
      "win_rate_pct": 66.87306501547987,
      "pnl_pct": 27.799731327770466
    },
    {
      "month": "2026-02",
      "signals": 430,
      "wins": 226,
      "losses": 127,
      "no_fills": 77,
      "open": 0,
      "pnl": 2705.6799999999166,
      "trading_pnl": 2705.6799999999166,
      "bonus": 0.0,
      "closed_lots": 6.959999999999939,
      "equity_start": 7820.039999999588,
      "equity_end": 10525.71999999952,
      "win_rate_pct": 64.02266288951841,
      "pnl_pct": 34.59931151247384
    },
    {
      "month": "2026-03",
      "signals": 466,
      "wins": 250,
      "losses": 132,
      "no_fills": 84,
      "open": 0,
      "pnl": 2611.0999999999704,
      "trading_pnl": 2611.0999999999704,
      "bonus": 0.0,
      "closed_lots": 7.549999999999927,
      "equity_start": 10525.71999999952,
      "equity_end": 13136.819999999494,
      "win_rate_pct": 65.44502617801047,
      "pnl_pct": 24.806854067941096
    },
    {
      "month": "2026-04",
      "signals": 437,
      "wins": 213,
      "losses": 133,
      "no_fills": 91,
      "open": 0,
      "pnl": 1325.2399999999725,
      "trading_pnl": 1325.2399999999725,
      "bonus": 0.0,
      "closed_lots": 6.679999999999944,
      "equity_start": 13136.819999999494,
      "equity_end": 14462.059999999474,
      "win_rate_pct": 61.5606936416185,
      "pnl_pct": 10.087981718559162
    },
    {
      "month": "2026-05",
      "signals": 449,
      "wins": 215,
      "losses": 128,
      "no_fills": 106,
      "open": 0,
      "pnl": 1225.6899999999632,
      "trading_pnl": 1225.6899999999632,
      "bonus": 0.0,
      "closed_lots": 6.589999999999947,